{
  "name": "Google Workspace MFA Disabled",
  "short_desc": "Detects when multi-factor authentication (MFA) is disabled.",
  "long_desc": "Detects when multi-factor authentication (MFA) is disabled.\n\nMITRE ATT&CK:\n  Tactics: Impact\n\nReferences:\n  - https://cloud.google.com/logging/docs/audit/gsuite-audit-logging#3\n  - https://developers.google.com/admin-sdk/reports/v1/appendix/activity/admin-security-settings#ENFORCE_STRONG_AUTHENTICATION\n  - https://developers.google.com/admin-sdk/reports/v1/appendix/activity/admin-security-settings?hl=en#ALLOW_STRONG_AUTHENTICATION\n\nFalse Positives:\n  - MFA may be disabled and performed by a system administrator.\n\nAuthor: Austin Songer\nCreated: 2021-08-26\nModified: 2023-10-11",
  "risk_rating": 5,
  "alarm_enabled": true,
  "rule_enabled": false,
  "blocks": [
    {
      "block_type": "LogObservedRuleBlock",
      "msg_filters": [
        {
          "msg_filter_type": 1,
          "field_filters": [
            {
              "filter_type": 112,
              "filter_type_name": "Command",
              "operator": 0,
              "operator_name": "Value",
              "filter_mode": 1,
              "field_operator": "And",
              "values": [
                "admin.googleapis.com"
              ]
            },
            {
              "filter_type": 112,
              "filter_type_name": "Command",
              "operator": 0,
              "operator_name": "Value",
              "filter_mode": 1,
              "field_operator": "And",
              "values": [
                "ENFORCE_STRONG_AUTHENTICATION",
                "ALLOW_STRONG_AUTHENTICATION"
              ]
            }
          ]
        },
        {
          "msg_filter_type": 1,
          "field_filters": [
            {
              "filter_type": 112,
              "filter_type_name": "Command",
              "operator": 0,
              "operator_name": "Value",
              "filter_mode": 1,
              "field_operator": "And",
              "values": [
                "false"
              ]
            }
          ]
        }
      ],
      "group_by_fields": [
        17
      ]
    }
  ]
}