{
  "name": "Google Workspace User Granted Admin Privileges",
  "short_desc": "Detects when an Google Workspace user is granted admin privileges.",
  "long_desc": "Detects when an Google Workspace user is granted admin privileges.\n\nMITRE ATT&CK:\n  Tactics: Persistence\n  Techniques: T1098\n\nReferences:\n  - https://cloud.google.com/logging/docs/audit/gsuite-audit-logging#3\n  - https://developers.google.com/admin-sdk/reports/v1/appendix/activity/admin-user-settings#GRANT_ADMIN_PRIVILEGE\n\nFalse Positives:\n  - Google Workspace admin role privileges, may be modified by system administrators.\n\nAuthor: Austin Songer\nCreated: 2021-08-23\nModified: 2023-10-11",
  "risk_rating": 5,
  "alarm_enabled": true,
  "rule_enabled": false,
  "blocks": [
    {
      "block_type": "LogObservedRuleBlock",
      "msg_filters": [
        {
          "msg_filter_type": 1,
          "field_filters": [
            {
              "filter_type": 112,
              "filter_type_name": "Command",
              "operator": 0,
              "operator_name": "Value",
              "filter_mode": 1,
              "field_operator": "And",
              "values": [
                "admin.googleapis.com"
              ]
            },
            {
              "filter_type": 112,
              "filter_type_name": "Command",
              "operator": 0,
              "operator_name": "Value",
              "filter_mode": 1,
              "field_operator": "Or",
              "values": [
                "GRANT_DELEGATED_ADMIN_PRIVILEGES",
                "GRANT_ADMIN_PRIVILEGE"
              ]
            }
          ]
        }
      ],
      "group_by_fields": [
        17
      ]
    }
  ]
}