{
  "name": "Google Workspace Role Modified or Deleted",
  "short_desc": "Detects when an a role is modified or deleted in Google Workspace.",
  "long_desc": "Detects when an a role is modified or deleted in Google Workspace.\n\nMITRE ATT&CK:\n  Tactics: Impact\n\nReferences:\n  - https://cloud.google.com/logging/docs/audit/gsuite-audit-logging#3\n  - https://developers.google.com/admin-sdk/reports/v1/appendix/activity/admin-delegated-admin-settings\n\nFalse Positives:\n  - Unknown\n\nAuthor: Austin Songer\nCreated: 2021-08-24\nModified: 2023-10-11",
  "risk_rating": 5,
  "alarm_enabled": true,
  "rule_enabled": false,
  "blocks": [
    {
      "block_type": "LogObservedRuleBlock",
      "msg_filters": [
        {
          "msg_filter_type": 1,
          "field_filters": [
            {
              "filter_type": 112,
              "filter_type_name": "Command",
              "operator": 0,
              "operator_name": "Value",
              "filter_mode": 1,
              "field_operator": "And",
              "values": [
                "admin.googleapis.com"
              ]
            },
            {
              "filter_type": 112,
              "filter_type_name": "Command",
              "operator": 0,
              "operator_name": "Value",
              "filter_mode": 1,
              "field_operator": "Or",
              "values": [
                "DELETE_ROLE",
                "RENAME_ROLE",
                "UPDATE_ROLE"
              ]
            }
          ]
        }
      ],
      "group_by_fields": [
        17
      ]
    }
  ]
}