{
  "name": "Google Workspace Application Access Level Modified",
  "short_desc": "Detects when an access level is changed for a Google workspace application.\nAn access level is part of BeyondCorp Enterprise which is Google Workspace's way of enforcing Zero Trust model.\nAn adversary would be able to remove access levels to gain easier a",
  "long_desc": "Detects when an access level is changed for a Google workspace application.\nAn access level is part of BeyondCorp Enterprise which is Google Workspace's way of enforcing Zero Trust model.\nAn adversary would be able to remove access levels to gain easier access to Google workspace resources.\n\n\nMITRE ATT&CK:\n  Tactics: Persistence, Privilege Escalation\n  Techniques: T1098.003\n\nReferences:\n  - https://developers.google.com/admin-sdk/reports/v1/appendix/activity/admin-application-settings\n  - https://support.google.com/a/answer/9261439\n\nFalse Positives:\n  - Legitimate administrative activities changing the access levels for an application\n\nAuthor: Bryan Lim\nCreated: 2024-01-12",
  "risk_rating": 5,
  "alarm_enabled": true,
  "rule_enabled": false,
  "blocks": [
    {
      "block_type": "LogObservedRuleBlock",
      "msg_filters": [
        {
          "msg_filter_type": 1,
          "field_filters": [
            {
              "filter_type": 112,
              "filter_type_name": "Command",
              "operator": 0,
              "operator_name": "Value",
              "filter_mode": 1,
              "field_operator": "And",
              "values": [
                "admin.googleapis.com"
              ]
            },
            {
              "filter_type": 112,
              "filter_type_name": "Command",
              "operator": 0,
              "operator_name": "Value",
              "filter_mode": 1,
              "field_operator": "Or",
              "values": [
                "CHANGE_APPLICATION_SETTING"
              ]
            },
            {
              "filter_type": 112,
              "filter_type_name": "Command",
              "operator": 2,
              "operator_name": "Regex",
              "filter_mode": 1,
              "field_operator": "Or",
              "values": [
                "^ContextAwareAccess"
              ]
            }
          ]
        }
      ],
      "group_by_fields": [
        17
      ]
    }
  ]
}