{
  "name": "Communication To LocaltoNet Tunneling Service Initiated - Linux",
  "short_desc": "Detects an executable initiating a network connection to \"LocaltoNet\" tunneling sub-domains.\nLocaltoNet is a reverse proxy that enables localhost services to be exposed to the Internet.\nAttackers have been seen to use this service for command-and-control ",
  "long_desc": "Detects an executable initiating a network connection to \"LocaltoNet\" tunneling sub-domains.\nLocaltoNet is a reverse proxy that enables localhost services to be exposed to the Internet.\nAttackers have been seen to use this service for command-and-control activities to bypass MFA and perimeter controls.\n\n\nMITRE ATT&CK:\n  Tactics: Command And Control\n  Techniques: T1572, T1090, T1102\n\nReferences:\n  - https://localtonet.com/documents/supported-tunnels\n  - https://cloud.google.com/blog/topics/threat-intelligence/unc3944-targets-saas-applications\n\nFalse Positives:\n  - Legitimate use of the LocaltoNet service.\n\nAuthor: Andreas Braathen (mnemonic.io)\nCreated: 2024-06-17",
  "risk_rating": 7,
  "alarm_enabled": true,
  "rule_enabled": false,
  "blocks": [
    {
      "block_type": "LogObservedRuleBlock",
      "msg_filters": [
        {
          "msg_filter_type": 1,
          "field_filters": [
            {
              "filter_type": 25,
              "filter_type_name": "DHostName",
              "operator": 2,
              "operator_name": "Regex",
              "filter_mode": 1,
              "field_operator": "And",
              "values": [
                "\\\\.localto\\\\.net$",
                "\\\\.localtonet\\\\.com$"
              ]
            },
            {
              "filter_type": 112,
              "filter_type_name": "Command",
              "operator": 0,
              "operator_name": "Value",
              "filter_mode": 1,
              "field_operator": "Or",
              "values": [
                "true"
              ]
            }
          ]
        }
      ],
      "group_by_fields": [
        16
      ]
    }
  ]
}