{
  "name": "Linux Crypto Mining Pool Connections",
  "short_desc": "Detects process connections to a Monero crypto mining pool",
  "long_desc": "Detects process connections to a Monero crypto mining pool\n\nMITRE ATT&CK:\n  Tactics: Impact\n  Techniques: T1496\n\nReferences:\n  - https://www.poolwatch.io/coin/monero\n\nFalse Positives:\n  - Legitimate use of crypto miners\n\nAuthor: Florian Roth (Nextron Systems)\nCreated: 2021-10-26",
  "risk_rating": 7,
  "alarm_enabled": true,
  "rule_enabled": false,
  "blocks": [
    {
      "block_type": "LogObservedRuleBlock",
      "msg_filters": [
        {
          "msg_filter_type": 1,
          "field_filters": [
            {
              "filter_type": 25,
              "filter_type_name": "DHostName",
              "operator": 0,
              "operator_name": "Value",
              "filter_mode": 1,
              "field_operator": "And",
              "values": [
                "pool.minexmr.com",
                "fr.minexmr.com",
                "de.minexmr.com",
                "sg.minexmr.com",
                "ca.minexmr.com",
                "us-west.minexmr.com",
                "pool.supportxmr.com",
                "mine.c3pool.com",
                "xmr-eu1.nanopool.org",
                "xmr-eu2.nanopool.org",
                "xmr-us-east1.nanopool.org",
                "xmr-us-west1.nanopool.org",
                "xmr-asia1.nanopool.org",
                "xmr-jp1.nanopool.org",
                "xmr-au1.nanopool.org",
                "xmr.2miners.com",
                "xmr.hashcity.org",
                "xmr.f2pool.com",
                "xmrpool.eu",
                "pool.hashvault.pro",
                "moneroocean.stream",
                "monerocean.stream"
              ]
            }
          ]
        }
      ],
      "group_by_fields": [
        16
      ]
    }
  ]
}