{
  "name": "Communication To Ngrok Tunneling Service - Linux",
  "short_desc": "Detects an executable accessing an ngrok tunneling endpoint, which could be a sign of forbidden exfiltration of data exfiltration by malicious actors",
  "long_desc": "Detects an executable accessing an ngrok tunneling endpoint, which could be a sign of forbidden exfiltration of data exfiltration by malicious actors\n\nMITRE ATT&CK:\n  Tactics: Exfiltration, Command And Control, S0508\n  Techniques: T1567, T1568.002, T1572, T1090, T1102\n\nReferences:\n  - https://twitter.com/hakluke/status/1587733971814977537/photo/1\n  - https://ngrok.com/docs/secure-tunnels/tunnels/ssh-reverse-tunnel-agent\n\nFalse Positives:\n  - Legitimate use of ngrok\n\nAuthor: Florian Roth (Nextron Systems)\nCreated: 2022-11-03",
  "risk_rating": 7,
  "alarm_enabled": true,
  "rule_enabled": false,
  "blocks": [
    {
      "block_type": "LogObservedRuleBlock",
      "msg_filters": [
        {
          "msg_filter_type": 1,
          "field_filters": [
            {
              "filter_type": 25,
              "filter_type_name": "DHostName",
              "operator": 2,
              "operator_name": "Regex",
              "filter_mode": 1,
              "field_operator": "And",
              "values": [
                "tunnel\\\\.us\\\\.ngrok\\\\.com",
                "tunnel\\\\.eu\\\\.ngrok\\\\.com",
                "tunnel\\\\.ap\\\\.ngrok\\\\.com",
                "tunnel\\\\.au\\\\.ngrok\\\\.com",
                "tunnel\\\\.sa\\\\.ngrok\\\\.com",
                "tunnel\\\\.jp\\\\.ngrok\\\\.com",
                "tunnel\\\\.in\\\\.ngrok\\\\.com"
              ]
            }
          ]
        }
      ],
      "group_by_fields": [
        16
      ]
    }
  ]
}