{
  "name": "Cisco Duo Successful MFA Authentication Via Bypass Code",
  "short_desc": "Detects when a successful MFA authentication occurs due to the use of a bypass code.\nA bypass code is a temporary passcode created by an administrator for a specific user to access a Duo-protected application. These are generally used as \"backup codes,\" s",
  "long_desc": "Detects when a successful MFA authentication occurs due to the use of a bypass code.\nA bypass code is a temporary passcode created by an administrator for a specific user to access a Duo-protected application. These are generally used as \"backup codes,\" so that enrolled users who are having problems with their mobile devices (e.g., mobile service is disrupted, the device is lost or stolen, etc.) or who temporarily can't use their enrolled devices (on a plane without mobile data services) can still access their Duo-protected systems.\n\n\nMITRE ATT&CK:\n  Tactics: Credential Access, Defense Evasion, Initial Access\n\nReferences:\n  - https://duo.com/docs/adminapi#logs\n  - https://help.duo.com/s/article/6327?language=en_US\n\nFalse Positives:\n  - Legitimate user that was assigned on purpose to a bypass group\n\nAuthor: Nikita Khalimonenkov\nCreated: 2024-04-17",
  "risk_rating": 5,
  "alarm_enabled": true,
  "rule_enabled": false,
  "blocks": [
    {
      "block_type": "LogObservedRuleBlock",
      "msg_filters": [
        {
          "msg_filter_type": 1,
          "field_filters": [
            {
              "filter_type": 112,
              "filter_type_name": "Command",
              "operator": 0,
              "operator_name": "Value",
              "filter_mode": 1,
              "field_operator": "And",
              "values": [
                "authentication"
              ]
            },
            {
              "filter_type": 112,
              "filter_type_name": "Command",
              "operator": 0,
              "operator_name": "Value",
              "filter_mode": 1,
              "field_operator": "Or",
              "values": [
                "bypass_user"
              ]
            }
          ]
        }
      ],
      "group_by_fields": [
        17
      ]
    }
  ]
}