{
  "name": "Kubernetes Unauthorized or Unauthenticated Access",
  "short_desc": "Detects when a request to the Kubernetes API is rejected due to lack of authorization or due to an expired authentication token being used.\nThis may indicate an attacker attempting to leverage credentials they have obtained.\n",
  "long_desc": "Detects when a request to the Kubernetes API is rejected due to lack of authorization or due to an expired authentication token being used.\nThis may indicate an attacker attempting to leverage credentials they have obtained.\n\n\nMITRE ATT&CK:\n  Tactics: Privilege Escalation\n\nReferences:\n  - https://kubernetes.io/docs/reference/config-api/apiserver-audit.v1/\n  - https://www.datadoghq.com/blog/monitor-kubernetes-audit-logs/#monitor-api-authentication-issues\n\nFalse Positives:\n  - A misconfigured RBAC policy, a mistake by a valid user, or a wider issue with authentication tokens can also generate these errors.\n\nAuthor: kelnage\nCreated: 2024-04-12",
  "risk_rating": 3,
  "alarm_enabled": true,
  "rule_enabled": false,
  "blocks": [
    {
      "block_type": "LogObservedRuleBlock",
      "msg_filters": [
        {
          "msg_filter_type": 1,
          "field_filters": [
            {
              "filter_type": 112,
              "filter_type_name": "Command",
              "operator": 0,
              "operator_name": "Value",
              "filter_mode": 1,
              "field_operator": "And",
              "values": [
                401,
                403
              ]
            }
          ]
        }
      ],
      "group_by_fields": [
        17
      ]
    }
  ]
}