{
  "name": "Container With A hostPath Mount Created",
  "short_desc": "Detects creation of a container with a hostPath mount.\nA hostPath volume mounts a directory or a file from the node to the container.\nAttackers who have permissions to create a new pod in the cluster may create one with a writable hostPath volume and chro",
  "long_desc": "Detects creation of a container with a hostPath mount.\nA hostPath volume mounts a directory or a file from the node to the container.\nAttackers who have permissions to create a new pod in the cluster may create one with a writable hostPath volume and chroot to escape to the underlying node.\n\n\nMITRE ATT&CK:\n  Tactics: Privilege Escalation\n  Techniques: T1611\n\nReferences:\n  - https://microsoft.github.io/Threat-Matrix-for-Kubernetes/techniques/Writable%20hostPath%20mount/\n  - https://blog.appsecco.com/kubernetes-namespace-breakout-using-insecure-host-path-volume-part-1-b382f2a6e216\n\nFalse Positives:\n  - The DaemonSet controller creates pods with hostPath volumes within the kube-system namespace.\n\nAuthor: Leo Tsaousis (@laripping)\nCreated: 2024-03-26",
  "risk_rating": 3,
  "alarm_enabled": true,
  "rule_enabled": false,
  "blocks": [
    {
      "block_type": "LogObservedRuleBlock",
      "msg_filters": [
        {
          "msg_filter_type": 1,
          "field_filters": [
            {
              "filter_type": 112,
              "filter_type_name": "Command",
              "operator": 0,
              "operator_name": "Value",
              "filter_mode": 1,
              "field_operator": "And",
              "values": [
                "create"
              ]
            },
            {
              "filter_type": 112,
              "filter_type_name": "Command",
              "operator": 0,
              "operator_name": "Value",
              "filter_mode": 1,
              "field_operator": "Or",
              "values": [
                "pods"
              ]
            },
            {
              "filter_type": 112,
              "filter_type_name": "Command",
              "operator": 0,
              "operator_name": "Value",
              "filter_mode": 1,
              "field_operator": "Or",
              "values": [
                ".*"
              ]
            }
          ]
        }
      ],
      "group_by_fields": [
        17
      ]
    }
  ]
}