{
  "name": "Potential Remote Command Execution In Pod Container",
  "short_desc": "Detects attempts to execute remote commands, within a Pod's container using e.g. the \"kubectl exec\" command.\n",
  "long_desc": "Detects attempts to execute remote commands, within a Pod's container using e.g. the \"kubectl exec\" command.\n\n\nMITRE ATT&CK:\n  Tactics: Execution\n  Techniques: T1609\n\nReferences:\n  - https://microsoft.github.io/Threat-Matrix-for-Kubernetes/techniques/Exec%20into%20container/\n\nFalse Positives:\n  - Legitimate debugging activity. Investigate the identity performing the requests and their authorization.\n\nAuthor: Leo Tsaousis (@laripping)\nCreated: 2024-03-26",
  "risk_rating": 5,
  "alarm_enabled": true,
  "rule_enabled": false,
  "blocks": [
    {
      "block_type": "LogObservedRuleBlock",
      "msg_filters": [
        {
          "msg_filter_type": 1,
          "field_filters": [
            {
              "filter_type": 112,
              "filter_type_name": "Command",
              "operator": 0,
              "operator_name": "Value",
              "filter_mode": 1,
              "field_operator": "And",
              "values": [
                "create"
              ]
            },
            {
              "filter_type": 112,
              "filter_type_name": "Command",
              "operator": 0,
              "operator_name": "Value",
              "filter_mode": 1,
              "field_operator": "Or",
              "values": [
                "pods"
              ]
            },
            {
              "filter_type": 112,
              "filter_type_name": "Command",
              "operator": 0,
              "operator_name": "Value",
              "filter_mode": 1,
              "field_operator": "Or",
              "values": [
                "exec"
              ]
            }
          ]
        }
      ],
      "group_by_fields": [
        17
      ]
    }
  ]
}