{
  "name": "New Kubernetes Service Account Created",
  "short_desc": "Detects creation of new Kubernetes service account, which could indicate an attacker's attempt to persist within a cluster.\n",
  "long_desc": "Detects creation of new Kubernetes service account, which could indicate an attacker's attempt to persist within a cluster.\n\n\nMITRE ATT&CK:\n  Tactics: Persistence\n  Techniques: T1136\n\nReferences:\n  - https://microsoft.github.io/Threat-Matrix-for-Kubernetes/techniques/container%20service%20account/\n\nFalse Positives:\n  - Unknown\n\nAuthor: Leo Tsaousis (@laripping)\nCreated: 2024-03-26",
  "risk_rating": 3,
  "alarm_enabled": true,
  "rule_enabled": false,
  "blocks": [
    {
      "block_type": "LogObservedRuleBlock",
      "msg_filters": [
        {
          "msg_filter_type": 1,
          "field_filters": [
            {
              "filter_type": 112,
              "filter_type_name": "Command",
              "operator": 0,
              "operator_name": "Value",
              "filter_mode": 1,
              "field_operator": "And",
              "values": [
                "create"
              ]
            },
            {
              "filter_type": 112,
              "filter_type_name": "Command",
              "operator": 0,
              "operator_name": "Value",
              "filter_mode": 1,
              "field_operator": "Or",
              "values": [
                "serviceaccounts"
              ]
            }
          ]
        }
      ],
      "group_by_fields": [
        17
      ]
    }
  ]
}