{
  "name": "Privileged Container Deployed",
  "short_desc": "Detects the creation of a \"privileged\" container, an action which could be indicative of a threat actor mounting a container breakout attacks.\nA privileged container is a container that can access the host with all of the root capabilities of the host mac",
  "long_desc": "Detects the creation of a \"privileged\" container, an action which could be indicative of a threat actor mounting a container breakout attacks.\nA privileged container is a container that can access the host with all of the root capabilities of the host machine. This allows it to view, interact and modify processes, network operations, IPC calls, the file system, mount points, SELinux configurations etc. as the root user on the host.\nVarious versions of \"privileged\" containers can be specified, e.g. by setting the securityContext.privileged flag in the resource specification, setting non-standard Linux capabilities, or configuring the hostNetwork/hostPID fields\n\n\nMITRE ATT&CK:\n  Tactics: Privilege Escalation\n  Techniques: T1611\n\nReferences:\n  - https://microsoft.github.io/Threat-Matrix-for-Kubernetes/techniques/Privileged%20container/\n  - https://docs.aws.amazon.com/guardduty/latest/ug/guardduty_finding-types-kubernetes.html#privilegeescalation-kubernetes-privilegedcontainer\n  - https://www.elastic.co/guide/en/security/current/kubernetes-pod-created-with-hostnetwork.html\n  - https://www.elastic.co/guide/en/security/current/kubernetes-container-created-with-excessive-linux-capabilities.html\n\nFalse Positives:\n  - Unknown\n\nAuthor: Leo Tsaousis (@laripping)\nCreated: 2024-03-26",
  "risk_rating": 3,
  "alarm_enabled": true,
  "rule_enabled": false,
  "blocks": [
    {
      "block_type": "LogObservedRuleBlock",
      "msg_filters": [
        {
          "msg_filter_type": 1,
          "field_filters": [
            {
              "filter_type": 112,
              "filter_type_name": "Command",
              "operator": 0,
              "operator_name": "Value",
              "filter_mode": 1,
              "field_operator": "And",
              "values": [
                "create"
              ]
            },
            {
              "filter_type": 112,
              "filter_type_name": "Command",
              "operator": 0,
              "operator_name": "Value",
              "filter_mode": 1,
              "field_operator": "Or",
              "values": [
                "pods"
              ]
            },
            {
              "filter_type": 112,
              "filter_type_name": "Command",
              "operator": 0,
              "operator_name": "Value",
              "filter_mode": 1,
              "field_operator": "Or",
              "values": [
                ".*"
              ]
            }
          ]
        }
      ],
      "group_by_fields": [
        17
      ]
    }
  ]
}