{
  "name": "Kubernetes Events Deleted",
  "short_desc": "Detects when events are deleted in Kubernetes.\nAn adversary may delete Kubernetes events in an attempt to evade detection.\n",
  "long_desc": "Detects when events are deleted in Kubernetes.\nAn adversary may delete Kubernetes events in an attempt to evade detection.\n\n\nMITRE ATT&CK:\n  Tactics: Defense Evasion\n  Techniques: T1070\n\nReferences:\n  - https://microsoft.github.io/Threat-Matrix-for-Kubernetes/techniques/Delete%20K8S%20events/\n\nFalse Positives:\n  - Unknown\n\nAuthor: Leo Tsaousis (@laripping)\nCreated: 2024-03-26",
  "risk_rating": 5,
  "alarm_enabled": true,
  "rule_enabled": false,
  "blocks": [
    {
      "block_type": "LogObservedRuleBlock",
      "msg_filters": [
        {
          "msg_filter_type": 1,
          "field_filters": [
            {
              "filter_type": 112,
              "filter_type_name": "Command",
              "operator": 0,
              "operator_name": "Value",
              "filter_mode": 1,
              "field_operator": "And",
              "values": [
                "delete"
              ]
            },
            {
              "filter_type": 112,
              "filter_type_name": "Command",
              "operator": 0,
              "operator_name": "Value",
              "filter_mode": 1,
              "field_operator": "Or",
              "values": [
                "events"
              ]
            }
          ]
        }
      ],
      "group_by_fields": [
        17
      ]
    }
  ]
}