{
  "name": "Kubernetes CronJob/Job Modification",
  "short_desc": "Detects when a Kubernetes CronJob or Job is created or modified.\nA Kubernetes Job creates one or more pods to accomplish a specific task, and a CronJob creates Jobs on a recurring schedule.\nAn adversary can take advantage of this Kubernetes object to sche",
  "long_desc": "Detects when a Kubernetes CronJob or Job is created or modified.\nA Kubernetes Job creates one or more pods to accomplish a specific task, and a CronJob creates Jobs on a recurring schedule.\nAn adversary can take advantage of this Kubernetes object to schedule Jobs to run containers that execute malicious code within a cluster, allowing them to achieve persistence.\n\n\nMITRE ATT&CK:\n  Tactics: Persistence, Privilege Escalation, Execution\n\nReferences:\n  - https://kubernetes.io/docs/reference/config-api/apiserver-audit.v1/\n  - https://www.redhat.com/en/blog/protecting-kubernetes-against-mitre-attck-persistence#technique-33-kubernetes-cronjob\n\nFalse Positives:\n  - Modifying a Kubernetes Job or CronJob may need to be done by a system administrator.\n  - Automated processes may need to take these actions and may need to be filtered.\n\nAuthor: kelnage\nCreated: 2024-07-11",
  "risk_rating": 5,
  "alarm_enabled": true,
  "rule_enabled": false,
  "blocks": [
    {
      "block_type": "LogObservedRuleBlock",
      "msg_filters": [
        {
          "msg_filter_type": 1,
          "field_filters": [
            {
              "filter_type": 112,
              "filter_type_name": "Command",
              "operator": 0,
              "operator_name": "Value",
              "filter_mode": 1,
              "field_operator": "And",
              "values": [
                "batch"
              ]
            },
            {
              "filter_type": 112,
              "filter_type_name": "Command",
              "operator": 0,
              "operator_name": "Value",
              "filter_mode": 1,
              "field_operator": "Or",
              "values": [
                "cronjobs",
                "jobs"
              ]
            },
            {
              "filter_type": 112,
              "filter_type_name": "Command",
              "operator": 0,
              "operator_name": "Value",
              "filter_mode": 1,
              "field_operator": "Or",
              "values": [
                "create",
                "delete",
                "patch",
                "replace",
                "update"
              ]
            }
          ]
        }
      ],
      "group_by_fields": [
        17
      ]
    }
  ]
}