{
  "name": "RBAC Permission Enumeration Attempt",
  "short_desc": "Detects identities attempting to enumerate their Kubernetes RBAC permissions.\nIn the early stages of a breach, attackers will aim to list the permissions they have within the compromised environment.\nIn a Kubernetes cluster, this can be achieved by intera",
  "long_desc": "Detects identities attempting to enumerate their Kubernetes RBAC permissions.\nIn the early stages of a breach, attackers will aim to list the permissions they have within the compromised environment.\nIn a Kubernetes cluster, this can be achieved by interacting with the API server, and querying the SelfSubjectAccessReview API via e.g. a \"kubectl auth can-i --list\" command.\nThis will enumerate the Role-Based Access Controls (RBAC) rules defining the compromised user's authorization.\n\n\nMITRE ATT&CK:\n  Tactics: Discovery\n  Techniques: T1069.003, T1087.004\n\nReferences:\n  - https://www.elastic.co/guide/en/security/current/kubernetes-suspicious-self-subject-review.html\n\nFalse Positives:\n  - Unknown\n\nAuthor: Leo Tsaousis (@laripping)\nCreated: 2024-03-26",
  "risk_rating": 3,
  "alarm_enabled": true,
  "rule_enabled": false,
  "blocks": [
    {
      "block_type": "LogObservedRuleBlock",
      "msg_filters": [
        {
          "msg_filter_type": 1,
          "field_filters": [
            {
              "filter_type": 112,
              "filter_type_name": "Command",
              "operator": 0,
              "operator_name": "Value",
              "filter_mode": 1,
              "field_operator": "And",
              "values": [
                "create"
              ]
            },
            {
              "filter_type": 112,
              "filter_type_name": "Command",
              "operator": 0,
              "operator_name": "Value",
              "filter_mode": 1,
              "field_operator": "Or",
              "values": [
                "authorization.k8s.io"
              ]
            },
            {
              "filter_type": 112,
              "filter_type_name": "Command",
              "operator": 0,
              "operator_name": "Value",
              "filter_mode": 1,
              "field_operator": "Or",
              "values": [
                "selfsubjectrulesreviews"
              ]
            }
          ]
        }
      ],
      "group_by_fields": [
        17
      ]
    }
  ]
}