{
  "name": "Kubernetes Rolebinding Modification",
  "short_desc": "Detects when a Kubernetes Rolebinding is created or modified.\n",
  "long_desc": "Detects when a Kubernetes Rolebinding is created or modified.\n\n\nMITRE ATT&CK:\n  Tactics: Privilege Escalation\n\nReferences:\n  - https://kubernetes.io/docs/reference/config-api/apiserver-audit.v1/\n  - https://medium.com/@seifeddinerajhi/kubernetes-rbac-privilege-escalation-exploits-and-mitigations-26c07629eeab\n\nFalse Positives:\n  - Modifying a Kubernetes Rolebinding may need to be done by a system administrator.\n  - Automated processes may need to take these actions and may need to be filtered.\n\nAuthor: kelnage\nCreated: 2024-07-11",
  "risk_rating": 5,
  "alarm_enabled": true,
  "rule_enabled": false,
  "blocks": [
    {
      "block_type": "LogObservedRuleBlock",
      "msg_filters": [
        {
          "msg_filter_type": 1,
          "field_filters": [
            {
              "filter_type": 112,
              "filter_type_name": "Command",
              "operator": 0,
              "operator_name": "Value",
              "filter_mode": 1,
              "field_operator": "And",
              "values": [
                "rbac.authorization.k8s.io"
              ]
            },
            {
              "filter_type": 112,
              "filter_type_name": "Command",
              "operator": 0,
              "operator_name": "Value",
              "filter_mode": 1,
              "field_operator": "Or",
              "values": [
                "clusterrolebindings",
                "rolebindings"
              ]
            },
            {
              "filter_type": 112,
              "filter_type_name": "Command",
              "operator": 0,
              "operator_name": "Value",
              "filter_mode": 1,
              "field_operator": "Or",
              "values": [
                "create",
                "delete",
                "patch",
                "replace",
                "update"
              ]
            }
          ]
        }
      ],
      "group_by_fields": [
        17
      ]
    }
  ]
}