{
  "name": "Kubernetes Admission Controller Modification",
  "short_desc": "Detects when a modification (create, update or replace) action is taken that affects mutating or validating webhook configurations, as they can be used by an adversary to achieve persistence or exfiltrate access credentials.\n",
  "long_desc": "Detects when a modification (create, update or replace) action is taken that affects mutating or validating webhook configurations, as they can be used by an adversary to achieve persistence or exfiltrate access credentials.\n\n\nMITRE ATT&CK:\n  Tactics: Persistence, Credential Access\n  Techniques: T1078, T1552, T1552.007\n\nReferences:\n  - https://kubernetes.io/docs/reference/config-api/apiserver-audit.v1/\n  - https://security.padok.fr/en/blog/kubernetes-webhook-attackers\n\nFalse Positives:\n  - Modifying the Kubernetes Admission Controller may need to be done by a system administrator.\n  - Automated processes may need to take these actions and may need to be filtered.\n\nAuthor: kelnage\nCreated: 2024-07-11",
  "risk_rating": 5,
  "alarm_enabled": true,
  "rule_enabled": false,
  "blocks": [
    {
      "block_type": "LogObservedRuleBlock",
      "msg_filters": [
        {
          "msg_filter_type": 1,
          "field_filters": [
            {
              "filter_type": 112,
              "filter_type_name": "Command",
              "operator": 0,
              "operator_name": "Value",
              "filter_mode": 1,
              "field_operator": "And",
              "values": [
                "admissionregistration.k8s.io"
              ]
            },
            {
              "filter_type": 112,
              "filter_type_name": "Command",
              "operator": 0,
              "operator_name": "Value",
              "filter_mode": 1,
              "field_operator": "Or",
              "values": [
                "mutatingwebhookconfigurations",
                "validatingwebhookconfigurations"
              ]
            },
            {
              "filter_type": 112,
              "filter_type_name": "Command",
              "operator": 0,
              "operator_name": "Value",
              "filter_mode": 1,
              "field_operator": "Or",
              "values": [
                "create",
                "delete",
                "patch",
                "replace",
                "update"
              ]
            }
          ]
        }
      ],
      "group_by_fields": [
        17
      ]
    }
  ]
}