{
  "name": "Kubernetes Secrets Enumeration",
  "short_desc": "Detects enumeration of Kubernetes secrets.",
  "long_desc": "Detects enumeration of Kubernetes secrets.\n\nMITRE ATT&CK:\n  Tactics: Credential Access\n  Techniques: T1552.007\n\nReferences:\n  - https://microsoft.github.io/Threat-Matrix-for-Kubernetes/techniques/List%20K8S%20secrets/\n\nFalse Positives:\n  - The Kubernetes dashboard occasionally accesses the kubernetes-dashboard-key-holder secret\n\nAuthor: Leo Tsaousis (@laripping)\nCreated: 2024-03-26",
  "risk_rating": 3,
  "alarm_enabled": true,
  "rule_enabled": false,
  "blocks": [
    {
      "block_type": "LogObservedRuleBlock",
      "msg_filters": [
        {
          "msg_filter_type": 1,
          "field_filters": [
            {
              "filter_type": 112,
              "filter_type_name": "Command",
              "operator": 0,
              "operator_name": "Value",
              "filter_mode": 1,
              "field_operator": "And",
              "values": [
                "list"
              ]
            },
            {
              "filter_type": 112,
              "filter_type_name": "Command",
              "operator": 0,
              "operator_name": "Value",
              "filter_mode": 1,
              "field_operator": "Or",
              "values": [
                "secrets"
              ]
            }
          ]
        }
      ],
      "group_by_fields": [
        17
      ]
    }
  ]
}