{
  "name": "Deployment Deleted From Kubernetes Cluster",
  "short_desc": "Detects the removal of a deployment from a Kubernetes cluster.\nThis could indicate disruptive activity aiming to impact business operations.\n",
  "long_desc": "Detects the removal of a deployment from a Kubernetes cluster.\nThis could indicate disruptive activity aiming to impact business operations.\n\n\nMITRE ATT&CK:\n  Tactics: Impact\n  Techniques: T1498\n\nReferences:\n  - https://microsoft.github.io/Threat-Matrix-for-Kubernetes/techniques/Data%20destruction/\n\nFalse Positives:\n  - Unknown\n\nAuthor: Leo Tsaousis (@laripping)\nCreated: 2024-03-26",
  "risk_rating": 3,
  "alarm_enabled": true,
  "rule_enabled": false,
  "blocks": [
    {
      "block_type": "LogObservedRuleBlock",
      "msg_filters": [
        {
          "msg_filter_type": 1,
          "field_filters": [
            {
              "filter_type": 112,
              "filter_type_name": "Command",
              "operator": 0,
              "operator_name": "Value",
              "filter_mode": 1,
              "field_operator": "And",
              "values": [
                "delete"
              ]
            },
            {
              "filter_type": 112,
              "filter_type_name": "Command",
              "operator": 0,
              "operator_name": "Value",
              "filter_mode": 1,
              "field_operator": "Or",
              "values": [
                "deployments"
              ]
            }
          ]
        }
      ],
      "group_by_fields": [
        17
      ]
    }
  ]
}