{
  "name": "Potential Sidecar Injection Into Running Deployment",
  "short_desc": "Detects attempts to inject a sidecar container into a running deployment.\nA sidecar container is an additional container within a pod, that resides alongside the main container.\nOne way to add containers to running resources like Deployments/DeamonSets/St",
  "long_desc": "Detects attempts to inject a sidecar container into a running deployment.\nA sidecar container is an additional container within a pod, that resides alongside the main container.\nOne way to add containers to running resources like Deployments/DeamonSets/StatefulSets, is via a \"kubectl patch\" operation.\nBy injecting a new container within a legitimate pod, an attacker can run their code and hide their activity, instead of running their own separated pod in the cluster.\n\n\nMITRE ATT&CK:\n  Tactics: Execution\n  Techniques: T1609\n\nReferences:\n  - https://kubernetes.io/docs/tasks/manage-kubernetes-objects/update-api-object-kubectl-patch\n  - https://microsoft.github.io/Threat-Matrix-for-Kubernetes/techniques/Sidecar%20Injection/\n\nFalse Positives:\n  - Unknown\n\nAuthor: Leo Tsaousis (@laripping)\nCreated: 2024-03-26",
  "risk_rating": 5,
  "alarm_enabled": true,
  "rule_enabled": false,
  "blocks": [
    {
      "block_type": "LogObservedRuleBlock",
      "msg_filters": [
        {
          "msg_filter_type": 1,
          "field_filters": [
            {
              "filter_type": 112,
              "filter_type_name": "Command",
              "operator": 0,
              "operator_name": "Value",
              "filter_mode": 1,
              "field_operator": "And",
              "values": [
                "patch"
              ]
            },
            {
              "filter_type": 112,
              "filter_type_name": "Command",
              "operator": 0,
              "operator_name": "Value",
              "filter_mode": 1,
              "field_operator": "Or",
              "values": [
                "apps"
              ]
            },
            {
              "filter_type": 112,
              "filter_type_name": "Command",
              "operator": 0,
              "operator_name": "Value",
              "filter_mode": 1,
              "field_operator": "Or",
              "values": [
                "deployments"
              ]
            }
          ]
        }
      ],
      "group_by_fields": [
        17
      ]
    }
  ]
}