{
  "name": "Kubernetes Secrets Modified or Deleted",
  "short_desc": "Detects when Kubernetes Secrets are Modified or Deleted.\n",
  "long_desc": "Detects when Kubernetes Secrets are Modified or Deleted.\n\n\nMITRE ATT&CK:\n  Tactics: Credential Access\n\nReferences:\n  - https://kubernetes.io/docs/reference/config-api/apiserver-audit.v1/\n  - https://commandk.dev/blog/guide-to-audit-k8s-secrets-for-compliance/\n\nFalse Positives:\n  - Secrets being modified or deleted may be performed by a system administrator.\n  - Automated processes may need to take these actions and may need to be filtered.\n\nAuthor: kelnage\nCreated: 2024-07-11",
  "risk_rating": 5,
  "alarm_enabled": true,
  "rule_enabled": false,
  "blocks": [
    {
      "block_type": "LogObservedRuleBlock",
      "msg_filters": [
        {
          "msg_filter_type": 1,
          "field_filters": [
            {
              "filter_type": 112,
              "filter_type_name": "Command",
              "operator": 0,
              "operator_name": "Value",
              "filter_mode": 1,
              "field_operator": "And",
              "values": [
                "secrets"
              ]
            },
            {
              "filter_type": 112,
              "filter_type_name": "Command",
              "operator": 0,
              "operator_name": "Value",
              "filter_mode": 1,
              "field_operator": "Or",
              "values": [
                "create",
                "delete",
                "patch",
                "replace",
                "update"
              ]
            }
          ]
        }
      ],
      "group_by_fields": [
        17
      ]
    }
  ]
}