{
  "name": "Creation Of Pod In System Namespace",
  "short_desc": "Detects deployments of pods within the kube-system namespace, which could be intended to imitate system pods.\nSystem pods, created by controllers such as Deployments or DaemonSets have random suffixes in their names.\nAttackers can use this fact and name t",
  "long_desc": "Detects deployments of pods within the kube-system namespace, which could be intended to imitate system pods.\nSystem pods, created by controllers such as Deployments or DaemonSets have random suffixes in their names.\nAttackers can use this fact and name their backdoor pods as if they were created by these controllers to avoid detection.\nDeployment of such a backdoor container e.g. named kube-proxy-bv61v, could be attempted in the kube-system namespace alongside the other administrative containers.\n\n\nMITRE ATT&CK:\n  Tactics: Defense Evasion\n  Techniques: T1036.005\n\nReferences:\n  - https://microsoft.github.io/Threat-Matrix-for-Kubernetes/techniques/Pod%20or%20container%20name%20similarily/\n\nFalse Positives:\n  - System components such as daemon-set-controller and kube-scheduler also create pods in the kube-system namespace\n\nAuthor: Leo Tsaousis (@laripping)\nCreated: 2024-03-26",
  "risk_rating": 5,
  "alarm_enabled": true,
  "rule_enabled": false,
  "blocks": [
    {
      "block_type": "LogObservedRuleBlock",
      "msg_filters": [
        {
          "msg_filter_type": 1,
          "field_filters": [
            {
              "filter_type": 112,
              "filter_type_name": "Command",
              "operator": 0,
              "operator_name": "Value",
              "filter_mode": 1,
              "field_operator": "And",
              "values": [
                "create"
              ]
            },
            {
              "filter_type": 112,
              "filter_type_name": "Command",
              "operator": 0,
              "operator_name": "Value",
              "filter_mode": 1,
              "field_operator": "Or",
              "values": [
                "pods"
              ]
            },
            {
              "filter_type": 112,
              "filter_type_name": "Command",
              "operator": 0,
              "operator_name": "Value",
              "filter_mode": 1,
              "field_operator": "Or",
              "values": [
                "kube-system"
              ]
            }
          ]
        }
      ],
      "group_by_fields": [
        17
      ]
    }
  ]
}