{
  "name": "Remote Encrypting File System Abuse",
  "short_desc": "Detects remote RPC calls to possibly abuse remote encryption service via MS-EFSR",
  "long_desc": "Detects remote RPC calls to possibly abuse remote encryption service via MS-EFSR\n\nMITRE ATT&CK:\n  Tactics: Lateral Movement\n\nReferences:\n  - https://msrc.microsoft.com/update-guide/vulnerability/CVE-2021-36942\n  - https://github.com/jsecurity101/MSRPC-to-ATTACK/blob/ddd4608fe8684fcf2fcf9b48c5f0b3c28097f8a3/documents/MS-EFSR.md\n  - https://github.com/zeronetworks/rpcfirewall\n  - https://zeronetworks.com/blog/stopping-lateral-movement-via-the-rpc-firewall/\n\nFalse Positives:\n  - Legitimate usage of remote file encryption\n\nAuthor: Sagie Dulce, Dekel Paz\nCreated: 2022-01-01",
  "risk_rating": 7,
  "alarm_enabled": true,
  "rule_enabled": false,
  "blocks": [
    {
      "block_type": "LogObservedRuleBlock",
      "msg_filters": [
        {
          "msg_filter_type": 1,
          "field_filters": [
            {
              "filter_type": 112,
              "filter_type_name": "Command",
              "operator": 0,
              "operator_name": "Value",
              "filter_mode": 1,
              "field_operator": "And",
              "values": [
                "RPCFW"
              ]
            },
            {
              "filter_type": 37,
              "filter_type_name": "VendorMsgID",
              "operator": 0,
              "operator_name": "Value",
              "filter_mode": 1,
              "field_operator": "Or",
              "values": [
                3
              ]
            },
            {
              "filter_type": 112,
              "filter_type_name": "Command",
              "operator": 0,
              "operator_name": "Value",
              "filter_mode": 1,
              "field_operator": "Or",
              "values": [
                "df1941c5-fe89-4e79-bf10-463657acf44d",
                "c681d488-d850-11d0-8c52-00c04fd90f7e"
              ]
            }
          ]
        }
      ],
      "group_by_fields": [
        16
      ]
    }
  ]
}