{
  "name": "Remote Registry Recon",
  "short_desc": "Detects remote RPC calls to collect information",
  "long_desc": "Detects remote RPC calls to collect information\n\nMITRE ATT&CK:\n  Tactics: Discovery\n\nReferences:\n  - https://learn.microsoft.com/en-us/openspecs/windows_protocols/ms-rrp/0fa3191d-bb79-490a-81bd-54c2601b7a78\n  - https://github.com/jsecurity101/MSRPC-to-ATTACK/blob/ddd4608fe8684fcf2fcf9b48c5f0b3c28097f8a3/documents/MS-RRP.md\n  - https://github.com/zeronetworks/rpcfirewall\n  - https://zeronetworks.com/blog/stopping-lateral-movement-via-the-rpc-firewall/\n\nFalse Positives:\n  - Remote administration of registry values\n\nAuthor: Sagie Dulce, Dekel Paz\nCreated: 2022-01-01",
  "risk_rating": 7,
  "alarm_enabled": true,
  "rule_enabled": false,
  "blocks": [
    {
      "block_type": "LogObservedRuleBlock",
      "msg_filters": [
        {
          "msg_filter_type": 1,
          "field_filters": [
            {
              "filter_type": 112,
              "filter_type_name": "Command",
              "operator": 0,
              "operator_name": "Value",
              "filter_mode": 1,
              "field_operator": "And",
              "values": [
                "RPCFW"
              ]
            },
            {
              "filter_type": 37,
              "filter_type_name": "VendorMsgID",
              "operator": 0,
              "operator_name": "Value",
              "filter_mode": 1,
              "field_operator": "Or",
              "values": [
                3
              ]
            },
            {
              "filter_type": 112,
              "filter_type_name": "Command",
              "operator": 0,
              "operator_name": "Value",
              "filter_mode": 1,
              "field_operator": "Or",
              "values": [
                "338cd001-2244-31f1-aaaa-900038001003"
              ]
            },
            {
              "filter_type": 112,
              "filter_type_name": "Command",
              "operator": 0,
              "operator_name": "Value",
              "filter_mode": 0,
              "field_operator": "Or",
              "values": [
                6,
                7,
                8,
                13,
                18,
                19,
                21,
                22,
                23,
                35
              ]
            }
          ]
        }
      ],
      "group_by_fields": [
        16
      ]
    }
  ]
}