{
  "name": "Possible DCSync Attack",
  "short_desc": "Detects remote RPC calls to MS-DRSR from non DC hosts, which could indicate DCSync / DCShadow attacks.",
  "long_desc": "Detects remote RPC calls to MS-DRSR from non DC hosts, which could indicate DCSync / DCShadow attacks.\n\nMITRE ATT&CK:\n  Tactics: Discovery\n  Techniques: T1033\n\nReferences:\n  - https://learn.microsoft.com/en-us/openspecs/windows_protocols/ms-drsr/f977faaa-673e-4f66-b9bf-48c640241d47?redirectedfrom=MSDN\n  - https://github.com/jsecurity101/MSRPC-to-ATTACK/blob/ddd4608fe8684fcf2fcf9b48c5f0b3c28097f8a3/documents/MS-DRSR.md\n  - https://github.com/zeronetworks/rpcfirewall\n  - https://zeronetworks.com/blog/stopping-lateral-movement-via-the-rpc-firewall/\n\nFalse Positives:\n  - Unknown\n\nAuthor: Sagie Dulce, Dekel Paz\nCreated: 2022-01-01",
  "risk_rating": 7,
  "alarm_enabled": true,
  "rule_enabled": false,
  "blocks": [
    {
      "block_type": "LogObservedRuleBlock",
      "msg_filters": [
        {
          "msg_filter_type": 1,
          "field_filters": [
            {
              "filter_type": 112,
              "filter_type_name": "Command",
              "operator": 0,
              "operator_name": "Value",
              "filter_mode": 1,
              "field_operator": "And",
              "values": [
                "RPCFW"
              ]
            },
            {
              "filter_type": 37,
              "filter_type_name": "VendorMsgID",
              "operator": 0,
              "operator_name": "Value",
              "filter_mode": 1,
              "field_operator": "Or",
              "values": [
                3
              ]
            },
            {
              "filter_type": 112,
              "filter_type_name": "Command",
              "operator": 0,
              "operator_name": "Value",
              "filter_mode": 1,
              "field_operator": "Or",
              "values": [
                "e3514235-4b06-11d1-ab04-00c04fc2dcd2"
              ]
            },
            {
              "filter_type": 112,
              "filter_type_name": "Command",
              "operator": 0,
              "operator_name": "Value",
              "filter_mode": 0,
              "field_operator": "Or",
              "values": [
                0,
                1,
                12
              ]
            }
          ]
        }
      ],
      "group_by_fields": [
        16
      ]
    }
  ]
}