{
  "name": "Remote Printing Abuse for Lateral Movement",
  "short_desc": "Detects remote RPC calls to possibly abuse remote printing service via MS-RPRN / MS-PAR",
  "long_desc": "Detects remote RPC calls to possibly abuse remote printing service via MS-RPRN / MS-PAR\n\nMITRE ATT&CK:\n  Tactics: Lateral Movement\n\nReferences:\n  - https://msrc.microsoft.com/update-guide/vulnerability/CVE-2021-34527\n  - https://learn.microsoft.com/en-us/openspecs/windows_protocols/ms-rprn/d42db7d5-f141-4466-8f47-0a4be14e2fc1\n  - https://learn.microsoft.com/en-us/openspecs/windows_protocols/ms-pan/e44d984c-07d3-414c-8ffc-f8c8ad8512a8\n  - https://github.com/jsecurity101/MSRPC-to-ATTACK/blob/ddd4608fe8684fcf2fcf9b48c5f0b3c28097f8a3/documents/MS-RPRN-PAR.md\n  - https://github.com/zeronetworks/rpcfirewall\n  - https://zeronetworks.com/blog/stopping-lateral-movement-via-the-rpc-firewall/\n\nFalse Positives:\n  - Actual printing\n\nAuthor: Sagie Dulce, Dekel Paz\nCreated: 2022-01-01",
  "risk_rating": 7,
  "alarm_enabled": true,
  "rule_enabled": false,
  "blocks": [
    {
      "block_type": "LogObservedRuleBlock",
      "msg_filters": [
        {
          "msg_filter_type": 1,
          "field_filters": [
            {
              "filter_type": 112,
              "filter_type_name": "Command",
              "operator": 0,
              "operator_name": "Value",
              "filter_mode": 1,
              "field_operator": "And",
              "values": [
                "RPCFW"
              ]
            },
            {
              "filter_type": 37,
              "filter_type_name": "VendorMsgID",
              "operator": 0,
              "operator_name": "Value",
              "filter_mode": 1,
              "field_operator": "Or",
              "values": [
                3
              ]
            },
            {
              "filter_type": 112,
              "filter_type_name": "Command",
              "operator": 0,
              "operator_name": "Value",
              "filter_mode": 1,
              "field_operator": "Or",
              "values": [
                "12345678-1234-abcd-ef00-0123456789ab",
                "76f03f96-cdfd-44fc-a22c-64950a001209",
                "0b6edbfa-4a24-4fc6-8a23-942b1eca65d1",
                "ae33069b-a2a8-46ee-a235-ddfd339be281"
              ]
            }
          ]
        }
      ],
      "group_by_fields": [
        16
      ]
    }
  ]
}