{
  "name": "SharpHound Recon Sessions",
  "short_desc": "Detects remote RPC calls useb by SharpHound to map remote connections and local group membership.",
  "long_desc": "Detects remote RPC calls useb by SharpHound to map remote connections and local group membership.\n\nMITRE ATT&CK:\n  Tactics: Discovery\n  Techniques: T1033\n\nReferences:\n  - https://learn.microsoft.com/en-us/openspecs/windows_protocols/ms-srvs/02b1f559-fda2-4ba3-94c2-806eb2777183\n  - https://github.com/jsecurity101/MSRPC-to-ATTACK/blob/ddd4608fe8684fcf2fcf9b48c5f0b3c28097f8a3/documents/MS-SRVS.md\n  - https://github.com/zeronetworks/rpcfirewall\n  - https://zeronetworks.com/blog/stopping-lateral-movement-via-the-rpc-firewall/\n\nFalse Positives:\n  - Unknown\n\nAuthor: Sagie Dulce, Dekel Paz\nCreated: 2022-01-01",
  "risk_rating": 7,
  "alarm_enabled": true,
  "rule_enabled": false,
  "blocks": [
    {
      "block_type": "LogObservedRuleBlock",
      "msg_filters": [
        {
          "msg_filter_type": 1,
          "field_filters": [
            {
              "filter_type": 112,
              "filter_type_name": "Command",
              "operator": 0,
              "operator_name": "Value",
              "filter_mode": 1,
              "field_operator": "And",
              "values": [
                "RPCFW"
              ]
            },
            {
              "filter_type": 37,
              "filter_type_name": "VendorMsgID",
              "operator": 0,
              "operator_name": "Value",
              "filter_mode": 1,
              "field_operator": "Or",
              "values": [
                3
              ]
            },
            {
              "filter_type": 112,
              "filter_type_name": "Command",
              "operator": 0,
              "operator_name": "Value",
              "filter_mode": 1,
              "field_operator": "Or",
              "values": [
                "4b324fc8-1670-01d3-1278-5a47bf6ee188"
              ]
            },
            {
              "filter_type": 112,
              "filter_type_name": "Command",
              "operator": 0,
              "operator_name": "Value",
              "filter_mode": 1,
              "field_operator": "Or",
              "values": [
                12
              ]
            }
          ]
        }
      ],
      "group_by_fields": [
        16
      ]
    }
  ]
}