{
  "name": "Remote DCOM/WMI Lateral Movement",
  "short_desc": "Detects remote RPC calls that performs remote DCOM operations. These could be abused for lateral movement via DCOM or WMI.",
  "long_desc": "Detects remote RPC calls that performs remote DCOM operations. These could be abused for lateral movement via DCOM or WMI.\n\nMITRE ATT&CK:\n  Tactics: Lateral Movement, Execution\n  Techniques: T1021.003, T1047\n\nReferences:\n  - https://learn.microsoft.com/en-us/openspecs/windows_protocols/ms-srvs/accf23b0-0f57-441c-9185-43041f1b0ee9\n  - https://github.com/zeronetworks/rpcfirewall\n  - https://zeronetworks.com/blog/stopping-lateral-movement-via-the-rpc-firewall/\n\nFalse Positives:\n  - Some administrative tasks on remote host\n\nAuthor: Sagie Dulce, Dekel Paz\nCreated: 2022-01-01",
  "risk_rating": 7,
  "alarm_enabled": true,
  "rule_enabled": false,
  "blocks": [
    {
      "block_type": "LogObservedRuleBlock",
      "msg_filters": [
        {
          "msg_filter_type": 1,
          "field_filters": [
            {
              "filter_type": 112,
              "filter_type_name": "Command",
              "operator": 0,
              "operator_name": "Value",
              "filter_mode": 1,
              "field_operator": "And",
              "values": [
                "RPCFW"
              ]
            },
            {
              "filter_type": 37,
              "filter_type_name": "VendorMsgID",
              "operator": 0,
              "operator_name": "Value",
              "filter_mode": 1,
              "field_operator": "Or",
              "values": [
                3
              ]
            },
            {
              "filter_type": 112,
              "filter_type_name": "Command",
              "operator": 0,
              "operator_name": "Value",
              "filter_mode": 1,
              "field_operator": "Or",
              "values": [
                "4d9f4ab8-7d1c-11cf-861e-0020af6e7c57",
                "99fcfec4-5260-101b-bbcb-00aa0021347a",
                "000001a0-0000-0000-c000-000000000046",
                "00000131-0000-0000-c000-000000000046",
                "00000143-0000-0000-c000-000000000046",
                "00000000-0000-0000-c000-000000000046"
              ]
            }
          ]
        }
      ],
      "group_by_fields": [
        16
      ]
    }
  ]
}