{
  "name": "Relevant ClamAV Message",
  "short_desc": "Detects relevant ClamAV messages",
  "long_desc": "Detects relevant ClamAV messages\n\nMITRE ATT&CK:\n  Tactics: Resource Development\n  Techniques: T1588.001\n\nReferences:\n  - https://github.com/ossec/ossec-hids/blob/1ecffb1b884607cb12e619f9ab3c04f530801083/etc/rules/clam_av_rules.xml\n\nFalse Positives:\n  - Unknown\n\nAuthor: Florian Roth (Nextron Systems)\nCreated: 2017-03-01",
  "risk_rating": 7,
  "alarm_enabled": true,
  "rule_enabled": false,
  "blocks": [
    {
      "block_type": "LogObservedRuleBlock",
      "msg_filters": [],
      "group_by_fields": [
        16
      ]
    }
  ]
}