{
  "name": "Potentially Suspicious Shell Script Creation in Profile Folder",
  "short_desc": "Detects the creation of shell scripts under the \"profile.d\" path.",
  "long_desc": "Detects the creation of shell scripts under the \"profile.d\" path.\n\nMITRE ATT&CK:\n  Tactics: Persistence\n\nReferences:\n  - https://blogs.jpcert.or.jp/en/2023/05/gobrat.html\n  - https://jstnk9.github.io/jstnk9/research/GobRAT-Malware/\n  - https://www.virustotal.com/gui/file/60bcd645450e4c846238cf0e7226dc40c84c96eba99f6b2cffcd0ab4a391c8b3/detection\n  - https://www.virustotal.com/gui/file/3e44c807a25a56f4068b5b8186eee5002eed6f26d665a8b791c472ad154585d1/detection\n\nFalse Positives:\n  - Legitimate shell scripts in the \"profile.d\" directory could be common in your environment. Apply additional filter accordingly via \"image\", by adding specific filenames you \"trust\" or by correlating it with other events.\n  - Regular file creation during system update or software installation by the package manager\n\nAuthor: Joseliyo Sanchez, @Joseliyo_Jstnk\nCreated: 2023-06-02",
  "risk_rating": 3,
  "alarm_enabled": true,
  "rule_enabled": false,
  "blocks": [
    {
      "block_type": "LogObservedRuleBlock",
      "msg_filters": [
        {
          "msg_filter_type": 1,
          "field_filters": [
            {
              "filter_type": 113,
              "filter_type_name": "ObjectName",
              "operator": 2,
              "operator_name": "Regex",
              "filter_mode": 1,
              "field_operator": "And",
              "values": [
                "/etc/profile\\\\.d/"
              ]
            },
            {
              "filter_type": 113,
              "filter_type_name": "ObjectName",
              "operator": 2,
              "operator_name": "Regex",
              "filter_mode": 1,
              "field_operator": "Or",
              "values": [
                "\\\\.csh$",
                "\\\\.sh$"
              ]
            }
          ]
        }
      ],
      "group_by_fields": [
        17
      ]
    }
  ]
}