{
  "name": "Triple Cross eBPF Rootkit Default Persistence",
  "short_desc": "Detects the creation of \"ebpfbackdoor\" files in both \"cron.d\" and \"sudoers.d\" directories. Which both are related to the TripleCross persistence method",
  "long_desc": "Detects the creation of \"ebpfbackdoor\" files in both \"cron.d\" and \"sudoers.d\" directories. Which both are related to the TripleCross persistence method\n\nMITRE ATT&CK:\n  Tactics: Persistence, Defense Evasion\n  Techniques: T1053.003\n\nReferences:\n  - https://github.com/h3xduck/TripleCross/blob/12629558b8b0a27a5488a0b98f1ea7042e76f8ab/apps/deployer.sh\n\nFalse Positives:\n  - Unlikely\n\nAuthor: Nasreddine Bencherchali (Nextron Systems)\nCreated: 2022-07-05\nModified: 2022-12-31",
  "risk_rating": 7,
  "alarm_enabled": true,
  "rule_enabled": false,
  "blocks": [
    {
      "block_type": "LogObservedRuleBlock",
      "msg_filters": [
        {
          "msg_filter_type": 1,
          "field_filters": [
            {
              "filter_type": 113,
              "filter_type_name": "ObjectName",
              "operator": 2,
              "operator_name": "Regex",
              "filter_mode": 1,
              "field_operator": "And",
              "values": [
                "ebpfbackdoor$"
              ]
            }
          ]
        }
      ],
      "group_by_fields": [
        17
      ]
    }
  ]
}