{
  "name": "Triple Cross eBPF Rootkit Default LockFile",
  "short_desc": "Detects the creation of the file \"rootlog\" which is used by the TripleCross rootkit as a way to check if the backdoor is already running.",
  "long_desc": "Detects the creation of the file \"rootlog\" which is used by the TripleCross rootkit as a way to check if the backdoor is already running.\n\nMITRE ATT&CK:\n  Tactics: Defense Evasion\n\nReferences:\n  - https://github.com/h3xduck/TripleCross/blob/1f1c3e0958af8ad9f6ebe10ab442e75de33e91de/src/helpers/execve_hijack.c#L33\n\nFalse Positives:\n  - Unlikely\n\nAuthor: Nasreddine Bencherchali (Nextron Systems)\nCreated: 2022-07-05\nModified: 2022-12-31",
  "risk_rating": 7,
  "alarm_enabled": true,
  "rule_enabled": false,
  "blocks": [
    {
      "block_type": "LogObservedRuleBlock",
      "msg_filters": [
        {
          "msg_filter_type": 1,
          "field_filters": [
            {
              "filter_type": 113,
              "filter_type_name": "ObjectName",
              "operator": 0,
              "operator_name": "Value",
              "filter_mode": 1,
              "field_operator": "And",
              "values": [
                "/tmp/rootlog"
              ]
            }
          ]
        }
      ],
      "group_by_fields": [
        17
      ]
    }
  ]
}