{
  "name": "Persistence Via Sudoers Files",
  "short_desc": "Detects creation of sudoers file or files in \"sudoers.d\" directory which can be used a potential method to persiste privileges for a specific user.",
  "long_desc": "Detects creation of sudoers file or files in \"sudoers.d\" directory which can be used a potential method to persiste privileges for a specific user.\n\nMITRE ATT&CK:\n  Tactics: Persistence\n  Techniques: T1053.003\n\nReferences:\n  - https://github.com/h3xduck/TripleCross/blob/1f1c3e0958af8ad9f6ebe10ab442e75de33e91de/apps/deployer.sh\n\nFalse Positives:\n  - Creation of legitimate files in sudoers.d folder part of administrator work\n\nAuthor: Nasreddine Bencherchali (Nextron Systems)\nCreated: 2022-07-05\nModified: 2022-12-31",
  "risk_rating": 5,
  "alarm_enabled": true,
  "rule_enabled": false,
  "blocks": [
    {
      "block_type": "LogObservedRuleBlock",
      "msg_filters": [
        {
          "msg_filter_type": 1,
          "field_filters": [
            {
              "filter_type": 113,
              "filter_type_name": "ObjectName",
              "operator": 2,
              "operator_name": "Regex",
              "filter_mode": 1,
              "field_operator": "And",
              "values": [
                "^/etc/sudoers\\\\.d/"
              ]
            }
          ]
        }
      ],
      "group_by_fields": [
        17
      ]
    }
  ]
}