{
  "name": "Linux Doas Conf File Creation",
  "short_desc": "Detects the creation of doas.conf file in linux host platform.",
  "long_desc": "Detects the creation of doas.conf file in linux host platform.\n\nMITRE ATT&CK:\n  Tactics: Privilege Escalation\n  Techniques: T1548\n\nReferences:\n  - https://research.splunk.com/endpoint/linux_doas_conf_file_creation/\n  - https://www.makeuseof.com/how-to-install-and-use-doas/\n\nFalse Positives:\n  - Unlikely\n\nAuthor: Sittikorn S, Teoderick Contreras\nCreated: 2022-01-20\nModified: 2022-12-31",
  "risk_rating": 5,
  "alarm_enabled": true,
  "rule_enabled": false,
  "blocks": [
    {
      "block_type": "LogObservedRuleBlock",
      "msg_filters": [
        {
          "msg_filter_type": 1,
          "field_filters": [
            {
              "filter_type": 113,
              "filter_type_name": "ObjectName",
              "operator": 2,
              "operator_name": "Regex",
              "filter_mode": 1,
              "field_operator": "And",
              "values": [
                "/etc/doas\\\\.conf$"
              ]
            }
          ]
        }
      ],
      "group_by_fields": [
        17
      ]
    }
  ]
}