{
  "name": "Persistence Via Cron Files",
  "short_desc": "Detects creation of cron file or files in Cron directories which could indicates potential persistence.",
  "long_desc": "Detects creation of cron file or files in Cron directories which could indicates potential persistence.\n\nMITRE ATT&CK:\n  Tactics: Persistence\n  Techniques: T1053.003\n\nReferences:\n  - https://github.com/microsoft/MSTIC-Sysmon/blob/f1477c0512b0747c1455283069c21faec758e29d/linux/configs/attack-based/persistence/T1053.003_Cron_Activity.xml\n\nFalse Positives:\n  - Any legitimate cron file.\n\nAuthor: Roberto Rodriguez (Cyb3rWard0g), OTR (Open Threat Research), MSTIC\nCreated: 2021-10-15\nModified: 2022-12-31",
  "risk_rating": 5,
  "alarm_enabled": true,
  "rule_enabled": false,
  "blocks": [
    {
      "block_type": "LogObservedRuleBlock",
      "msg_filters": [
        {
          "msg_filter_type": 1,
          "field_filters": [
            {
              "filter_type": 113,
              "filter_type_name": "ObjectName",
              "operator": 2,
              "operator_name": "Regex",
              "filter_mode": 1,
              "field_operator": "And",
              "values": [
                "^/etc/cron\\\\.d/",
                "^/etc/cron\\\\.daily/",
                "^/etc/cron\\\\.hourly/",
                "^/etc/cron\\\\.monthly/",
                "^/etc/cron\\\\.weekly/",
                "^/var/spool/cron/crontabs/"
              ]
            },
            {
              "filter_type": 113,
              "filter_type_name": "ObjectName",
              "operator": 2,
              "operator_name": "Regex",
              "filter_mode": 1,
              "field_operator": "Or",
              "values": [
                "/etc/cron\\\\.allow",
                "/etc/cron\\\\.deny",
                "/etc/crontab"
              ]
            }
          ]
        }
      ],
      "group_by_fields": [
        17
      ]
    }
  ]
}