{
  "name": "Potential Local File Read Vulnerability In JVM Based Application",
  "short_desc": "Detects potential local file read vulnerability in JVM based apps.\nIf the exceptions are caused due to user input and contain path traversal payloads then it's a red flag.\n",
  "long_desc": "Detects potential local file read vulnerability in JVM based apps.\nIf the exceptions are caused due to user input and contain path traversal payloads then it's a red flag.\n\n\nMITRE ATT&CK:\n  Tactics: Initial Access\n  Techniques: T1190\n\nReferences:\n  - https://www.wix.engineering/post/threat-and-vulnerability-hunting-with-application-server-error-logs\n\nFalse Positives:\n  - Application bugs\n\nAuthor: Moti Harmats\nCreated: 2023-02-11",
  "risk_rating": 7,
  "alarm_enabled": true,
  "rule_enabled": false,
  "blocks": [
    {
      "block_type": "LogObservedRuleBlock",
      "msg_filters": [
        {
          "msg_filter_type": 1,
          "field_filters": [
            {
              "filter_type": 112,
              "filter_type_name": "Command",
              "operator": 2,
              "operator_name": "Regex",
              "filter_mode": 1,
              "field_operator": "And",
              "values": [
                "FileNotFoundException",
                "/../../.."
              ]
            }
          ]
        }
      ],
      "group_by_fields": [
        17
      ]
    }
  ]
}