{
  "name": "Okta Policy Modified or Deleted",
  "short_desc": "Detects when an Okta policy is modified or deleted.",
  "long_desc": "Detects when an Okta policy is modified or deleted.\n\nMITRE ATT&CK:\n  Tactics: Impact\n\nReferences:\n  - https://developer.okta.com/docs/reference/api/system-log/\n  - https://developer.okta.com/docs/reference/api/event-types/\n\nFalse Positives:\n  - Okta Policies being modified or deleted may be performed by a system administrator.\n  - Verify whether the user identity, user agent, and/or hostname should be making changes in your environment.\n  - Okta Policies modified or deleted from unfamiliar users should be investigated. If known behavior is causing false positives, it can be exempted from the rule.\n\nAuthor: Austin Songer @austinsonger\nCreated: 2021-09-12\nModified: 2022-10-09",
  "risk_rating": 3,
  "alarm_enabled": true,
  "rule_enabled": false,
  "blocks": [
    {
      "block_type": "LogObservedRuleBlock",
      "msg_filters": [
        {
          "msg_filter_type": 1,
          "field_filters": [
            {
              "filter_type": 112,
              "filter_type_name": "Command",
              "operator": 0,
              "operator_name": "Value",
              "filter_mode": 1,
              "field_operator": "And",
              "values": [
                "policy.lifecycle.update",
                "policy.lifecycle.delete"
              ]
            }
          ]
        }
      ],
      "group_by_fields": [
        16
      ]
    }
  ]
}