{
  "name": "Okta Identity Provider Created",
  "short_desc": "Detects when a new identity provider is created for Okta.",
  "long_desc": "Detects when a new identity provider is created for Okta.\n\nMITRE ATT&CK:\n  Tactics: Persistence\n  Techniques: T1098.001\n\nReferences:\n  - https://developer.okta.com/docs/reference/api/system-log/\n  - https://sec.okta.com/articles/2023/08/cross-tenant-impersonation-prevention-and-detection\n\nFalse Positives:\n  - When an admin creates a new, authorised identity provider.\n\nAuthor: kelnage\nCreated: 2023-09-07",
  "risk_rating": 5,
  "alarm_enabled": true,
  "rule_enabled": false,
  "blocks": [
    {
      "block_type": "LogObservedRuleBlock",
      "msg_filters": [
        {
          "msg_filter_type": 1,
          "field_filters": [
            {
              "filter_type": 112,
              "filter_type_name": "Command",
              "operator": 0,
              "operator_name": "Value",
              "filter_mode": 1,
              "field_operator": "And",
              "values": [
                "system.idp.lifecycle.create"
              ]
            }
          ]
        }
      ],
      "group_by_fields": [
        16
      ]
    }
  ]
}