{
  "name": "Okta New Admin Console Behaviours",
  "short_desc": "Detects when Okta identifies new activity in the Admin Console.",
  "long_desc": "Detects when Okta identifies new activity in the Admin Console.\n\nMITRE ATT&CK:\n  Tactics: Initial Access\n  Techniques: T1078.004\n\nReferences:\n  - https://developer.okta.com/docs/reference/api/system-log/\n  - https://sec.okta.com/articles/2023/08/cross-tenant-impersonation-prevention-and-detection\n\nFalse Positives:\n  - When an admin begins using the Admin Console and one of Okta's heuristics incorrectly identifies the behavior as being unusual.\n\nAuthor: kelnage\nCreated: 2023-09-07\nModified: 2024-06-26",
  "risk_rating": 7,
  "alarm_enabled": true,
  "rule_enabled": false,
  "blocks": [
    {
      "block_type": "LogObservedRuleBlock",
      "msg_filters": [
        {
          "msg_filter_type": 1,
          "field_filters": [
            {
              "filter_type": 112,
              "filter_type_name": "Command",
              "operator": 0,
              "operator_name": "Value",
              "filter_mode": 1,
              "field_operator": "And",
              "values": [
                "policy.evaluate_sign_on"
              ]
            },
            {
              "filter_type": 112,
              "filter_type_name": "Command",
              "operator": 0,
              "operator_name": "Value",
              "filter_mode": 1,
              "field_operator": "And",
              "values": [
                "Okta Admin Console"
              ]
            }
          ]
        },
        {
          "msg_filter_type": 1,
          "field_filters": [
            {
              "filter_type": 112,
              "filter_type_name": "Command",
              "operator": 2,
              "operator_name": "Regex",
              "filter_mode": 1,
              "field_operator": "And",
              "values": [
                "POSITIVE"
              ]
            },
            {
              "filter_type": 112,
              "filter_type_name": "Command",
              "operator": 2,
              "operator_name": "Regex",
              "filter_mode": 1,
              "field_operator": "And",
              "values": [
                "POSITIVE"
              ]
            }
          ]
        }
      ],
      "group_by_fields": [
        16
      ]
    }
  ]
}