{
  "name": "Okta Suspicious Activity Reported by End-user",
  "short_desc": "Detects when an Okta end-user reports activity by their account as being potentially suspicious.",
  "long_desc": "Detects when an Okta end-user reports activity by their account as being potentially suspicious.\n\nMITRE ATT&CK:\n  Tactics: Resource Development\n  Techniques: T1586.003\n\nReferences:\n  - https://developer.okta.com/docs/reference/api/system-log/\n  - https://github.com/okta/workflows-templates/blob/1164f0eb71ce47c9ddc7d850e9ab87b5a2b42333/workflows/suspicious_activity_reported/readme.md\n\nFalse Positives:\n  - If an end-user incorrectly identifies normal activity as suspicious.\n\nAuthor: kelnage\nCreated: 2023-09-07",
  "risk_rating": 7,
  "alarm_enabled": true,
  "rule_enabled": false,
  "blocks": [
    {
      "block_type": "LogObservedRuleBlock",
      "msg_filters": [
        {
          "msg_filter_type": 1,
          "field_filters": [
            {
              "filter_type": 112,
              "filter_type_name": "Command",
              "operator": 0,
              "operator_name": "Value",
              "filter_mode": 1,
              "field_operator": "And",
              "values": [
                "user.account.report_suspicious_activity_by_enduser"
              ]
            }
          ]
        }
      ],
      "group_by_fields": [
        16
      ]
    }
  ]
}