{
  "name": "Okta Admin Role Assignment Created",
  "short_desc": "Detects when a new admin role assignment is created. Which could be a sign of privilege escalation or persistence",
  "long_desc": "Detects when a new admin role assignment is created. Which could be a sign of privilege escalation or persistence\n\nMITRE ATT&CK:\n  Tactics: Persistence\n\nReferences:\n  - https://developer.okta.com/docs/reference/api/system-log/\n  - https://developer.okta.com/docs/reference/api/event-types/\n\nFalse Positives:\n  - Legitimate creation of a new admin role assignment\n\nAuthor: Nikita Khalimonenkov\nCreated: 2023-01-19",
  "risk_rating": 5,
  "alarm_enabled": true,
  "rule_enabled": false,
  "blocks": [
    {
      "block_type": "LogObservedRuleBlock",
      "msg_filters": [
        {
          "msg_filter_type": 1,
          "field_filters": [
            {
              "filter_type": 112,
              "filter_type_name": "Command",
              "operator": 0,
              "operator_name": "Value",
              "filter_mode": 1,
              "field_operator": "And",
              "values": [
                "iam.resourceset.bindings.add"
              ]
            }
          ]
        }
      ],
      "group_by_fields": [
        16
      ]
    }
  ]
}