{
  "name": "Okta MFA Reset or Deactivated",
  "short_desc": "Detects when an attempt at deactivating  or resetting MFA.",
  "long_desc": "Detects when an attempt at deactivating  or resetting MFA.\n\nMITRE ATT&CK:\n  Tactics: Persistence, Credential Access, Defense Evasion\n  Techniques: T1556.006\n\nReferences:\n  - https://developer.okta.com/docs/reference/api/system-log/\n  - https://developer.okta.com/docs/reference/api/event-types/\n\nFalse Positives:\n  - If a MFA reset or deactivated was performed by a system administrator.\n\nAuthor: Austin Songer @austinsonger\nCreated: 2021-09-21\nModified: 2022-10-09",
  "risk_rating": 5,
  "alarm_enabled": true,
  "rule_enabled": false,
  "blocks": [
    {
      "block_type": "LogObservedRuleBlock",
      "msg_filters": [
        {
          "msg_filter_type": 1,
          "field_filters": [
            {
              "filter_type": 112,
              "filter_type_name": "Command",
              "operator": 0,
              "operator_name": "Value",
              "filter_mode": 1,
              "field_operator": "And",
              "values": [
                "user.mfa.factor.deactivate",
                "user.mfa.factor.reset_all"
              ]
            }
          ]
        }
      ],
      "group_by_fields": [
        16
      ]
    }
  ]
}