{
  "name": "New Okta User Created",
  "short_desc": "Detects new user account creation",
  "long_desc": "Detects new user account creation\n\nMITRE ATT&CK:\n  Tactics: Credential Access\n\nReferences:\n  - https://developer.okta.com/docs/reference/api/event-types/\n\nFalse Positives:\n  - Legitimate and authorized user creation\n\nAuthor: Nasreddine Bencherchali (Nextron Systems)\nCreated: 2023-10-25",
  "risk_rating": 1,
  "alarm_enabled": true,
  "rule_enabled": false,
  "blocks": [
    {
      "block_type": "LogObservedRuleBlock",
      "msg_filters": [
        {
          "msg_filter_type": 1,
          "field_filters": [
            {
              "filter_type": 112,
              "filter_type_name": "Command",
              "operator": 0,
              "operator_name": "Value",
              "filter_mode": 1,
              "field_operator": "And",
              "values": [
                "user.lifecycle.create"
              ]
            }
          ]
        }
      ],
      "group_by_fields": [
        16
      ]
    }
  ]
}