{
  "name": "Okta Admin Role Assigned to an User or Group",
  "short_desc": "Detects when an the Administrator role is assigned to an user or group.",
  "long_desc": "Detects when an the Administrator role is assigned to an user or group.\n\nMITRE ATT&CK:\n  Tactics: Persistence\n  Techniques: T1098.003\n\nReferences:\n  - https://developer.okta.com/docs/reference/api/system-log/\n  - https://developer.okta.com/docs/reference/api/event-types/\n\nFalse Positives:\n  - Administrator roles could be assigned to users or group by other admin users.\n\nAuthor: Austin Songer @austinsonger\nCreated: 2021-09-12\nModified: 2022-10-09",
  "risk_rating": 5,
  "alarm_enabled": true,
  "rule_enabled": false,
  "blocks": [
    {
      "block_type": "LogObservedRuleBlock",
      "msg_filters": [
        {
          "msg_filter_type": 1,
          "field_filters": [
            {
              "filter_type": 112,
              "filter_type_name": "Command",
              "operator": 0,
              "operator_name": "Value",
              "filter_mode": 1,
              "field_operator": "And",
              "values": [
                "group.privilege.grant",
                "user.account.privilege.grant"
              ]
            }
          ]
        }
      ],
      "group_by_fields": [
        16
      ]
    }
  ]
}