{
  "name": "Okta Application Sign-On Policy Modified or Deleted",
  "short_desc": "Detects when an application Sign-on Policy is modified or deleted.",
  "long_desc": "Detects when an application Sign-on Policy is modified or deleted.\n\nMITRE ATT&CK:\n  Tactics: Impact\n\nReferences:\n  - https://developer.okta.com/docs/reference/api/system-log/\n  - https://developer.okta.com/docs/reference/api/event-types/\n\nFalse Positives:\n  - Unknown\n\nAuthor: Austin Songer @austinsonger\nCreated: 2021-09-12\nModified: 2022-10-09",
  "risk_rating": 5,
  "alarm_enabled": true,
  "rule_enabled": false,
  "blocks": [
    {
      "block_type": "LogObservedRuleBlock",
      "msg_filters": [
        {
          "msg_filter_type": 1,
          "field_filters": [
            {
              "filter_type": 112,
              "filter_type_name": "Command",
              "operator": 0,
              "operator_name": "Value",
              "filter_mode": 1,
              "field_operator": "And",
              "values": [
                "application.policy.sign_on.update",
                "application.policy.sign_on.rule.delete"
              ]
            }
          ]
        }
      ],
      "group_by_fields": [
        16
      ]
    }
  ]
}