{
  "name": "Okta FastPass Phishing Detection",
  "short_desc": "Detects when Okta FastPass prevents a known phishing site.",
  "long_desc": "Detects when Okta FastPass prevents a known phishing site.\n\nMITRE ATT&CK:\n  Tactics: Initial Access\n  Techniques: T1566\n\nReferences:\n  - https://sec.okta.com/fastpassphishingdetection\n  - https://developer.okta.com/docs/reference/api/system-log/\n  - https://developer.okta.com/docs/reference/api/event-types/\n\nFalse Positives:\n  - Unlikely\n\nAuthor: Austin Songer @austinsonger\nCreated: 2023-05-07",
  "risk_rating": 7,
  "alarm_enabled": true,
  "rule_enabled": false,
  "blocks": [
    {
      "block_type": "LogObservedRuleBlock",
      "msg_filters": [
        {
          "msg_filter_type": 1,
          "field_filters": [
            {
              "filter_type": 112,
              "filter_type_name": "Command",
              "operator": 0,
              "operator_name": "Value",
              "filter_mode": 1,
              "field_operator": "And",
              "values": [
                "FastPass declined phishing attempt"
              ]
            },
            {
              "filter_type": 112,
              "filter_type_name": "Command",
              "operator": 0,
              "operator_name": "Value",
              "filter_mode": 1,
              "field_operator": "Or",
              "values": [
                "FAILURE"
              ]
            },
            {
              "filter_type": 112,
              "filter_type_name": "Command",
              "operator": 0,
              "operator_name": "Value",
              "filter_mode": 1,
              "field_operator": "Or",
              "values": [
                "user.authentication.auth_via_mfa"
              ]
            }
          ]
        }
      ],
      "group_by_fields": [
        16
      ]
    }
  ]
}