{
  "name": "Okta Security Threat Detected",
  "short_desc": "Detects when an security threat is detected in Okta.",
  "long_desc": "Detects when an security threat is detected in Okta.\n\nMITRE ATT&CK:\n  Tactics: Command And Control\n\nReferences:\n  - https://okta.github.io/okta-help/en/prod/Content/Topics/Security/threat-insight/configure-threatinsight-system-log.htm\n  - https://developer.okta.com/docs/reference/api/system-log/\n  - https://developer.okta.com/docs/reference/api/event-types/\n\nFalse Positives:\n  - Unknown\n\nAuthor: Austin Songer @austinsonger\nCreated: 2021-09-12\nModified: 2022-10-09",
  "risk_rating": 5,
  "alarm_enabled": true,
  "rule_enabled": false,
  "blocks": [
    {
      "block_type": "LogObservedRuleBlock",
      "msg_filters": [
        {
          "msg_filter_type": 1,
          "field_filters": [
            {
              "filter_type": 112,
              "filter_type_name": "Command",
              "operator": 0,
              "operator_name": "Value",
              "filter_mode": 1,
              "field_operator": "And",
              "values": [
                "security.threat.detected"
              ]
            }
          ]
        }
      ],
      "group_by_fields": [
        16
      ]
    }
  ]
}