{
  "name": "Potential Okta Password in AlternateID Field",
  "short_desc": "Detects when a user has potentially entered their password into the\nusername field, which will cause the password to be retained in log files.\n",
  "long_desc": "Detects when a user has potentially entered their password into the\nusername field, which will cause the password to be retained in log files.\n\n\nMITRE ATT&CK:\n  Tactics: Credential Access\n  Techniques: T1552\n\nReferences:\n  - https://developer.okta.com/docs/reference/api/system-log/\n  - https://www.mitiga.io/blog/how-okta-passwords-can-be-compromised-uncovering-a-risk-to-user-data\n  - https://help.okta.com/en-us/Content/Topics/users-groups-profiles/usgp-create-character-restriction.htm\n\nFalse Positives:\n  - Unlikely\n\nAuthor: kelnage\nCreated: 2023-04-03\nModified: 2023-10-25",
  "risk_rating": 7,
  "alarm_enabled": true,
  "rule_enabled": false,
  "blocks": [
    {
      "block_type": "LogObservedRuleBlock",
      "msg_filters": [
        {
          "msg_filter_type": 1,
          "field_filters": [
            {
              "filter_type": 112,
              "filter_type_name": "Command",
              "operator": 0,
              "operator_name": "Value",
              "filter_mode": 1,
              "field_operator": "And",
              "values": [
                "core.user_auth.login_failed"
              ]
            },
            {
              "filter_type": 112,
              "filter_type_name": "Command",
              "operator": 2,
              "operator_name": "Regex",
              "filter_mode": 0,
              "field_operator": "Or",
              "values": [
                "\\(\\\\^0oa\\\\..*\\\\|\\\\[a-zA-Z0-9\\\\._%\\\\+-\\\\]\\\\+@\\\\[a-zA-Z0-9\\\\.-\\\\]\\\\+\\\\\\\\.\\\\[a-zA-Z\\\\]\\\\{2,10\\\\}\\)"
              ]
            }
          ]
        }
      ],
      "group_by_fields": [
        16
      ]
    }
  ]
}