{
  "name": "Suspicious VSFTPD Error Messages",
  "short_desc": "Detects suspicious VSFTPD error messages that indicate a fatal or suspicious error that could be caused by exploiting attempts",
  "long_desc": "Detects suspicious VSFTPD error messages that indicate a fatal or suspicious error that could be caused by exploiting attempts\n\nMITRE ATT&CK:\n  Tactics: Initial Access\n  Techniques: T1190\n\nReferences:\n  - https://github.com/dagwieers/vsftpd/\n\nFalse Positives:\n  - Unknown\n\nAuthor: Florian Roth (Nextron Systems)\nCreated: 2017-07-05\nModified: 2021-11-27",
  "risk_rating": 5,
  "alarm_enabled": true,
  "rule_enabled": false,
  "blocks": [
    {
      "block_type": "LogObservedRuleBlock",
      "msg_filters": [],
      "group_by_fields": [
        16
      ]
    }
  ]
}