{
  "name": "Invalid PIM License",
  "short_desc": "Identifies when an organization doesn't have the proper license for PIM and is out of compliance.",
  "long_desc": "Identifies when an organization doesn't have the proper license for PIM and is out of compliance.\n\nMITRE ATT&CK:\n  Tactics: Persistence, Privilege Escalation\n  Techniques: T1078\n\nReferences:\n  - https://learn.microsoft.com/en-us/entra/id-governance/privileged-identity-management/pim-how-to-configure-security-alerts#the-organization-doesnt-have-microsoft-entra-premium-p2-or-microsoft-entra-id-governance\n\nFalse Positives:\n  - Investigate if licenses have expired.\n\nAuthor: Mark Morowczynski '@markmorow', Gloria Lee, '@gleeiamglo'\nCreated: 2023-09-14",
  "risk_rating": 7,
  "alarm_enabled": true,
  "rule_enabled": false,
  "blocks": [
    {
      "block_type": "LogObservedRuleBlock",
      "msg_filters": [
        {
          "msg_filter_type": 1,
          "field_filters": [
            {
              "filter_type": 112,
              "filter_type_name": "Command",
              "operator": 0,
              "operator_name": "Value",
              "filter_mode": 1,
              "field_operator": "And",
              "values": [
                "invalidLicenseAlertIncident"
              ]
            }
          ]
        }
      ],
      "group_by_fields": [
        16
      ]
    }
  ]
}