{
  "name": "Stale Accounts In A Privileged Role",
  "short_desc": "Identifies when an account hasn't signed in during the past n number of days.",
  "long_desc": "Identifies when an account hasn't signed in during the past n number of days.\n\nMITRE ATT&CK:\n  Tactics: Persistence, Privilege Escalation\n  Techniques: T1078\n\nReferences:\n  - https://learn.microsoft.com/en-us/entra/id-governance/privileged-identity-management/pim-how-to-configure-security-alerts#potential-stale-accounts-in-a-privileged-role\n\nFalse Positives:\n  - Investigate if potential generic account that cannot be removed.\n\nAuthor: Mark Morowczynski '@markmorow', Gloria Lee, '@gleeiamglo'\nCreated: 2023-09-14",
  "risk_rating": 7,
  "alarm_enabled": true,
  "rule_enabled": false,
  "blocks": [
    {
      "block_type": "LogObservedRuleBlock",
      "msg_filters": [
        {
          "msg_filter_type": 1,
          "field_filters": [
            {
              "filter_type": 112,
              "filter_type_name": "Command",
              "operator": 0,
              "operator_name": "Value",
              "filter_mode": 1,
              "field_operator": "And",
              "values": [
                "staleSignInAlertIncident"
              ]
            }
          ]
        }
      ],
      "group_by_fields": [
        16
      ]
    }
  ]
}