{
  "name": "Roles Activated Too Frequently",
  "short_desc": "Identifies when the same privilege role has multiple activations by the same user.",
  "long_desc": "Identifies when the same privilege role has multiple activations by the same user.\n\nMITRE ATT&CK:\n  Tactics: Persistence, Privilege Escalation\n  Techniques: T1078\n\nReferences:\n  - https://learn.microsoft.com/en-us/entra/id-governance/privileged-identity-management/pim-how-to-configure-security-alerts#roles-are-being-activated-too-frequently\n\nFalse Positives:\n  - Investigate where if active time period for a role is set too short.\n\nAuthor: Mark Morowczynski '@markmorow', Gloria Lee, '@gleeiamglo'\nCreated: 2023-09-14",
  "risk_rating": 7,
  "alarm_enabled": true,
  "rule_enabled": false,
  "blocks": [
    {
      "block_type": "LogObservedRuleBlock",
      "msg_filters": [
        {
          "msg_filter_type": 1,
          "field_filters": [
            {
              "filter_type": 112,
              "filter_type_name": "Command",
              "operator": 0,
              "operator_name": "Value",
              "filter_mode": 1,
              "field_operator": "And",
              "values": [
                "sequentialActivationRenewalsAlertIncident"
              ]
            }
          ]
        }
      ],
      "group_by_fields": [
        16
      ]
    }
  ]
}