{
  "name": "Roles Assigned Outside PIM",
  "short_desc": "Identifies when a privilege role assignment has taken place outside of PIM and may indicate an attack.",
  "long_desc": "Identifies when a privilege role assignment has taken place outside of PIM and may indicate an attack.\n\nMITRE ATT&CK:\n  Tactics: Persistence, Privilege Escalation\n  Techniques: T1078\n\nReferences:\n  - https://learn.microsoft.com/en-us/entra/id-governance/privileged-identity-management/pim-how-to-configure-security-alerts#roles-are-being-assigned-outside-of-privileged-identity-management\n\nFalse Positives:\n  - Investigate where users are being assigned privileged roles outside of Privileged Identity Management and prohibit future assignments from there.\n\nAuthor: Mark Morowczynski '@markmorow', Gloria Lee, '@gleeiamglo'\nCreated: 2023-09-14",
  "risk_rating": 7,
  "alarm_enabled": true,
  "rule_enabled": false,
  "blocks": [
    {
      "block_type": "LogObservedRuleBlock",
      "msg_filters": [
        {
          "msg_filter_type": 1,
          "field_filters": [
            {
              "filter_type": 112,
              "filter_type_name": "Command",
              "operator": 0,
              "operator_name": "Value",
              "filter_mode": 1,
              "field_operator": "And",
              "values": [
                "rolesAssignedOutsidePrivilegedIdentityManagementAlertConfiguration"
              ]
            }
          ]
        }
      ],
      "group_by_fields": [
        16
      ]
    }
  ]
}