{
  "name": "Guacamole Two Users Sharing Session Anomaly",
  "short_desc": "Detects suspicious session with two users present",
  "long_desc": "Detects suspicious session with two users present\n\nMITRE ATT&CK:\n  Tactics: Credential Access\n  Techniques: T1212\n\nReferences:\n  - https://research.checkpoint.com/2020/apache-guacamole-rce/\n\nFalse Positives:\n  - Unknown\n\nAuthor: Florian Roth (Nextron Systems)\nCreated: 2020-07-03\nModified: 2021-11-27",
  "risk_rating": 7,
  "alarm_enabled": true,
  "rule_enabled": false,
  "blocks": [
    {
      "block_type": "LogObservedRuleBlock",
      "msg_filters": [],
      "group_by_fields": [
        16
      ]
    }
  ]
}