{
  "name": "Google Cloud DNS Zone Modified or Deleted",
  "short_desc": "Identifies when a DNS Zone is modified or deleted in Google Cloud.",
  "long_desc": "Identifies when a DNS Zone is modified or deleted in Google Cloud.\n\nMITRE ATT&CK:\n  Tactics: Impact\n\nReferences:\n  - https://cloud.google.com/dns/docs/reference/v1/managedZones\n\nFalse Positives:\n  - Unknown\n\nAuthor: Austin Songer @austinsonger\nCreated: 2021-08-15\nModified: 2022-10-09",
  "risk_rating": 5,
  "alarm_enabled": true,
  "rule_enabled": false,
  "blocks": [
    {
      "block_type": "LogObservedRuleBlock",
      "msg_filters": [
        {
          "msg_filter_type": 1,
          "field_filters": [
            {
              "filter_type": 112,
              "filter_type_name": "Command",
              "operator": 0,
              "operator_name": "Value",
              "filter_mode": 1,
              "field_operator": "And",
              "values": [
                "Dns.ManagedZones.Delete",
                "Dns.ManagedZones.Update",
                "Dns.ManagedZones.Patch"
              ]
            }
          ]
        }
      ],
      "group_by_fields": [
        17
      ]
    }
  ]
}