{
  "name": "Google Cloud Firewall Modified or Deleted",
  "short_desc": "Detects  when a firewall rule is modified or deleted in Google Cloud Platform (GCP).",
  "long_desc": "Detects  when a firewall rule is modified or deleted in Google Cloud Platform (GCP).\n\nMITRE ATT&CK:\n  Tactics: Defense Evasion\n  Techniques: T1562\n\nReferences:\n  - https://cloud.google.com/kubernetes-engine/docs/how-to/audit-logging\n  - https://developers.google.com/resources/api-libraries/documentation/compute/v1/java/latest/com/google/api/services/compute/Compute.Firewalls.html\n\nFalse Positives:\n  - Firewall rules being modified or deleted may be performed by a system administrator. Verify that the firewall configuration change was expected.\n  - Exceptions can be added to this rule to filter expected behavior.\n\nAuthor: Austin Songer @austinsonger\nCreated: 2021-08-13\nModified: 2022-10-09",
  "risk_rating": 5,
  "alarm_enabled": true,
  "rule_enabled": false,
  "blocks": [
    {
      "block_type": "LogObservedRuleBlock",
      "msg_filters": [
        {
          "msg_filter_type": 1,
          "field_filters": [
            {
              "filter_type": 112,
              "filter_type_name": "Command",
              "operator": 0,
              "operator_name": "Value",
              "filter_mode": 1,
              "field_operator": "And",
              "values": [
                "v.*\\\\.Compute\\\\.Firewalls\\\\.Delete",
                "v.*\\\\.Compute\\\\.Firewalls\\\\.Patch",
                "v.*\\\\.Compute\\\\.Firewalls\\\\.Update",
                "v.*\\\\.Compute\\\\.Firewalls\\\\.Insert"
              ]
            }
          ]
        }
      ],
      "group_by_fields": [
        17
      ]
    }
  ]
}