{
  "name": "Google Cloud VPN Tunnel Modified or Deleted",
  "short_desc": "Identifies when a VPN Tunnel Modified or Deleted in Google Cloud.",
  "long_desc": "Identifies when a VPN Tunnel Modified or Deleted in Google Cloud.\n\nMITRE ATT&CK:\n  Tactics: Impact\n\nReferences:\n  - https://any-api.com/googleapis_com/compute/docs/vpnTunnels\n\nFalse Positives:\n  - VPN Tunnel being modified or deleted may be performed by a system administrator.\n  - Verify whether the user identity, user agent, and/or hostname should be making changes in your environment.\n  - VPN Tunnel modified or deleted from unfamiliar users should be investigated. If known behavior is causing false positives, it can be exempted from the rule.\n\nAuthor: Austin Songer @austinsonger\nCreated: 2021-08-16\nModified: 2022-10-09",
  "risk_rating": 5,
  "alarm_enabled": true,
  "rule_enabled": false,
  "blocks": [
    {
      "block_type": "LogObservedRuleBlock",
      "msg_filters": [
        {
          "msg_filter_type": 1,
          "field_filters": [
            {
              "filter_type": 112,
              "filter_type_name": "Command",
              "operator": 0,
              "operator_name": "Value",
              "filter_mode": 1,
              "field_operator": "And",
              "values": [
                "compute.vpnTunnels.insert",
                "compute.vpnTunnels.delete"
              ]
            }
          ]
        }
      ],
      "group_by_fields": [
        17
      ]
    }
  ]
}