{
  "name": "Google Cloud Kubernetes RoleBinding",
  "short_desc": "Detects the creation or patching of potential malicious RoleBinding. This includes RoleBindings and ClusterRoleBinding.",
  "long_desc": "Detects the creation or patching of potential malicious RoleBinding. This includes RoleBindings and ClusterRoleBinding.\n\nMITRE ATT&CK:\n  Tactics: Credential Access\n\nReferences:\n  - https://github.com/elastic/detection-rules/pull/1267\n  - https://kubernetes.io/docs/reference/kubernetes-api/authorization-resources/cluster-role-v1/#ClusterRole\n  - https://cloud.google.com/kubernetes-engine/docs/how-to/role-based-access-control\n  - https://kubernetes.io/docs/reference/access-authn-authz/rbac/\n  - https://cloud.google.com/kubernetes-engine/docs/how-to/audit-logging\n\nFalse Positives:\n  - RoleBindings and ClusterRoleBinding being modified or deleted may be performed by a system administrator. Verify whether the user identity, user agent, and/or hostname should be making changes in your environment.\n  - RoleBindings and ClusterRoleBinding modified or deleted from unfamiliar users should be investigated. If known behavior is causing false positives, it can be exempted from the rule.\n\nAuthor: Austin Songer @austinsonger\nCreated: 2021-08-09\nModified: 2022-10-09",
  "risk_rating": 5,
  "alarm_enabled": true,
  "rule_enabled": false,
  "blocks": [
    {
      "block_type": "LogObservedRuleBlock",
      "msg_filters": [
        {
          "msg_filter_type": 1,
          "field_filters": [
            {
              "filter_type": 112,
              "filter_type_name": "Command",
              "operator": 0,
              "operator_name": "Value",
              "filter_mode": 1,
              "field_operator": "And",
              "values": [
                "io\\\\.k8s\\\\.authorization\\\\.rbac\\\\.v.*\\\\.clusterrolebindings\\\\.create",
                "io\\\\.k8s\\\\.authorization\\\\.rbac\\\\.v.*\\\\.rolebindings\\\\.create",
                "io\\\\.k8s\\\\.authorization\\\\.rbac\\\\.v.*\\\\.clusterrolebindings\\\\.patch",
                "io\\\\.k8s\\\\.authorization\\\\.rbac\\\\.v.*\\\\.rolebindings\\\\.patch",
                "io\\\\.k8s\\\\.authorization\\\\.rbac\\\\.v.*\\\\.clusterrolebindings\\\\.update",
                "io\\\\.k8s\\\\.authorization\\\\.rbac\\\\.v.*\\\\.rolebindings\\\\.update",
                "io\\\\.k8s\\\\.authorization\\\\.rbac\\\\.v.*\\\\.clusterrolebindings\\\\.delete",
                "io\\\\.k8s\\\\.authorization\\\\.rbac\\\\.v.*\\\\.rolebindings\\\\.delete"
              ]
            }
          ]
        }
      ],
      "group_by_fields": [
        17
      ]
    }
  ]
}