{
  "name": "GCP Break-glass Container Workload Deployed",
  "short_desc": "Detects the deployment of workloads that are deployed by using the break-glass flag to override Binary Authorization controls.\n",
  "long_desc": "Detects the deployment of workloads that are deployed by using the break-glass flag to override Binary Authorization controls.\n\n\nMITRE ATT&CK:\n  Tactics: Defense Evasion\n  Techniques: T1548\n\nReferences:\n  - https://cloud.google.com/binary-authorization\n\nFalse Positives:\n  - Unknown\n\nAuthor: Bryan Lim\nCreated: 2024-01-12",
  "risk_rating": 5,
  "alarm_enabled": true,
  "rule_enabled": false,
  "blocks": [
    {
      "block_type": "LogObservedRuleBlock",
      "msg_filters": [
        {
          "msg_filter_type": 1,
          "field_filters": [
            {
              "filter_type": 112,
              "filter_type_name": "Command",
              "operator": 0,
              "operator_name": "Value",
              "filter_mode": 1,
              "field_operator": "And",
              "values": [
                "k8s_cluster"
              ]
            },
            {
              "filter_type": 112,
              "filter_type_name": "Command",
              "operator": 0,
              "operator_name": "Value",
              "filter_mode": 1,
              "field_operator": "Or",
              "values": [
                "cloudaudit.googleapis.com/activity",
                "cloudaudit.googleapis.com%2Factivity"
              ]
            },
            {
              "filter_type": 112,
              "filter_type_name": "Command",
              "operator": 0,
              "operator_name": "Value",
              "filter_mode": 1,
              "field_operator": "Or",
              "values": [
                "io.k8s.core.v1.pods.create"
              ]
            }
          ]
        }
      ],
      "group_by_fields": [
        17
      ]
    }
  ]
}