{
  "name": "GCP Access Policy Deleted",
  "short_desc": "Detects when an access policy that is applied to a GCP cloud resource is deleted.\nAn adversary would be able to remove access policies to gain access to a GCP cloud resource.\n",
  "long_desc": "Detects when an access policy that is applied to a GCP cloud resource is deleted.\nAn adversary would be able to remove access policies to gain access to a GCP cloud resource.\n\n\nMITRE ATT&CK:\n  Tactics: Persistence, Privilege Escalation\n  Techniques: T1098\n\nReferences:\n  - https://cloud.google.com/access-context-manager/docs/audit-logging\n  - https://cloud.google.com/logging/docs/audit/understanding-audit-logs\n  - https://cloud.google.com/logging/docs/reference/audit/auditlog/rest/Shared.Types/AuditLog\n\nFalse Positives:\n  - Legitimate administrative activities\n\nAuthor: Bryan Lim\nCreated: 2024-01-12",
  "risk_rating": 5,
  "alarm_enabled": true,
  "rule_enabled": false,
  "blocks": [
    {
      "block_type": "LogObservedRuleBlock",
      "msg_filters": [
        {
          "msg_filter_type": 1,
          "field_filters": [
            {
              "filter_type": 112,
              "filter_type_name": "Command",
              "operator": 0,
              "operator_name": "Value",
              "filter_mode": 1,
              "field_operator": "And",
              "values": [
                "accesscontextmanager.accessPolicies.delete",
                "accesscontextmanager.accessPolicies.accessLevels.delete",
                "accesscontextmanager.accessPolicies.accessZones.delete",
                "accesscontextmanager.accessPolicies.authorizedOrgsDescs.delete"
              ]
            },
            {
              "filter_type": 112,
              "filter_type_name": "Command",
              "operator": 0,
              "operator_name": "Value",
              "filter_mode": 1,
              "field_operator": "Or",
              "values": [
                "true"
              ]
            },
            {
              "filter_type": 112,
              "filter_type_name": "Command",
              "operator": 0,
              "operator_name": "Value",
              "filter_mode": 1,
              "field_operator": "Or",
              "values": [
                "accesscontextmanager.googleapis.com"
              ]
            }
          ]
        }
      ],
      "group_by_fields": [
        17
      ]
    }
  ]
}