{
  "name": "Google Cloud Storage Buckets Modified or Deleted",
  "short_desc": "Detects when storage bucket is modified or deleted in Google Cloud.",
  "long_desc": "Detects when storage bucket is modified or deleted in Google Cloud.\n\nMITRE ATT&CK:\n  Tactics: Impact\n\nReferences:\n  - https://cloud.google.com/storage/docs/json_api/v1/buckets\n\nFalse Positives:\n  - Storage Buckets being modified or deleted may be performed by a system administrator. Verify whether the user identity, user agent, and/or hostname should be making changes in your environment.\n  - Storage Buckets modified or deleted from unfamiliar users should be investigated. If known behavior is causing false positives, it can be exempted from the rule.\n\nAuthor: Austin Songer @austinsonger\nCreated: 2021-08-14\nModified: 2022-10-09",
  "risk_rating": 5,
  "alarm_enabled": true,
  "rule_enabled": false,
  "blocks": [
    {
      "block_type": "LogObservedRuleBlock",
      "msg_filters": [
        {
          "msg_filter_type": 1,
          "field_filters": [
            {
              "filter_type": 112,
              "filter_type_name": "Command",
              "operator": 0,
              "operator_name": "Value",
              "filter_mode": 1,
              "field_operator": "And",
              "values": [
                "storage.buckets.delete",
                "storage.buckets.insert",
                "storage.buckets.update",
                "storage.buckets.patch"
              ]
            }
          ]
        }
      ],
      "group_by_fields": [
        17
      ]
    }
  ]
}