{
  "name": "Google Cloud Kubernetes Secrets Modified or Deleted",
  "short_desc": "Identifies when the Secrets are Modified or Deleted.",
  "long_desc": "Identifies when the Secrets are Modified or Deleted.\n\nMITRE ATT&CK:\n  Tactics: Credential Access\n\nReferences:\n  - https://cloud.google.com/kubernetes-engine/docs/how-to/audit-logging\n\nFalse Positives:\n  - Secrets being modified or deleted may be performed by a system administrator. Verify whether the user identity, user agent, and/or hostname should be making changes in your environment.\n  - Secrets modified or deleted from unfamiliar users should be investigated. If known behavior is causing false positives, it can be exempted from the rule.\n\nAuthor: Austin Songer @austinsonger\nCreated: 2021-08-09\nModified: 2022-10-09",
  "risk_rating": 5,
  "alarm_enabled": true,
  "rule_enabled": false,
  "blocks": [
    {
      "block_type": "LogObservedRuleBlock",
      "msg_filters": [
        {
          "msg_filter_type": 1,
          "field_filters": [
            {
              "filter_type": 112,
              "filter_type_name": "Command",
              "operator": 0,
              "operator_name": "Value",
              "filter_mode": 1,
              "field_operator": "And",
              "values": [
                "io\\\\.k8s\\\\.core\\\\.v.*\\\\.secrets\\\\.create",
                "io\\\\.k8s\\\\.core\\\\.v.*\\\\.secrets\\\\.update",
                "io\\\\.k8s\\\\.core\\\\.v.*\\\\.secrets\\\\.patch",
                "io\\\\.k8s\\\\.core\\\\.v.*\\\\.secrets\\\\.delete"
              ]
            }
          ]
        }
      ],
      "group_by_fields": [
        17
      ]
    }
  ]
}