{
  "name": "Google Cloud SQL Database Modified or Deleted",
  "short_desc": "Detect when a Cloud SQL DB has been modified or deleted.",
  "long_desc": "Detect when a Cloud SQL DB has been modified or deleted.\n\nMITRE ATT&CK:\n  Tactics: Impact\n\nReferences:\n  - https://cloud.google.com/sql/docs/mysql/admin-api/rest/v1beta4/users/update\n\nFalse Positives:\n  - SQL Database being modified or deleted may be performed by a system administrator.\n  - Verify whether the user identity, user agent, and/or hostname should be making changes in your environment.\n  - SQL Database modified or deleted from unfamiliar users should be investigated. If known behavior is causing false positives, it can be exempted from the rule.\n\nAuthor: Austin Songer @austinsonger\nCreated: 2021-10-15\nModified: 2022-12-25",
  "risk_rating": 5,
  "alarm_enabled": true,
  "rule_enabled": false,
  "blocks": [
    {
      "block_type": "LogObservedRuleBlock",
      "msg_filters": [
        {
          "msg_filter_type": 1,
          "field_filters": [
            {
              "filter_type": 112,
              "filter_type_name": "Command",
              "operator": 0,
              "operator_name": "Value",
              "filter_mode": 1,
              "field_operator": "And",
              "values": [
                "cloudsql.instances.create",
                "cloudsql.instances.delete",
                "cloudsql.users.update",
                "cloudsql.users.delete"
              ]
            }
          ]
        }
      ],
      "group_by_fields": [
        17
      ]
    }
  ]
}