{
  "name": "Google Cloud Re-identifies Sensitive Information",
  "short_desc": "Identifies when sensitive information is re-identified in google Cloud.",
  "long_desc": "Identifies when sensitive information is re-identified in google Cloud.\n\nMITRE ATT&CK:\n  Tactics: Impact\n  Techniques: T1565\n\nReferences:\n  - https://cloud.google.com/dlp/docs/reference/rest/v2/projects.content/reidentify\n\nFalse Positives:\n  - Unknown\n\nAuthor: Austin Songer @austinsonger\nCreated: 2021-08-15\nModified: 2022-10-09",
  "risk_rating": 5,
  "alarm_enabled": true,
  "rule_enabled": false,
  "blocks": [
    {
      "block_type": "LogObservedRuleBlock",
      "msg_filters": [
        {
          "msg_filter_type": 1,
          "field_filters": [
            {
              "filter_type": 112,
              "filter_type_name": "Command",
              "operator": 0,
              "operator_name": "Value",
              "filter_mode": 1,
              "field_operator": "And",
              "values": [
                "projects.content.reidentify"
              ]
            }
          ]
        }
      ],
      "group_by_fields": [
        17
      ]
    }
  ]
}