{
  "name": "Google Full Network Traffic Packet Capture",
  "short_desc": "Identifies potential full network packet capture in gcp. This feature can potentially be abused to read sensitive data from unencrypted internal traffic.",
  "long_desc": "Identifies potential full network packet capture in gcp. This feature can potentially be abused to read sensitive data from unencrypted internal traffic.\n\nMITRE ATT&CK:\n  Tactics: Collection\n  Techniques: T1074\n\nReferences:\n  - https://cloud.google.com/kubernetes-engine/docs/how-to/audit-logging\n  - https://developers.google.com/resources/api-libraries/documentation/compute/v1/java/latest/com/google/api/services/compute/Compute.PacketMirrorings.html\n\nFalse Positives:\n  - Full Network Packet Capture may be done by a system or network administrator.\n  - If known behavior is causing false positives, it can be exempted from the rule.\n\nAuthor: Austin Songer @austinsonger\nCreated: 2021-08-13\nModified: 2022-10-09",
  "risk_rating": 5,
  "alarm_enabled": true,
  "rule_enabled": false,
  "blocks": [
    {
      "block_type": "LogObservedRuleBlock",
      "msg_filters": [
        {
          "msg_filter_type": 1,
          "field_filters": [
            {
              "filter_type": 112,
              "filter_type_name": "Command",
              "operator": 0,
              "operator_name": "Value",
              "filter_mode": 1,
              "field_operator": "And",
              "values": [
                "v.*\\\\.Compute\\\\.PacketMirrorings\\\\.Get",
                "v.*\\\\.Compute\\\\.PacketMirrorings\\\\.Delete",
                "v.*\\\\.Compute\\\\.PacketMirrorings\\\\.Insert",
                "v.*\\\\.Compute\\\\.PacketMirrorings\\\\.Patch",
                "v.*\\\\.Compute\\\\.PacketMirrorings\\\\.List",
                "v.*\\\\.Compute\\\\.PacketMirrorings\\\\.aggregatedList"
              ]
            }
          ]
        }
      ],
      "group_by_fields": [
        17
      ]
    }
  ]
}