{
  "name": "Google Cloud Service Account Disabled or Deleted",
  "short_desc": "Identifies when a service account is disabled or deleted in Google Cloud.",
  "long_desc": "Identifies when a service account is disabled or deleted in Google Cloud.\n\nMITRE ATT&CK:\n  Tactics: Impact\n  Techniques: T1531\n\nReferences:\n  - https://cloud.google.com/iam/docs/reference/rest/v1/projects.serviceAccounts\n\nFalse Positives:\n  - Service Account being disabled or deleted may be performed by a system administrator. Verify whether the user identity, user agent, and/or hostname should be making changes in your environment.\n  - Service Account disabled or deleted from unfamiliar users should be investigated. If known behavior is causing false positives, it can be exempted from the rule.\n\nAuthor: Austin Songer @austinsonger\nCreated: 2021-08-14\nModified: 2022-10-09",
  "risk_rating": 5,
  "alarm_enabled": true,
  "rule_enabled": false,
  "blocks": [
    {
      "block_type": "LogObservedRuleBlock",
      "msg_filters": [
        {
          "msg_filter_type": 1,
          "field_filters": [
            {
              "filter_type": 112,
              "filter_type_name": "Command",
              "operator": 2,
              "operator_name": "Regex",
              "filter_mode": 1,
              "field_operator": "And",
              "values": [
                "\\\\.serviceAccounts\\\\.disable$",
                "\\\\.serviceAccounts\\\\.delete$"
              ]
            }
          ]
        }
      ],
      "group_by_fields": [
        17
      ]
    }
  ]
}