{
  "name": "Suspicious SQL Query",
  "short_desc": "Detects suspicious SQL query keywrods that are often used during recon, exfiltration or destructive activities. Such as dropping tables and selecting wildcard fields",
  "long_desc": "Detects suspicious SQL query keywrods that are often used during recon, exfiltration or destructive activities. Such as dropping tables and selecting wildcard fields\n\nMITRE ATT&CK:\n  Tactics: Exfiltration, Initial Access, Privilege Escalation, Persistence\n  Techniques: T1190, T1505.001\n\nReferences:\n  - https://github.com/sqlmapproject/sqlmap\n\nFalse Positives:\n  - Inventory and monitoring activity\n  - Vulnerability scanners\n  - Legitimate applications\n\nAuthor: @juju4\nCreated: 2022-12-27",
  "risk_rating": 5,
  "alarm_enabled": true,
  "rule_enabled": false,
  "blocks": [
    {
      "block_type": "LogObservedRuleBlock",
      "msg_filters": [],
      "group_by_fields": [
        17
      ]
    }
  ]
}