{
  "name": "OneLogin User Assumed Another User",
  "short_desc": "Detects when an user assumed another user account.",
  "long_desc": "Detects when an user assumed another user account.\n\nMITRE ATT&CK:\n  Tactics: Impact\n\nReferences:\n  - https://developers.onelogin.com/api-docs/1/events/event-resource\n\nFalse Positives:\n  - Unknown\n\nAuthor: Austin Songer @austinsonger\nCreated: 2021-10-12\nModified: 2022-12-25",
  "risk_rating": 3,
  "alarm_enabled": true,
  "rule_enabled": false,
  "blocks": [
    {
      "block_type": "LogObservedRuleBlock",
      "msg_filters": [
        {
          "msg_filter_type": 1,
          "field_filters": [
            {
              "filter_type": 112,
              "filter_type_name": "Command",
              "operator": 0,
              "operator_name": "Value",
              "filter_mode": 1,
              "field_operator": "And",
              "values": [
                3
              ]
            }
          ]
        }
      ],
      "group_by_fields": [
        17
      ]
    }
  ]
}