{
  "name": "Suspicious SQL Error Messages",
  "short_desc": "Detects SQL error messages that indicate probing for an injection attack",
  "long_desc": "Detects SQL error messages that indicate probing for an injection attack\n\nMITRE ATT&CK:\n  Tactics: Initial Access\n  Techniques: T1190\n\nReferences:\n  - http://www.sqlinjection.net/errors\n\nFalse Positives:\n  - A syntax error in MySQL also occurs in non-dynamic (safe) queries if there is an empty in() clause, that may often be the case.\n\nAuthor: Bjoern Kimminich\nCreated: 2017-11-27\nModified: 2023-02-12",
  "risk_rating": 7,
  "alarm_enabled": true,
  "rule_enabled": false,
  "blocks": [
    {
      "block_type": "LogObservedRuleBlock",
      "msg_filters": [],
      "group_by_fields": [
        17
      ]
    }
  ]
}