{
  "name": "Python SQL Exceptions",
  "short_desc": "Generic rule for SQL exceptions in Python according to PEP 249",
  "long_desc": "Generic rule for SQL exceptions in Python according to PEP 249\n\nMITRE ATT&CK:\n  Tactics: Initial Access\n  Techniques: T1190\n\nReferences:\n  - https://www.python.org/dev/peps/pep-0249/#exceptions\n\nFalse Positives:\n  - Application bugs\n\nAuthor: Thomas Patzke\nCreated: 2017-08-12\nModified: 2020-09-01",
  "risk_rating": 5,
  "alarm_enabled": true,
  "rule_enabled": false,
  "blocks": [
    {
      "block_type": "LogObservedRuleBlock",
      "msg_filters": [],
      "group_by_fields": [
        17
      ]
    }
  ]
}