{
  "name": "Primary Refresh Token Access Attempt",
  "short_desc": "Indicates access attempt to the PRT resource which can be used to move laterally into an organization or perform credential theft",
  "long_desc": "Indicates access attempt to the PRT resource which can be used to move laterally into an organization or perform credential theft\n\nMITRE ATT&CK:\n  Tactics: Credential Access\n  Techniques: T1528\n\nReferences:\n  - https://learn.microsoft.com/en-us/entra/id-protection/concept-identity-protection-risks#possible-attempt-to-access-primary-refresh-token-prt\n  - https://learn.microsoft.com/en-us/entra/architecture/security-operations-user-accounts#unusual-sign-ins\n\nFalse Positives:\n  - This detection is low-volume and is seen infrequently in most organizations. When this detection appears it's high risk, and users should be remediated.\n\nAuthor: Mark Morowczynski '@markmorow', Gloria Lee, '@gleeiamglo'\nCreated: 2023-09-07",
  "risk_rating": 7,
  "alarm_enabled": true,
  "rule_enabled": false,
  "blocks": [
    {
      "block_type": "LogObservedRuleBlock",
      "msg_filters": [
        {
          "msg_filter_type": 1,
          "field_filters": [
            {
              "filter_type": 112,
              "filter_type_name": "Command",
              "operator": 0,
              "operator_name": "Value",
              "filter_mode": 1,
              "field_operator": "And",
              "values": [
                "attemptedPrtAccess"
              ]
            }
          ]
        }
      ],
      "group_by_fields": [
        16
      ]
    }
  ]
}