{
  "name": "Anomalous Token",
  "short_desc": "Indicates that there are abnormal characteristics in the token such as an unusual token lifetime or a token that is played from an unfamiliar location.",
  "long_desc": "Indicates that there are abnormal characteristics in the token such as an unusual token lifetime or a token that is played from an unfamiliar location.\n\nMITRE ATT&CK:\n  Tactics: Credential Access\n  Techniques: T1528\n\nReferences:\n  - https://learn.microsoft.com/en-us/entra/id-protection/concept-identity-protection-risks#anomalous-token\n  - https://learn.microsoft.com/en-us/entra/architecture/security-operations-user-accounts#unusual-sign-ins\n\nFalse Positives:\n  - We recommend investigating the sessions flagged by this detection in the context of other sign-ins from the user.\n\nAuthor: Mark Morowczynski '@markmorow'\nCreated: 2023-08-07",
  "risk_rating": 7,
  "alarm_enabled": true,
  "rule_enabled": false,
  "blocks": [
    {
      "block_type": "LogObservedRuleBlock",
      "msg_filters": [
        {
          "msg_filter_type": 1,
          "field_filters": [
            {
              "filter_type": 112,
              "filter_type_name": "Command",
              "operator": 0,
              "operator_name": "Value",
              "filter_mode": 1,
              "field_operator": "And",
              "values": [
                "anomalousToken"
              ]
            }
          ]
        }
      ],
      "group_by_fields": [
        16
      ]
    }
  ]
}