{
  "name": "Anonymous IP Address",
  "short_desc": "Indicates sign-ins from an anonymous IP address, for example, using an anonymous browser or VPN.",
  "long_desc": "Indicates sign-ins from an anonymous IP address, for example, using an anonymous browser or VPN.\n\nMITRE ATT&CK:\n  Tactics: Credential Access\n  Techniques: T1528\n\nReferences:\n  - https://learn.microsoft.com/en-us/graph/api/resources/riskdetection?view=graph-rest-1.0\n  - https://learn.microsoft.com/en-us/entra/id-protection/concept-identity-protection-risks#anonymous-ip-address\n\nFalse Positives:\n  - We recommend investigating the sessions flagged by this detection in the context of other sign-ins\n\nAuthor: Gloria Lee, '@gleeiamglo'\nCreated: 2023-08-22",
  "risk_rating": 7,
  "alarm_enabled": true,
  "rule_enabled": false,
  "blocks": [
    {
      "block_type": "LogObservedRuleBlock",
      "msg_filters": [
        {
          "msg_filter_type": 1,
          "field_filters": [
            {
              "filter_type": 112,
              "filter_type_name": "Command",
              "operator": 0,
              "operator_name": "Value",
              "filter_mode": 1,
              "field_operator": "And",
              "values": [
                "anonymizedIPAddress"
              ]
            }
          ]
        }
      ],
      "group_by_fields": [
        16
      ]
    }
  ]
}