{
  "name": "Suspicious Inbox Manipulation Rules",
  "short_desc": "Detects suspicious rules that delete or move messages or folders are set on a user's inbox.",
  "long_desc": "Detects suspicious rules that delete or move messages or folders are set on a user's inbox.\n\nMITRE ATT&CK:\n  Tactics: Defense Evasion\n  Techniques: T1140\n\nReferences:\n  - https://learn.microsoft.com/en-us/entra/id-protection/concept-identity-protection-risks#suspicious-inbox-manipulation-rules\n  - https://learn.microsoft.com/en-us/entra/architecture/security-operations-user-accounts#unusual-sign-ins\n\nFalse Positives:\n  - Actual mailbox rules that are moving items based on their workflow.\n\nAuthor: Mark Morowczynski '@markmorow', Gloria Lee, '@gleeiamglo'\nCreated: 2023-09-03",
  "risk_rating": 7,
  "alarm_enabled": true,
  "rule_enabled": false,
  "blocks": [
    {
      "block_type": "LogObservedRuleBlock",
      "msg_filters": [
        {
          "msg_filter_type": 1,
          "field_filters": [
            {
              "filter_type": 112,
              "filter_type_name": "Command",
              "operator": 0,
              "operator_name": "Value",
              "filter_mode": 1,
              "field_operator": "And",
              "values": [
                "mcasSuspiciousInboxManipulationRules"
              ]
            }
          ]
        }
      ],
      "group_by_fields": [
        16
      ]
    }
  ]
}