{
  "name": "Activity From Anonymous IP Address",
  "short_desc": "Identifies that users were active from an IP address that has been identified as an anonymous proxy IP address.",
  "long_desc": "Identifies that users were active from an IP address that has been identified as an anonymous proxy IP address.\n\nMITRE ATT&CK:\n  Tactics: Persistence, Defense Evasion, Privilege Escalation, Initial Access\n  Techniques: T1078\n\nReferences:\n  - https://learn.microsoft.com/en-us/entra/id-protection/concept-identity-protection-risks#activity-from-anonymous-ip-address\n  - https://learn.microsoft.com/en-us/entra/architecture/security-operations-user-accounts#unusual-sign-ins\n\nFalse Positives:\n  - We recommend investigating the sessions flagged by this detection in the context of other sign-ins from the user.\n\nAuthor: Mark Morowczynski '@markmorow', Gloria Lee, '@gleeiamglo'\nCreated: 2023-09-03",
  "risk_rating": 7,
  "alarm_enabled": true,
  "rule_enabled": false,
  "blocks": [
    {
      "block_type": "LogObservedRuleBlock",
      "msg_filters": [
        {
          "msg_filter_type": 1,
          "field_filters": [
            {
              "filter_type": 112,
              "filter_type_name": "Command",
              "operator": 0,
              "operator_name": "Value",
              "filter_mode": 1,
              "field_operator": "And",
              "values": [
                "riskyIPAddress"
              ]
            }
          ]
        }
      ],
      "group_by_fields": [
        16
      ]
    }
  ]
}