{
  "name": "Azure AD Account Credential Leaked",
  "short_desc": "Indicates that the user's valid credentials have been leaked.",
  "long_desc": "Indicates that the user's valid credentials have been leaked.\n\nMITRE ATT&CK:\n  Tactics: Reconnaissance\n  Techniques: T1589\n\nReferences:\n  - https://learn.microsoft.com/en-us/entra/id-protection/concept-identity-protection-risks#leaked-credentials\n  - https://learn.microsoft.com/en-us/entra/architecture/security-operations-user-accounts#unusual-sign-ins\n\nFalse Positives:\n  - A rare hash collision.\n\nAuthor: Mark Morowczynski '@markmorow', Gloria Lee, '@gleeiamglo'\nCreated: 2023-09-03",
  "risk_rating": 7,
  "alarm_enabled": true,
  "rule_enabled": false,
  "blocks": [
    {
      "block_type": "LogObservedRuleBlock",
      "msg_filters": [
        {
          "msg_filter_type": 1,
          "field_filters": [
            {
              "filter_type": 112,
              "filter_type_name": "Command",
              "operator": 0,
              "operator_name": "Value",
              "filter_mode": 1,
              "field_operator": "And",
              "values": [
                "leakedCredentials"
              ]
            }
          ]
        }
      ],
      "group_by_fields": [
        16
      ]
    }
  ]
}