{
  "name": "Impossible Travel",
  "short_desc": "Identifies user activities originating from geographically distant locations within a time period shorter than the time it takes to travel from the first location to the second.",
  "long_desc": "Identifies user activities originating from geographically distant locations within a time period shorter than the time it takes to travel from the first location to the second.\n\nMITRE ATT&CK:\n  Tactics: Persistence, Defense Evasion, Privilege Escalation, Initial Access\n  Techniques: T1078\n\nReferences:\n  - https://learn.microsoft.com/en-us/entra/id-protection/concept-identity-protection-risks#impossible-travel\n  - https://learn.microsoft.com/en-us/entra/architecture/security-operations-user-accounts#unusual-sign-ins\n\nFalse Positives:\n  - Connecting to a VPN, performing activity and then dropping and performing additional activity.\n\nAuthor: Mark Morowczynski '@markmorow', Gloria Lee, '@gleeiamglo'\nCreated: 2023-09-03",
  "risk_rating": 7,
  "alarm_enabled": true,
  "rule_enabled": false,
  "blocks": [
    {
      "block_type": "LogObservedRuleBlock",
      "msg_filters": [
        {
          "msg_filter_type": 1,
          "field_filters": [
            {
              "filter_type": 112,
              "filter_type_name": "Command",
              "operator": 0,
              "operator_name": "Value",
              "filter_mode": 1,
              "field_operator": "And",
              "values": [
                "impossibleTravel"
              ]
            }
          ]
        }
      ],
      "group_by_fields": [
        16
      ]
    }
  ]
}