{
  "name": "Suspicious Inbox Forwarding Identity Protection",
  "short_desc": "Indicates suspicious rules such as an inbox rule that forwards a copy of all emails to an external address",
  "long_desc": "Indicates suspicious rules such as an inbox rule that forwards a copy of all emails to an external address\n\nMITRE ATT&CK:\n  Tactics: Collection\n  Techniques: T1114.003\n\nReferences:\n  - https://learn.microsoft.com/en-us/entra/id-protection/concept-identity-protection-risks#suspicious-inbox-forwarding\n  - https://learn.microsoft.com/en-us/entra/architecture/security-operations-user-accounts#unusual-sign-ins\n\nFalse Positives:\n  - A legitimate forwarding rule.\n\nAuthor: Mark Morowczynski '@markmorow', Gloria Lee, '@gleeiamglo'\nCreated: 2023-09-03",
  "risk_rating": 7,
  "alarm_enabled": true,
  "rule_enabled": false,
  "blocks": [
    {
      "block_type": "LogObservedRuleBlock",
      "msg_filters": [
        {
          "msg_filter_type": 1,
          "field_filters": [
            {
              "filter_type": 112,
              "filter_type_name": "Command",
              "operator": 0,
              "operator_name": "Value",
              "filter_mode": 1,
              "field_operator": "And",
              "values": [
                "suspiciousInboxForwarding"
              ]
            }
          ]
        }
      ],
      "group_by_fields": [
        16
      ]
    }
  ]
}