{
  "name": "Unfamiliar Sign-In Properties",
  "short_desc": "Detects sign-in with properties that are unfamiliar to the user. The detection considers past sign-in history to look for anomalous sign-ins.",
  "long_desc": "Detects sign-in with properties that are unfamiliar to the user. The detection considers past sign-in history to look for anomalous sign-ins.\n\nMITRE ATT&CK:\n  Tactics: Persistence, Defense Evasion, Privilege Escalation, Initial Access\n  Techniques: T1078\n\nReferences:\n  - https://learn.microsoft.com/en-us/entra/id-protection/concept-identity-protection-risks#unfamiliar-sign-in-properties\n  - https://learn.microsoft.com/en-us/entra/architecture/security-operations-user-accounts#unusual-sign-ins\n\nFalse Positives:\n  - User changing to a new device, location, browser, etc.\n\nAuthor: Mark Morowczynski '@markmorow', Gloria Lee, '@gleeiamglo'\nCreated: 2023-09-03",
  "risk_rating": 7,
  "alarm_enabled": true,
  "rule_enabled": false,
  "blocks": [
    {
      "block_type": "LogObservedRuleBlock",
      "msg_filters": [
        {
          "msg_filter_type": 1,
          "field_filters": [
            {
              "filter_type": 112,
              "filter_type_name": "Command",
              "operator": 0,
              "operator_name": "Value",
              "filter_mode": 1,
              "field_operator": "And",
              "values": [
                "unfamiliarFeatures"
              ]
            }
          ]
        }
      ],
      "group_by_fields": [
        16
      ]
    }
  ]
}