{
  "name": "SAML Token Issuer Anomaly",
  "short_desc": "Indicates the SAML token issuer for the associated SAML token is potentially compromised. The claims included in the token are unusual or match known attacker patterns",
  "long_desc": "Indicates the SAML token issuer for the associated SAML token is potentially compromised. The claims included in the token are unusual or match known attacker patterns\n\nMITRE ATT&CK:\n  Tactics: Credential Access\n  Techniques: T1606\n\nReferences:\n  - https://learn.microsoft.com/en-us/entra/id-protection/concept-identity-protection-risks#token-issuer-anomaly\n  - https://learn.microsoft.com/en-us/entra/architecture/security-operations-user-accounts#unusual-sign-ins\n\nFalse Positives:\n  - We recommend investigating the sessions flagged by this detection in the context of other sign-ins from the user.\n\nAuthor: Mark Morowczynski '@markmorow', Gloria Lee, '@gleeiamglo'\nCreated: 2023-09-03",
  "risk_rating": 7,
  "alarm_enabled": true,
  "rule_enabled": false,
  "blocks": [
    {
      "block_type": "LogObservedRuleBlock",
      "msg_filters": [
        {
          "msg_filter_type": 1,
          "field_filters": [
            {
              "filter_type": 112,
              "filter_type_name": "Command",
              "operator": 0,
              "operator_name": "Value",
              "filter_mode": 1,
              "field_operator": "And",
              "values": [
                "tokenIssuerAnomaly"
              ]
            }
          ]
        }
      ],
      "group_by_fields": [
        16
      ]
    }
  ]
}