{
  "name": "Anomalous User Activity",
  "short_desc": "Indicates that there are anomalous patterns of behavior like suspicious changes to the directory.",
  "long_desc": "Indicates that there are anomalous patterns of behavior like suspicious changes to the directory.\n\nMITRE ATT&CK:\n  Tactics: Persistence\n  Techniques: T1098\n\nReferences:\n  - https://learn.microsoft.com/en-us/entra/id-protection/concept-identity-protection-risks#anomalous-user-activity\n  - https://learn.microsoft.com/en-us/entra/architecture/security-operations-user-accounts#unusual-sign-ins\n\nFalse Positives:\n  - We recommend investigating the sessions flagged by this detection in the context of other sign-ins from the user.\n\nAuthor: Mark Morowczynski '@markmorow', Gloria Lee, '@gleeiamglo'\nCreated: 2023-09-03",
  "risk_rating": 7,
  "alarm_enabled": true,
  "rule_enabled": false,
  "blocks": [
    {
      "block_type": "LogObservedRuleBlock",
      "msg_filters": [
        {
          "msg_filter_type": 1,
          "field_filters": [
            {
              "filter_type": 112,
              "filter_type_name": "Command",
              "operator": 0,
              "operator_name": "Value",
              "filter_mode": 1,
              "field_operator": "And",
              "values": [
                "anomalousUserActivity"
              ]
            }
          ]
        }
      ],
      "group_by_fields": [
        16
      ]
    }
  ]
}