{
  "name": "Default Credentials Usage",
  "short_desc": "Before deploying any new asset, change all default passwords to have values consistent with administrative level accounts.\nSigma detects default credentials usage. Sigma for Qualys vulnerability scanner. Scan type - Vulnerability Management.\n",
  "long_desc": "Before deploying any new asset, change all default passwords to have values consistent with administrative level accounts.\nSigma detects default credentials usage. Sigma for Qualys vulnerability scanner. Scan type - Vulnerability Management.\n\n\nMITRE ATT&CK:\n  Tactics: Initial Access\n\nReferences:\n  - https://www.cisecurity.org/controls/cis-controls-list/\n  - https://www.pcisecuritystandards.org/documents/PCI_DSS_v3-2-1.pdf\n  - https://nvlpubs.nist.gov/nistpubs/CSWP/NIST.CSWP.04162018.pdf\n  - https://community.qualys.com/docs/DOC-6406-reporting-toolbox-focused-search-lists\n\nFalse Positives:\n  - Unknown\n\nAuthor: Alexandr Yampolskyi, SOC Prime\nCreated: 2019-03-26",
  "risk_rating": 5,
  "alarm_enabled": true,
  "rule_enabled": false,
  "blocks": [
    {
      "block_type": "LogObservedRuleBlock",
      "msg_filters": [
        {
          "msg_filter_type": 1,
          "field_filters": [
            {
              "filter_type": 112,
              "filter_type_name": "Command",
              "operator": 0,
              "operator_name": "Value",
              "filter_mode": 1,
              "field_operator": "And",
              "values": [
                10693,
                11507,
                11633,
                11804,
                11821,
                11847,
                11867,
                11931,
                11935,
                11950,
                12541,
                12558,
                12559,
                12560,
                12562,
                12563,
                12565,
                12587,
                12590,
                12599,
                12702,
                12705,
                12706,
                12907,
                12928,
                12929,
                13053,
                13178,
                13200,
                13218,
                13241,
                13253,
                13274,
                13296,
                13301,
                13327,
                13373,
                13374,
                13409,
                13530,
                13532,
                20065,
                20073,
                20081,
                27202,
                27358,
                38702,
                38719,
                42045,
                42417,
                43029,
                43220,
                43221,
                43222,
                43223,
                43225,
                43246,
                43431,
                43484,
                86857,
                87098,
                87106
              ]
            }
          ]
        }
      ],
      "group_by_fields": [
        17
      ]
    }
  ]
}