{
  "name": "Host Without Firewall",
  "short_desc": "Host Without Firewall. Alert means not complied. Sigma for Qualys vulnerability scanner. Scan type - Vulnerability Management.",
  "long_desc": "Host Without Firewall. Alert means not complied. Sigma for Qualys vulnerability scanner. Scan type - Vulnerability Management.\n\nReferences:\n  - https://www.cisecurity.org/controls/cis-controls-list/\n  - https://www.pcisecuritystandards.org/documents/PCI_DSS_v3-2-1.pdf\n  - https://nvlpubs.nist.gov/nistpubs/CSWP/NIST.CSWP.04162018.pdf\n\nAuthor: Alexandr Yampolskyi, SOC Prime\nCreated: 2019-03-19\nModified: 2022-10-05",
  "risk_rating": 3,
  "alarm_enabled": true,
  "rule_enabled": false,
  "blocks": [
    {
      "block_type": "LogObservedRuleBlock",
      "msg_filters": [
        {
          "msg_filter_type": 1,
          "field_filters": [
            {
              "filter_type": 112,
              "filter_type_name": "Command",
              "operator": 0,
              "operator_name": "Value",
              "filter_mode": 1,
              "field_operator": "And",
              "values": [
                "Security Policy"
              ]
            },
            {
              "filter_type": 112,
              "filter_type_name": "Command",
              "operator": 2,
              "operator_name": "Regex",
              "filter_mode": 1,
              "field_operator": "Or",
              "values": [
                "Firewall Product Not Detected"
              ]
            }
          ]
        }
      ],
      "group_by_fields": [
        17
      ]
    }
  ]
}