{
  "name": "Cleartext Protocol Usage Via Netflow",
  "short_desc": "Ensure that all account usernames and authentication credentials are transmitted across networks using encrypted channels\nEnsure that an encryption is used for all sensitive information in transit.\nEnsure that an encrypted channels is used for all adminis",
  "long_desc": "Ensure that all account usernames and authentication credentials are transmitted across networks using encrypted channels\nEnsure that an encryption is used for all sensitive information in transit.\nEnsure that an encrypted channels is used for all administrative account access.\n\n\nMITRE ATT&CK:\n  Tactics: Credential Access\n\nReferences:\n  - https://www.cisecurity.org/controls/cis-controls-list/\n  - https://www.pcisecuritystandards.org/documents/PCI_DSS_v3-2-1.pdf\n  - https://nvlpubs.nist.gov/nistpubs/CSWP/NIST.CSWP.04162018.pdf\n\nFalse Positives:\n  - Unknown\n\nAuthor: Alexandr Yampolskyi, SOC Prime\nCreated: 2019-03-26\nModified: 2022-11-18",
  "risk_rating": 3,
  "alarm_enabled": true,
  "rule_enabled": false,
  "blocks": [
    {
      "block_type": "LogObservedRuleBlock",
      "msg_filters": [
        {
          "msg_filter_type": 1,
          "field_filters": [
            {
              "filter_type": 112,
              "filter_type_name": "Command",
              "operator": 0,
              "operator_name": "Value",
              "filter_mode": 1,
              "field_operator": "And",
              "values": [
                8080,
                21,
                80,
                23,
                50000,
                1521,
                27017,
                1433,
                11211,
                3306,
                15672,
                5900,
                5901,
                5902,
                5903,
                5904
              ]
            }
          ]
        }
      ],
      "group_by_fields": [
        17
      ]
    }
  ]
}