{
  "name": "Bitbucket Unauthorized Access To A Resource",
  "short_desc": "Detects unauthorized access attempts to a resource.",
  "long_desc": "Detects unauthorized access attempts to a resource.\n\nMITRE ATT&CK:\n  Tactics: Resource Development\n  Techniques: T1586\n\nReferences:\n  - https://confluence.atlassian.com/bitbucketserver/audit-log-events-776640423.html\n\nFalse Positives:\n  - Access attempts to non-existent repositories or due to outdated plugins. Usually \"Anonymous\" user is reported in the \"author.name\" field in most cases.\n\nAuthor: Muhammad Faisal (@faisalusuf)\nCreated: 2024-02-25",
  "risk_rating": 9,
  "alarm_enabled": true,
  "rule_enabled": false,
  "blocks": [
    {
      "block_type": "LogObservedRuleBlock",
      "msg_filters": [
        {
          "msg_filter_type": 1,
          "field_filters": [
            {
              "filter_type": 112,
              "filter_type_name": "Command",
              "operator": 0,
              "operator_name": "Value",
              "filter_mode": 1,
              "field_operator": "And",
              "values": [
                "Security"
              ]
            },
            {
              "filter_type": 112,
              "filter_type_name": "Command",
              "operator": 0,
              "operator_name": "Value",
              "filter_mode": 1,
              "field_operator": "Or",
              "values": [
                "Unauthorized access to a resource"
              ]
            }
          ]
        }
      ],
      "group_by_fields": [
        17
      ]
    }
  ]
}