{
  "name": "Bitbucket Global SSH Settings Changed",
  "short_desc": "Detects Bitbucket global SSH access configuration changes.",
  "long_desc": "Detects Bitbucket global SSH access configuration changes.\n\nMITRE ATT&CK:\n  Tactics: Lateral Movement, Defense Evasion\n  Techniques: T1562.001, T1021.004\n\nReferences:\n  - https://confluence.atlassian.com/bitbucketserver/audit-log-events-776640423.html\n  - https://confluence.atlassian.com/bitbucketserver/enable-ssh-access-to-git-repositories-776640358.html\n\nFalse Positives:\n  - Legitimate user activity.\n\nAuthor: Muhammad Faisal (@faisalusuf)\nCreated: 2024-02-25",
  "risk_rating": 5,
  "alarm_enabled": true,
  "rule_enabled": false,
  "blocks": [
    {
      "block_type": "LogObservedRuleBlock",
      "msg_filters": [
        {
          "msg_filter_type": 1,
          "field_filters": [
            {
              "filter_type": 112,
              "filter_type_name": "Command",
              "operator": 0,
              "operator_name": "Value",
              "filter_mode": 1,
              "field_operator": "And",
              "values": [
                "Global administration"
              ]
            },
            {
              "filter_type": 112,
              "filter_type_name": "Command",
              "operator": 0,
              "operator_name": "Value",
              "filter_mode": 1,
              "field_operator": "Or",
              "values": [
                "SSH settings changed"
              ]
            }
          ]
        }
      ],
      "group_by_fields": [
        17
      ]
    }
  ]
}