{
  "name": "Bitbucket Global Permission Changed",
  "short_desc": "Detects global permissions change activity.",
  "long_desc": "Detects global permissions change activity.\n\nMITRE ATT&CK:\n  Tactics: Persistence, Privilege Escalation\n  Techniques: T1098\n\nReferences:\n  - https://confluence.atlassian.com/bitbucketserver/audit-log-events-776640423.html\n  - https://confluence.atlassian.com/bitbucketserver/global-permissions-776640369.html\n\nFalse Positives:\n  - Legitimate user activity.\n\nAuthor: Muhammad Faisal (@faisalusuf)\nCreated: 2024-02-25",
  "risk_rating": 5,
  "alarm_enabled": true,
  "rule_enabled": false,
  "blocks": [
    {
      "block_type": "LogObservedRuleBlock",
      "msg_filters": [
        {
          "msg_filter_type": 1,
          "field_filters": [
            {
              "filter_type": 112,
              "filter_type_name": "Command",
              "operator": 0,
              "operator_name": "Value",
              "filter_mode": 1,
              "field_operator": "And",
              "values": [
                "Permissions"
              ]
            },
            {
              "filter_type": 112,
              "filter_type_name": "Command",
              "operator": 0,
              "operator_name": "Value",
              "filter_mode": 1,
              "field_operator": "Or",
              "values": [
                "Global permission remove request",
                "Global permission removed",
                "Global permission granted",
                "Global permission requested"
              ]
            }
          ]
        }
      ],
      "group_by_fields": [
        17
      ]
    }
  ]
}