{
  "name": "Bitbucket Secret Scanning Rule Deleted",
  "short_desc": "Detects when secret scanning rule is deleted for the project or repository.",
  "long_desc": "Detects when secret scanning rule is deleted for the project or repository.\n\nMITRE ATT&CK:\n  Tactics: Defense Evasion\n  Techniques: T1562.001\n\nReferences:\n  - https://confluence.atlassian.com/bitbucketserver/audit-log-events-776640423.html\n  - https://confluence.atlassian.com/bitbucketserver/secret-scanning-1157471613.html\n\nFalse Positives:\n  - Legitimate user activity.\n\nAuthor: Muhammad Faisal (@faisalusuf)\nCreated: 2024-02-25",
  "risk_rating": 3,
  "alarm_enabled": true,
  "rule_enabled": false,
  "blocks": [
    {
      "block_type": "LogObservedRuleBlock",
      "msg_filters": [
        {
          "msg_filter_type": 1,
          "field_filters": [
            {
              "filter_type": 112,
              "filter_type_name": "Command",
              "operator": 0,
              "operator_name": "Value",
              "filter_mode": 1,
              "field_operator": "And",
              "values": [
                "Projects",
                "Repositories"
              ]
            },
            {
              "filter_type": 112,
              "filter_type_name": "Command",
              "operator": 0,
              "operator_name": "Value",
              "filter_mode": 1,
              "field_operator": "Or",
              "values": [
                "Project secret scanning rule deleted",
                "Repository secret scanning rule deleted"
              ]
            }
          ]
        }
      ],
      "group_by_fields": [
        17
      ]
    }
  ]
}