{
  "name": "Bitbucket Full Data Export Triggered",
  "short_desc": "Detects when full data export is attempted.",
  "long_desc": "Detects when full data export is attempted.\n\nMITRE ATT&CK:\n  Tactics: Collection\n  Techniques: T1213.003\n\nReferences:\n  - https://confluence.atlassian.com/bitbucketserver/audit-log-events-776640423.html\n  - https://confluence.atlassian.com/adminjiraserver0811/importing-and-exporting-data-1019391889.html\n\nFalse Positives:\n  - Legitimate user activity.\n\nAuthor: Muhammad Faisal (@faisalusuf)\nCreated: 2024-02-25",
  "risk_rating": 7,
  "alarm_enabled": true,
  "rule_enabled": false,
  "blocks": [
    {
      "block_type": "LogObservedRuleBlock",
      "msg_filters": [
        {
          "msg_filter_type": 1,
          "field_filters": [
            {
              "filter_type": 112,
              "filter_type_name": "Command",
              "operator": 0,
              "operator_name": "Value",
              "filter_mode": 1,
              "field_operator": "And",
              "values": [
                "Data pipeline"
              ]
            },
            {
              "filter_type": 112,
              "filter_type_name": "Command",
              "operator": 0,
              "operator_name": "Value",
              "filter_mode": 1,
              "field_operator": "Or",
              "values": [
                "Full data export triggered"
              ]
            }
          ]
        }
      ],
      "group_by_fields": [
        17
      ]
    }
  ]
}