{
  "name": "Bitbucket Unauthorized Full Data Export Triggered",
  "short_desc": "Detects when full data export is attempted an unauthorized user.",
  "long_desc": "Detects when full data export is attempted an unauthorized user.\n\nMITRE ATT&CK:\n  Tactics: Collection, Resource Development\n  Techniques: T1213.003, T1586\n\nReferences:\n  - https://confluence.atlassian.com/bitbucketserver/audit-log-events-776640423.html\n  - https://confluence.atlassian.com/bitbucketserver/secret-scanning-1157471613.html\n\nFalse Positives:\n  - Unlikely\n\nAuthor: Muhammad Faisal (@faisalusuf)\nCreated: 2024-02-25",
  "risk_rating": 9,
  "alarm_enabled": true,
  "rule_enabled": false,
  "blocks": [
    {
      "block_type": "LogObservedRuleBlock",
      "msg_filters": [
        {
          "msg_filter_type": 1,
          "field_filters": [
            {
              "filter_type": 112,
              "filter_type_name": "Command",
              "operator": 0,
              "operator_name": "Value",
              "filter_mode": 1,
              "field_operator": "And",
              "values": [
                "Data pipeline"
              ]
            },
            {
              "filter_type": 112,
              "filter_type_name": "Command",
              "operator": 0,
              "operator_name": "Value",
              "filter_mode": 1,
              "field_operator": "Or",
              "values": [
                "Unauthorized full data export triggered"
              ]
            }
          ]
        }
      ],
      "group_by_fields": [
        17
      ]
    }
  ]
}