{
  "name": "Bitbucket User Login Failure Via SSH",
  "short_desc": "Detects SSH user login access failures.\nPlease note that this rule can be noisy and is recommended to use with correlation based on \"author.name\" field.\n",
  "long_desc": "Detects SSH user login access failures.\nPlease note that this rule can be noisy and is recommended to use with correlation based on \"author.name\" field.\n\n\nMITRE ATT&CK:\n  Tactics: Lateral Movement, Credential Access\n  Techniques: T1021.004, T1110\n\nReferences:\n  - https://confluence.atlassian.com/bitbucketserver/view-and-configure-the-audit-log-776640417.html\n  - https://confluence.atlassian.com/bitbucketserver/enable-ssh-access-to-git-repositories-776640358.html\n\nFalse Positives:\n  - Legitimate user wrong password attempts.\n\nAuthor: Muhammad Faisal (@faisalusuf)\nCreated: 2024-02-25",
  "risk_rating": 5,
  "alarm_enabled": true,
  "rule_enabled": false,
  "blocks": [
    {
      "block_type": "LogObservedRuleBlock",
      "msg_filters": [
        {
          "msg_filter_type": 1,
          "field_filters": [
            {
              "filter_type": 112,
              "filter_type_name": "Command",
              "operator": 0,
              "operator_name": "Value",
              "filter_mode": 1,
              "field_operator": "And",
              "values": [
                "Authentication"
              ]
            },
            {
              "filter_type": 112,
              "filter_type_name": "Command",
              "operator": 0,
              "operator_name": "Value",
              "filter_mode": 1,
              "field_operator": "Or",
              "values": [
                "User login failed(SSH)"
              ]
            }
          ]
        }
      ],
      "group_by_fields": [
        17
      ]
    }
  ]
}