{
  "name": "Bitbucket User Details Export Attempt Detected",
  "short_desc": "Detects user data export activity.",
  "long_desc": "Detects user data export activity.\n\nMITRE ATT&CK:\n  Tactics: Collection, Reconnaissance, Discovery\n  Techniques: T1213, T1082, T1591.004\n\nReferences:\n  - https://confluence.atlassian.com/bitbucketserver/audit-log-events-776640423.html\n  - https://support.atlassian.com/security-and-access-policies/docs/export-user-accounts\n\nFalse Positives:\n  - Legitimate user activity.\n\nAuthor: Muhammad Faisal (@faisalusuf)\nCreated: 2024-02-25",
  "risk_rating": 5,
  "alarm_enabled": true,
  "rule_enabled": false,
  "blocks": [
    {
      "block_type": "LogObservedRuleBlock",
      "msg_filters": [
        {
          "msg_filter_type": 1,
          "field_filters": [
            {
              "filter_type": 112,
              "filter_type_name": "Command",
              "operator": 0,
              "operator_name": "Value",
              "filter_mode": 1,
              "field_operator": "And",
              "values": [
                "Users and groups"
              ]
            },
            {
              "filter_type": 112,
              "filter_type_name": "Command",
              "operator": 0,
              "operator_name": "Value",
              "filter_mode": 1,
              "field_operator": "Or",
              "values": [
                "User permissions export failed",
                "User permissions export started",
                "User permissions exported"
              ]
            }
          ]
        }
      ],
      "group_by_fields": [
        17
      ]
    }
  ]
}