{
  "name": "Bitbucket User Login Failure",
  "short_desc": "Detects user authentication failure events.\nPlease note that this rule can be noisy and it is recommended to use with correlation based on \"author.name\" field.\n",
  "long_desc": "Detects user authentication failure events.\nPlease note that this rule can be noisy and it is recommended to use with correlation based on \"author.name\" field.\n\n\nMITRE ATT&CK:\n  Tactics: Defense Evasion, Credential Access\n  Techniques: T1078.004, T1110\n\nReferences:\n  - https://confluence.atlassian.com/bitbucketserver/audit-log-events-776640423.html\n\nFalse Positives:\n  - Legitimate user wrong password attempts.\n\nAuthor: Muhammad Faisal (@faisalusuf)\nCreated: 2024-02-25",
  "risk_rating": 5,
  "alarm_enabled": true,
  "rule_enabled": false,
  "blocks": [
    {
      "block_type": "LogObservedRuleBlock",
      "msg_filters": [
        {
          "msg_filter_type": 1,
          "field_filters": [
            {
              "filter_type": 112,
              "filter_type_name": "Command",
              "operator": 0,
              "operator_name": "Value",
              "filter_mode": 1,
              "field_operator": "And",
              "values": [
                "Authentication"
              ]
            },
            {
              "filter_type": 112,
              "filter_type_name": "Command",
              "operator": 0,
              "operator_name": "Value",
              "filter_mode": 1,
              "field_operator": "Or",
              "values": [
                "User login failed"
              ]
            }
          ]
        }
      ],
      "group_by_fields": [
        17
      ]
    }
  ]
}