{
  "name": "Suspicious OpenSSH Daemon Error",
  "short_desc": "Detects suspicious SSH / SSHD error messages that indicate a fatal or suspicious error that could be caused by exploiting attempts",
  "long_desc": "Detects suspicious SSH / SSHD error messages that indicate a fatal or suspicious error that could be caused by exploiting attempts\n\nMITRE ATT&CK:\n  Tactics: Initial Access\n  Techniques: T1190\n\nReferences:\n  - https://github.com/openssh/openssh-portable/blob/c483a5c0fb8e8b8915fad85c5f6113386a4341ca/ssherr.c\n  - https://github.com/ossec/ossec-hids/blob/1ecffb1b884607cb12e619f9ab3c04f530801083/etc/rules/sshd_rules.xml\n\nFalse Positives:\n  - Unknown\n\nAuthor: Florian Roth (Nextron Systems)\nCreated: 2017-06-30\nModified: 2021-11-27",
  "risk_rating": 5,
  "alarm_enabled": true,
  "rule_enabled": false,
  "blocks": [
    {
      "block_type": "LogObservedRuleBlock",
      "msg_filters": [],
      "group_by_fields": [
        16
      ]
    }
  ]
}