{
  "name": "SSHD Error Message CVE-2018-15473",
  "short_desc": "Detects exploitation attempt using public exploit code for CVE-2018-15473",
  "long_desc": "Detects exploitation attempt using public exploit code for CVE-2018-15473\n\nMITRE ATT&CK:\n  Tactics: Reconnaissance\n  Techniques: T1589\n\nReferences:\n  - https://github.com/Rhynorater/CVE-2018-15473-Exploit\n\nFalse Positives:\n  - Unknown\n\nAuthor: Florian Roth (Nextron Systems)\nCreated: 2017-08-24\nModified: 2021-11-27",
  "risk_rating": 5,
  "alarm_enabled": true,
  "rule_enabled": false,
  "blocks": [
    {
      "block_type": "LogObservedRuleBlock",
      "msg_filters": [],
      "group_by_fields": [
        16
      ]
    }
  ]
}