{
  "name": "Privileged User Has Been Created",
  "short_desc": "Detects the addition of a new user to a privileged group such as \"root\" or \"sudo\"",
  "long_desc": "Detects the addition of a new user to a privileged group such as \"root\" or \"sudo\"\n\nMITRE ATT&CK:\n  Tactics: Persistence\n  Techniques: T1136.001, T1098\n\nReferences:\n  - https://digital.nhs.uk/cyber-alerts/2018/cc-2825\n  - https://linux.die.net/man/8/useradd\n  - https://github.com/redcanaryco/atomic-red-team/blob/25acadc0b43a07125a8a5b599b28bbc1a91ffb06/atomics/T1136.001/T1136.001.md#atomic-test-5---create-a-new-user-in-linux-with-root-uid-and-gid\n\nFalse Positives:\n  - Administrative activity\n\nAuthor: Pawel Mazur\nCreated: 2022-12-21\nModified: 2025-01-21",
  "risk_rating": 7,
  "alarm_enabled": true,
  "rule_enabled": false,
  "blocks": [
    {
      "block_type": "LogObservedRuleBlock",
      "msg_filters": [],
      "group_by_fields": [
        16
      ]
    }
  ]
}