{
  "name": "Shellshock Expression",
  "short_desc": "Detects shellshock expressions in log files",
  "long_desc": "Detects shellshock expressions in log files\n\nMITRE ATT&CK:\n  Tactics: Persistence\n  Techniques: T1505.003\n\nReferences:\n  - https://owasp.org/www-pdf-archive/Shellshock_-_Tudor_Enache.pdf\n\nFalse Positives:\n  - Unknown\n\nAuthor: Florian Roth (Nextron Systems)\nCreated: 2017-03-14\nModified: 2022-10-09",
  "risk_rating": 7,
  "alarm_enabled": true,
  "rule_enabled": false,
  "blocks": [
    {
      "block_type": "LogObservedRuleBlock",
      "msg_filters": [],
      "group_by_fields": [
        16
      ]
    }
  ]
}