{
  "name": "Linux Command History Tampering",
  "short_desc": "Detects commands that try to clear or tamper with the Linux command history.\nThis technique is used by threat actors in order to evade defenses and execute commands without them being recorded in files such as \"bash_history\" or \"zsh_history\".\n",
  "long_desc": "Detects commands that try to clear or tamper with the Linux command history.\nThis technique is used by threat actors in order to evade defenses and execute commands without them being recorded in files such as \"bash_history\" or \"zsh_history\".\n\n\nMITRE ATT&CK:\n  Tactics: Defense Evasion\n  Techniques: T1070.003\n\nReferences:\n  - https://github.com/redcanaryco/atomic-red-team/blob/f339e7da7d05f6057fdfcdd3742bfcf365fee2a9/atomics/T1070.003/T1070.003.md\n  - https://www.hackers-arise.com/post/2016/06/20/covering-your-bash-shell-tracks-antiforensics\n  - https://www.cadosecurity.com/spinning-yarn-a-new-linux-malware-campaign-targets-docker-apache-hadoop-redis-and-confluence/\n\nFalse Positives:\n  - Unknown\n\nAuthor: Patrick Bareiss\nCreated: 2019-03-24\nModified: 2024-04-17",
  "risk_rating": 7,
  "alarm_enabled": true,
  "rule_enabled": false,
  "blocks": [
    {
      "block_type": "LogObservedRuleBlock",
      "msg_filters": [],
      "group_by_fields": [
        16
      ]
    }
  ]
}