{
  "name": "Buffer Overflow Attempts",
  "short_desc": "Detects buffer overflow attempts in Unix system log files",
  "long_desc": "Detects buffer overflow attempts in Unix system log files\n\nMITRE ATT&CK:\n  Tactics: Privilege Escalation\n  Techniques: T1068\n\nReferences:\n  - https://github.com/ossec/ossec-hids/blob/1ecffb1b884607cb12e619f9ab3c04f530801083/etc/rules/attack_rules.xml\n  - https://docs.oracle.com/cd/E19683-01/816-4883/6mb2joatd/index.html\n  - https://www.giac.org/paper/gcih/266/review-ftp-protocol-cyber-defense-initiative/102802\n  - https://blu.org/mhonarc/discuss/2001/04/msg00285.php\n  - https://rapid7.com/blog/post/2019/02/19/stack-based-buffer-overflow-attacks-what-you-need-to-know/\n\nFalse Positives:\n  - Base64 encoded data in log entries\n\nAuthor: Florian Roth (Nextron Systems)\nCreated: 2017-03-01\nModified: 2025-03-17",
  "risk_rating": 7,
  "alarm_enabled": true,
  "rule_enabled": false,
  "blocks": [
    {
      "block_type": "LogObservedRuleBlock",
      "msg_filters": [],
      "group_by_fields": [
        16
      ]
    }
  ]
}