{
  "name": "Suspicious Reverse Shell Command Line",
  "short_desc": "Detects suspicious shell commands or program code that may be executed or used in command line to establish a reverse shell",
  "long_desc": "Detects suspicious shell commands or program code that may be executed or used in command line to establish a reverse shell\n\nMITRE ATT&CK:\n  Tactics: Execution\n  Techniques: T1059.004\n\nReferences:\n  - https://alamot.github.io/reverse_shells/\n\nFalse Positives:\n  - Unknown\n\nAuthor: Florian Roth (Nextron Systems)\nCreated: 2019-04-02\nModified: 2021-11-27",
  "risk_rating": 7,
  "alarm_enabled": true,
  "rule_enabled": false,
  "blocks": [
    {
      "block_type": "LogObservedRuleBlock",
      "msg_filters": [],
      "group_by_fields": [
        16
      ]
    }
  ]
}