{
  "name": "Symlink Etc Passwd",
  "short_desc": "Detects suspicious command lines that look as if they would create symbolic links to /etc/passwd",
  "long_desc": "Detects suspicious command lines that look as if they would create symbolic links to /etc/passwd\n\nMITRE ATT&CK:\n  Tactics: Execution\n  Techniques: T1204.001\n\nReferences:\n  - https://www.qualys.com/2021/05/04/21nails/21nails.txt\n\nFalse Positives:\n  - Unknown\n\nAuthor: Florian Roth (Nextron Systems)\nCreated: 2019-04-05\nModified: 2021-11-27",
  "risk_rating": 7,
  "alarm_enabled": true,
  "rule_enabled": false,
  "blocks": [
    {
      "block_type": "LogObservedRuleBlock",
      "msg_filters": [],
      "group_by_fields": [
        16
      ]
    }
  ]
}