{
  "name": "Equation Group Indicators",
  "short_desc": "Detects suspicious shell commands used in various Equation Group scripts and tools",
  "long_desc": "Detects suspicious shell commands used in various Equation Group scripts and tools\n\nMITRE ATT&CK:\n  Tactics: Execution, G0020\n  Techniques: T1059.004\n\nReferences:\n  - https://medium.com/@shadowbrokerss/dont-forget-your-base-867d304a94b1\n\nFalse Positives:\n  - Unknown\n\nAuthor: Florian Roth (Nextron Systems)\nCreated: 2017-04-09\nModified: 2021-11-27",
  "risk_rating": 7,
  "alarm_enabled": true,
  "rule_enabled": false,
  "blocks": [
    {
      "block_type": "LogObservedRuleBlock",
      "msg_filters": [],
      "group_by_fields": [
        16
      ]
    }
  ]
}