{
  "name": "Remote File Copy",
  "short_desc": "Detects the use of tools that copy files from or to remote systems",
  "long_desc": "Detects the use of tools that copy files from or to remote systems\n\nMITRE ATT&CK:\n  Tactics: Command And Control, Lateral Movement\n  Techniques: T1105\n\nReferences:\n  - https://www.cisa.gov/stopransomware/ransomware-guide\n\nFalse Positives:\n  - Legitimate administration activities\n\nAuthor: \u00d6mer G\u00fcnal\nCreated: 2020-06-18",
  "risk_rating": 3,
  "alarm_enabled": true,
  "rule_enabled": false,
  "blocks": [
    {
      "block_type": "LogObservedRuleBlock",
      "msg_filters": [],
      "group_by_fields": [
        16
      ]
    }
  ]
}