{
  "name": "Suspicious Log Entries",
  "short_desc": "Detects suspicious log entries in Linux log files",
  "long_desc": "Detects suspicious log entries in Linux log files\n\nMITRE ATT&CK:\n  Tactics: Impact\n\nReferences:\n  - https://github.com/ossec/ossec-hids/blob/f6502012b7380208db81f82311ad4a1994d39905/etc/rules/syslog_rules.xml\n\nFalse Positives:\n  - Unknown\n\nAuthor: Florian Roth (Nextron Systems)\nCreated: 2017-03-25\nModified: 2021-11-27",
  "risk_rating": 5,
  "alarm_enabled": true,
  "rule_enabled": false,
  "blocks": [
    {
      "block_type": "LogObservedRuleBlock",
      "msg_filters": [],
      "group_by_fields": [
        16
      ]
    }
  ]
}