{
  "name": "Potential Suspicious BPF Activity - Linux",
  "short_desc": "Detects the presence of \"bpf_probe_write_user\" BPF helper-generated warning messages. Which could be a sign of suspicious eBPF activity on the system.",
  "long_desc": "Detects the presence of \"bpf_probe_write_user\" BPF helper-generated warning messages. Which could be a sign of suspicious eBPF activity on the system.\n\nMITRE ATT&CK:\n  Tactics: Persistence, Defense Evasion\n\nReferences:\n  - https://redcanary.com/blog/ebpf-malware/\n  - https://man7.org/linux/man-pages/man7/bpf-helpers.7.html\n\nFalse Positives:\n  - Unknown\n\nAuthor: Red Canary (idea), Nasreddine Bencherchali\nCreated: 2023-01-25",
  "risk_rating": 7,
  "alarm_enabled": true,
  "rule_enabled": false,
  "blocks": [
    {
      "block_type": "LogObservedRuleBlock",
      "msg_filters": [],
      "group_by_fields": [
        16
      ]
    }
  ]
}