{
  "name": "Suspicious Activity in Shell Commands",
  "short_desc": "Detects suspicious shell commands used in various exploit codes (see references)",
  "long_desc": "Detects suspicious shell commands used in various exploit codes (see references)\n\nMITRE ATT&CK:\n  Tactics: Execution\n  Techniques: T1059.004\n\nReferences:\n  - https://web.archive.org/web/20170319121015/http://www.threatgeek.com/2017/03/widespread-exploitation-attempts-using-cve-2017-5638.html\n  - https://github.com/rapid7/metasploit-framework/blob/eb6535009f5fdafa954525687f09294918b5398d/modules/exploits/multi/http/struts_code_exec_exception_delegator.rb\n  - http://pastebin.com/FtygZ1cg\n  - https://artkond.com/2017/03/23/pivoting-guide/\n\nFalse Positives:\n  - Unknown\n\nAuthor: Florian Roth (Nextron Systems)\nCreated: 2017-08-21\nModified: 2021-11-27",
  "risk_rating": 7,
  "alarm_enabled": true,
  "rule_enabled": false,
  "blocks": [
    {
      "block_type": "LogObservedRuleBlock",
      "msg_filters": [],
      "group_by_fields": [
        16
      ]
    }
  ]
}