{
  "name": "Commands to Clear or Remove the Syslog - Builtin",
  "short_desc": "Detects specific commands commonly used to remove or empty the syslog",
  "long_desc": "Detects specific commands commonly used to remove or empty the syslog\n\nMITRE ATT&CK:\n  Tactics: Impact\n  Techniques: T1565.001\n\nReferences:\n  - https://www.virustotal.com/gui/file/fc614fb4bda24ae8ca2c44e812d12c0fab6dd7a097472a35dd12ded053ab8474\n\nFalse Positives:\n  - Log rotation\n\nAuthor: Max Altgelt (Nextron Systems)\nCreated: 2021-09-10\nModified: 2022-11-26",
  "risk_rating": 7,
  "alarm_enabled": true,
  "rule_enabled": false,
  "blocks": [
    {
      "block_type": "LogObservedRuleBlock",
      "msg_filters": [],
      "group_by_fields": [
        16
      ]
    }
  ]
}