{
  "name": "Space After Filename",
  "short_desc": "Detects space after filename",
  "long_desc": "Detects space after filename\n\nMITRE ATT&CK:\n  Tactics: Execution\n  Techniques: T1059\n\nFalse Positives:\n  - Typos\n\nAuthor: \u00d6mer G\u00fcnal\nCreated: 2020-06-17\nModified: 2021-11-27",
  "risk_rating": 3,
  "alarm_enabled": true,
  "rule_enabled": false,
  "blocks": [
    {
      "block_type": "LogObservedRuleBlock",
      "msg_filters": [],
      "group_by_fields": [
        16
      ]
    }
  ]
}