{
  "name": "Code Injection by ld.so Preload",
  "short_desc": "Detects the ld.so preload persistence file. See `man ld.so` for more information.",
  "long_desc": "Detects the ld.so preload persistence file. See `man ld.so` for more information.\n\nMITRE ATT&CK:\n  Tactics: Persistence, Privilege Escalation\n  Techniques: T1574.006\n\nReferences:\n  - https://man7.org/linux/man-pages/man8/ld.so.8.html\n\nFalse Positives:\n  - Rare temporary workaround for library misconfiguration\n\nAuthor: Christian Burkard (Nextron Systems)\nCreated: 2021-05-05\nModified: 2022-10-09",
  "risk_rating": 7,
  "alarm_enabled": true,
  "rule_enabled": false,
  "blocks": [
    {
      "block_type": "LogObservedRuleBlock",
      "msg_filters": [],
      "group_by_fields": [
        16
      ]
    }
  ]
}