{
  "name": "JexBoss Command Sequence",
  "short_desc": "Detects suspicious command sequence that JexBoss",
  "long_desc": "Detects suspicious command sequence that JexBoss\n\nMITRE ATT&CK:\n  Tactics: Execution\n  Techniques: T1059.004\n\nReferences:\n  - https://www.us-cert.gov/ncas/analysis-reports/AR18-312A\n\nFalse Positives:\n  - Unknown\n\nAuthor: Florian Roth (Nextron Systems)\nCreated: 2017-08-24\nModified: 2022-07-07",
  "risk_rating": 7,
  "alarm_enabled": true,
  "rule_enabled": false,
  "blocks": [
    {
      "block_type": "LogObservedRuleBlock",
      "msg_filters": [],
      "group_by_fields": [
        16
      ]
    }
  ]
}