{
  "name": "Antivirus Hacktool Detection",
  "short_desc": "Detects a highly relevant Antivirus alert that reports a hack tool or other attack tool.\nThis event must not be ignored just because the AV has blocked the malware but investigate, how it came there in the first place.\n",
  "long_desc": "Detects a highly relevant Antivirus alert that reports a hack tool or other attack tool.\nThis event must not be ignored just because the AV has blocked the malware but investigate, how it came there in the first place.\n\n\nMITRE ATT&CK:\n  Tactics: Execution\n  Techniques: T1204\n\nReferences:\n  - https://www.nextron-systems.com/2021/08/16/antivirus-event-analysis-cheat-sheet-v1-8-2/\n  - https://www.nextron-systems.com/?s=antivirus\n\nFalse Positives:\n  - Unlikely\n\nAuthor: Florian Roth (Nextron Systems), Arnim Rupp\nCreated: 2021-08-16\nModified: 2024-11-02",
  "risk_rating": 7,
  "alarm_enabled": true,
  "rule_enabled": false,
  "blocks": [
    {
      "block_type": "LogObservedRuleBlock",
      "msg_filters": [
        {
          "msg_filter_type": 1,
          "field_filters": [
            {
              "filter_type": 112,
              "filter_type_name": "Command",
              "operator": 2,
              "operator_name": "Regex",
              "filter_mode": 1,
              "field_operator": "And",
              "values": [
                "^ATK/",
                "^Exploit\\\\.Script\\\\.CVE",
                "^HKTL",
                "^HTOOL",
                "^PWS\\\\.",
                "^PWSX",
                "^SecurityTool"
              ]
            },
            {
              "filter_type": 112,
              "filter_type_name": "Command",
              "operator": 2,
              "operator_name": "Regex",
              "filter_mode": 1,
              "field_operator": "Or",
              "values": [
                "Adfind",
                "Brutel",
                "BruteR",
                "Cobalt",
                "COBEACON",
                "Cometer",
                "DumpCreds",
                "FastReverseProxy",
                "Hacktool",
                "Havoc",
                "Impacket",
                "Keylogger",
                "Koadic",
                "Mimikatz",
                "Nighthawk",
                "PentestPowerShell",
                "Potato",
                "PowerSploit",
                "PowerSSH",
                "PshlSpy",
                "PSWTool",
                "PWCrack",
                "PWDump",
                "Rozena",
                "Rusthound",
                "Sbelt",
                "Seatbelt",
                "SecurityTool",
                "SharpDump",
                "SharpHound",
                "Shellcode",
                "Sliver",
                "Snaffler",
                "SOAPHound",
                "Splinter",
                "Swrort",
                "TurtleLoader"
              ]
            }
          ]
        }
      ],
      "group_by_fields": [
        17
      ]
    }
  ]
}