{
  "name": "Antivirus Password Dumper Detection",
  "short_desc": "Detects a highly relevant Antivirus alert that reports a password dumper.\nThis event must not be ignored just because the AV has blocked the malware but investigate, how it came there in the first place.\n",
  "long_desc": "Detects a highly relevant Antivirus alert that reports a password dumper.\nThis event must not be ignored just because the AV has blocked the malware but investigate, how it came there in the first place.\n\n\nMITRE ATT&CK:\n  Tactics: Credential Access\n  Techniques: T1003, T1558, T1003.001, T1003.002\n\nReferences:\n  - https://www.nextron-systems.com/?s=antivirus\n  - https://www.virustotal.com/gui/file/5fcda49ee7f202559a6cbbb34edb65c33c9a1e0bde9fa2af06a6f11b55ded619\n  - https://www.virustotal.com/gui/file/a4edfbd42595d5bddb442c82a02cf0aaa10893c1bf79ea08b9ce576f82749448\n\nFalse Positives:\n  - Unlikely\n\nAuthor: Florian Roth (Nextron Systems), Arnim Rupp\nCreated: 2018-09-09\nModified: 2024-11-02",
  "risk_rating": 9,
  "alarm_enabled": true,
  "rule_enabled": false,
  "blocks": [
    {
      "block_type": "LogObservedRuleBlock",
      "msg_filters": [
        {
          "msg_filter_type": 1,
          "field_filters": [
            {
              "filter_type": 112,
              "filter_type_name": "Command",
              "operator": 2,
              "operator_name": "Regex",
              "filter_mode": 1,
              "field_operator": "And",
              "values": [
                "^PWS"
              ]
            },
            {
              "filter_type": 112,
              "filter_type_name": "Command",
              "operator": 2,
              "operator_name": "Regex",
              "filter_mode": 1,
              "field_operator": "Or",
              "values": [
                "Certify",
                "DCSync",
                "DumpCreds",
                "DumpLsass",
                "DumpPert",
                "HTool/WCE",
                "Kekeo",
                "Lazagne",
                "LsassDump",
                "Mimikatz",
                "MultiDump",
                "Nanodump",
                "NativeDump",
                "Outflank",
                "PShlSpy",
                "PSWTool",
                "PWCrack",
                "PWDump",
                "PWS\\\\.",
                "PWSX",
                "pypykatz",
                "Rubeus",
                "SafetyKatz",
                "SecurityTool",
                "SharpChrome",
                "SharpDPAPI",
                "SharpDump",
                "SharpKatz",
                "SharpS\\\\.",
                "ShpKatz",
                "TrickDump"
              ]
            }
          ]
        }
      ],
      "group_by_fields": [
        17
      ]
    }
  ]
}