{
  "name": "Antivirus Ransomware Detection",
  "short_desc": "Detects a highly relevant Antivirus alert that reports ransomware.\nThis event must not be ignored just because the AV has blocked the malware but investigate, how it came there in the first place.\n",
  "long_desc": "Detects a highly relevant Antivirus alert that reports ransomware.\nThis event must not be ignored just because the AV has blocked the malware but investigate, how it came there in the first place.\n\n\nMITRE ATT&CK:\n  Tactics: Impact\n  Techniques: T1486\n\nReferences:\n  - https://www.nextron-systems.com/?s=antivirus\n  - https://www.virustotal.com/gui/file/43b0f7872900bd234975a0877744554f4f355dc57505517abd1ef611e1ce6916\n  - https://www.virustotal.com/gui/file/c312c05ddbd227cbb08958876df2b69d0f7c1b09e5689eb9d93c5b357f63eff7\n  - https://www.virustotal.com/gui/file/20179093c59bca3acc6ce9a4281e8462f577ffd29fd7bf51cf2a70d106062045\n  - https://www.virustotal.com/gui/file/554db97ea82f17eba516e6a6fdb9dc04b1d25580a1eb8cb755eeb260ad0bd61d\n  - https://www.virustotal.com/gui/file/69fe77dd558e281621418980040e2af89a2547d377d0f2875502005ce22bc95c\n  - https://www.virustotal.com/gui/file/6f0f20da34396166df352bf301b3c59ef42b0bc67f52af3d541b0161c47ede05\n\nFalse Positives:\n  - Unlikely\n\nAuthor: Florian Roth (Nextron Systems), Arnim Rupp\nCreated: 2022-05-12\nModified: 2024-11-02",
  "risk_rating": 9,
  "alarm_enabled": true,
  "rule_enabled": false,
  "blocks": [
    {
      "block_type": "LogObservedRuleBlock",
      "msg_filters": [
        {
          "msg_filter_type": 1,
          "field_filters": [
            {
              "filter_type": 112,
              "filter_type_name": "Command",
              "operator": 2,
              "operator_name": "Regex",
              "filter_mode": 1,
              "field_operator": "And",
              "values": [
                "BlackWorm",
                "Chaos",
                "Cobra",
                "ContiCrypt",
                "Crypter",
                "CRYPTES",
                "Cryptor",
                "CylanCrypt",
                "DelShad",
                "Destructor",
                "Filecoder",
                "GandCrab",
                "GrandCrab",
                "Haperlock",
                "Hiddentear",
                "HydraCrypt",
                "Krypt",
                "Lockbit",
                "Locker",
                "Mallox",
                "Phobos",
                "Ransom",
                "Ryuk",
                "Ryzerlo",
                "Stopcrypt",
                "Tescrypt",
                "TeslaCrypt",
                "WannaCry",
                "Xorist"
              ]
            }
          ]
        }
      ],
      "group_by_fields": [
        17
      ]
    }
  ]
}