{
  "name": "Antivirus Relevant File Paths Alerts",
  "short_desc": "Detects an Antivirus alert in a highly relevant file path or with a relevant file name.\nThis event must not be ignored just because the AV has blocked the malware but investigate, how it came there in the first place.\n",
  "long_desc": "Detects an Antivirus alert in a highly relevant file path or with a relevant file name.\nThis event must not be ignored just because the AV has blocked the malware but investigate, how it came there in the first place.\n\n\nMITRE ATT&CK:\n  Tactics: Resource Development\n  Techniques: T1588\n\nReferences:\n  - https://www.nextron-systems.com/?s=antivirus\n\nFalse Positives:\n  - Unlikely\n\nAuthor: Florian Roth (Nextron Systems), Arnim Rupp\nCreated: 2018-09-09\nModified: 2024-11-02",
  "risk_rating": 7,
  "alarm_enabled": true,
  "rule_enabled": false,
  "blocks": [
    {
      "block_type": "LogObservedRuleBlock",
      "msg_filters": [
        {
          "msg_filter_type": 1,
          "field_filters": [
            {
              "filter_type": 112,
              "filter_type_name": "Command",
              "operator": 2,
              "operator_name": "Regex",
              "filter_mode": 1,
              "field_operator": "And",
              "values": [
                ":\\\\PerfLogs\\\\",
                ":\\\\Temp\\\\",
                ":\\\\Users\\\\Default\\\\",
                ":\\\\Users\\\\Public\\\\",
                ":\\\\Windows\\\\",
                "/www/",
                "\\\\inetpub\\\\",
                "\\\\tsclient\\\\",
                "apache",
                "nginx",
                "tomcat",
                "weblogic"
              ]
            },
            {
              "filter_type": 112,
              "filter_type_name": "Command",
              "operator": 2,
              "operator_name": "Regex",
              "filter_mode": 1,
              "field_operator": "Or",
              "values": [
                "\\\\.asax$",
                "\\\\.ashx$",
                "\\\\.asmx$",
                "\\\\.asp$",
                "\\\\.aspx$",
                "\\\\.bat$",
                "\\\\.cfm$",
                "\\\\.cgi$",
                "\\\\.chm$",
                "\\\\.cmd$",
                "\\\\.dat$",
                "\\\\.ear$",
                "\\\\.gif$",
                "\\\\.hta$",
                "\\\\.jpeg$",
                "\\\\.jpg$",
                "\\\\.jsp$",
                "\\\\.jspx$",
                "\\\\.lnk$",
                "\\\\.msc$",
                "\\\\.php$",
                "\\\\.pl$",
                "\\\\.png$",
                "\\\\.ps1$",
                "\\\\.psm1$",
                "\\\\.py$",
                "\\\\.pyc$",
                "\\\\.rb$",
                "\\\\.scf$",
                "\\\\.sct$",
                "\\\\.sh$",
                "\\\\.svg$",
                "\\\\.txt$",
                "\\\\.vbe$",
                "\\\\.vbs$",
                "\\\\.war$",
                "\\\\.wll$",
                "\\\\.wsf$",
                "\\\\.wsh$",
                "\\\\.xll$",
                "\\\\.xml$"
              ]
            }
          ]
        }
      ],
      "group_by_fields": [
        17
      ]
    }
  ]
}