{
  "name": "Github Push Protection Disabled",
  "short_desc": "Detects if the push protection feature is disabled for an organization, enterprise, repositories or custom pattern rules.",
  "long_desc": "Detects if the push protection feature is disabled for an organization, enterprise, repositories or custom pattern rules.\n\nMITRE ATT&CK:\n  Tactics: Defense Evasion\n  Techniques: T1562.001\n\nReferences:\n  - https://docs.github.com/en/enterprise-cloud@latest/code-security/secret-scanning/push-protection-for-repositories-and-organizations\n  - https://thehackernews.com/2024/03/github-rolls-out-default-secret.html\n\nFalse Positives:\n  - Allowed administrative activities.\n\nAuthor: Muhammad Faisal (@faisalusuf)\nCreated: 2024-03-07",
  "risk_rating": 7,
  "alarm_enabled": true,
  "rule_enabled": false,
  "blocks": [
    {
      "block_type": "LogObservedRuleBlock",
      "msg_filters": [
        {
          "msg_filter_type": 1,
          "field_filters": [
            {
              "filter_type": 112,
              "filter_type_name": "Command",
              "operator": 0,
              "operator_name": "Value",
              "filter_mode": 1,
              "field_operator": "And",
              "values": [
                "business_secret_scanning_custom_pattern_push_protection.disabled",
                "business_secret_scanning_push_protection.disable",
                "business_secret_scanning_push_protection.disabled_for_new_repos",
                "org.secret_scanning_custom_pattern_push_protection_disabled",
                "org.secret_scanning_push_protection_disable",
                "org.secret_scanning_push_protection_new_repos_disable",
                "repository_secret_scanning_custom_pattern_push_protection.disabled"
              ]
            }
          ]
        }
      ],
      "group_by_fields": [
        17
      ]
    }
  ]
}