{
  "name": "Github Repository/Organization Transferred",
  "short_desc": "Detects when a repository or an organization is being transferred to another location.",
  "long_desc": "Detects when a repository or an organization is being transferred to another location.\n\nMITRE ATT&CK:\n  Tactics: Persistence, Exfiltration\n  Techniques: T1020, T1537\n\nReferences:\n  - https://docs.github.com/en/repositories/creating-and-managing-repositories/transferring-a-repository\n  - https://docs.github.com/en/organizations/managing-organization-settings/transferring-organization-ownership\n  - https://docs.github.com/en/migrations\n  - https://docs.github.com/en/enterprise-cloud@latest/admin/monitoring-activity-in-your-enterprise/reviewing-audit-logs-for-your-enterprise/audit-log-events-for-your-enterprise#migration\n\nFalse Positives:\n  - Allowed administrative activities.\n\nAuthor: Romain Gaillard (@romain-gaillard)\nCreated: 2024-07-29",
  "risk_rating": 5,
  "alarm_enabled": true,
  "rule_enabled": false,
  "blocks": [
    {
      "block_type": "LogObservedRuleBlock",
      "msg_filters": [
        {
          "msg_filter_type": 1,
          "field_filters": [
            {
              "filter_type": 112,
              "filter_type_name": "Command",
              "operator": 0,
              "operator_name": "Value",
              "filter_mode": 1,
              "field_operator": "And",
              "values": [
                "migration.create",
                "org.transfer_outgoing",
                "org.transfer",
                "repo.transfer_outgoing"
              ]
            }
          ]
        }
      ],
      "group_by_fields": [
        17
      ]
    }
  ]
}