{
  "name": "New Github Organization Member Added",
  "short_desc": "Detects when a new member is added or invited to a github organization.",
  "long_desc": "Detects when a new member is added or invited to a github organization.\n\nMITRE ATT&CK:\n  Tactics: Persistence\n  Techniques: T1136.003\n\nReferences:\n  - https://docs.github.com/en/organizations/keeping-your-organization-secure/managing-security-settings-for-your-organization/reviewing-the-audit-log-for-your-organization#dependabot_alerts-category-actions\n\nFalse Positives:\n  - Organization approved new members\n\nAuthor: Muhammad Faisal (@faisalusuf)\nCreated: 2023-01-29",
  "risk_rating": 1,
  "alarm_enabled": true,
  "rule_enabled": false,
  "blocks": [
    {
      "block_type": "LogObservedRuleBlock",
      "msg_filters": [
        {
          "msg_filter_type": 1,
          "field_filters": [
            {
              "filter_type": 112,
              "filter_type_name": "Command",
              "operator": 0,
              "operator_name": "Value",
              "filter_mode": 1,
              "field_operator": "And",
              "values": [
                "org.add_member",
                "org.invite_member"
              ]
            }
          ]
        }
      ],
      "group_by_fields": [
        17
      ]
    }
  ]
}