{
  "name": "Github SSH Certificate Configuration Changed",
  "short_desc": "Detects when changes are made to the SSH certificate configuration of the organization.",
  "long_desc": "Detects when changes are made to the SSH certificate configuration of the organization.\n\nMITRE ATT&CK:\n  Tactics: Persistence, Privilege Escalation\n  Techniques: T1078.004\n\nReferences:\n  - https://docs.github.com/en/enterprise-cloud@latest/organizations/managing-git-access-to-your-organizations-repositories/about-ssh-certificate-authorities\n  - https://docs.github.com/en/enterprise-cloud@latest/admin/monitoring-activity-in-your-enterprise/reviewing-audit-logs-for-your-enterprise/audit-log-events-for-your-enterprise#ssh_certificate_authority\n\nFalse Positives:\n  - Allowed administrative activities.\n\nAuthor: Romain Gaillard (@romain-gaillard)\nCreated: 2024-07-29",
  "risk_rating": 5,
  "alarm_enabled": true,
  "rule_enabled": false,
  "blocks": [
    {
      "block_type": "LogObservedRuleBlock",
      "msg_filters": [
        {
          "msg_filter_type": 1,
          "field_filters": [
            {
              "filter_type": 112,
              "filter_type_name": "Command",
              "operator": 0,
              "operator_name": "Value",
              "filter_mode": 1,
              "field_operator": "And",
              "values": [
                "ssh_certificate_authority.create",
                "ssh_certificate_requirement.disable"
              ]
            }
          ]
        }
      ],
      "group_by_fields": [
        17
      ]
    }
  ]
}