{
  "name": "Github Secret Scanning Feature Disabled",
  "short_desc": "Detects if the secret scanning feature is disabled for an enterprise or repository.",
  "long_desc": "Detects if the secret scanning feature is disabled for an enterprise or repository.\n\nMITRE ATT&CK:\n  Tactics: Defense Evasion\n  Techniques: T1562.001\n\nReferences:\n  - https://docs.github.com/en/enterprise-cloud@latest/code-security/secret-scanning/about-secret-scanning\n\nFalse Positives:\n  - Allowed administrative activities.\n\nAuthor: Muhammad Faisal (@faisalusuf)\nCreated: 2024-03-07\nModified: 2024-07-19",
  "risk_rating": 7,
  "alarm_enabled": true,
  "rule_enabled": false,
  "blocks": [
    {
      "block_type": "LogObservedRuleBlock",
      "msg_filters": [
        {
          "msg_filter_type": 1,
          "field_filters": [
            {
              "filter_type": 112,
              "filter_type_name": "Command",
              "operator": 0,
              "operator_name": "Value",
              "filter_mode": 1,
              "field_operator": "And",
              "values": [
                "business_secret_scanning.disable",
                "business_secret_scanning.disabled_for_new_repos",
                "repository_secret_scanning.disable",
                "secret_scanning_new_repos.disable",
                "secret_scanning.disable"
              ]
            }
          ]
        }
      ],
      "group_by_fields": [
        17
      ]
    }
  ]
}