{
  "name": "Github Delete Action Invoked",
  "short_desc": "Detects delete action in the Github audit logs for codespaces, environment, project and repo.",
  "long_desc": "Detects delete action in the Github audit logs for codespaces, environment, project and repo.\n\nMITRE ATT&CK:\n  Tactics: Impact, Collection\n  Techniques: T1213.003\n\nReferences:\n  - https://docs.github.com/en/organizations/keeping-your-organization-secure/managing-security-settings-for-your-organization/reviewing-the-audit-log-for-your-organization#audit-log-actions\n\nFalse Positives:\n  - Validate the deletion activity is permitted. The \"actor\" field need to be validated.\n\nAuthor: Muhammad Faisal (@faisalusuf)\nCreated: 2023-01-19",
  "risk_rating": 5,
  "alarm_enabled": true,
  "rule_enabled": false,
  "blocks": [
    {
      "block_type": "LogObservedRuleBlock",
      "msg_filters": [
        {
          "msg_filter_type": 1,
          "field_filters": [
            {
              "filter_type": 112,
              "filter_type_name": "Command",
              "operator": 0,
              "operator_name": "Value",
              "filter_mode": 1,
              "field_operator": "And",
              "values": [
                "codespaces.delete",
                "environment.delete",
                "project.delete",
                "repo.destroy"
              ]
            }
          ]
        }
      ],
      "group_by_fields": [
        17
      ]
    }
  ]
}