{
  "name": "Github New Secret Created",
  "short_desc": "Detects when a user creates action secret for the organization, environment, codespaces or repository.",
  "long_desc": "Detects when a user creates action secret for the organization, environment, codespaces or repository.\n\nMITRE ATT&CK:\n  Tactics: Defense Evasion, Persistence, Privilege Escalation, Initial Access\n  Techniques: T1078.004\n\nReferences:\n  - https://docs.github.com/en/organizations/keeping-your-organization-secure/managing-security-settings-for-your-organization/reviewing-the-audit-log-for-your-organization#audit-log-actions\n\nFalse Positives:\n  - This detection cloud be noisy depending on the environment. It is recommended to keep a check on the new secrets when created and validate the \"actor\".\n\nAuthor: Muhammad Faisal (@faisalusuf)\nCreated: 2023-01-20",
  "risk_rating": 3,
  "alarm_enabled": true,
  "rule_enabled": false,
  "blocks": [
    {
      "block_type": "LogObservedRuleBlock",
      "msg_filters": [
        {
          "msg_filter_type": 1,
          "field_filters": [
            {
              "filter_type": 112,
              "filter_type_name": "Command",
              "operator": 0,
              "operator_name": "Value",
              "filter_mode": 1,
              "field_operator": "And",
              "values": [
                "codespaces.create_an_org_secret",
                "environment.create_actions_secret",
                "org.create_actions_secret",
                "repo.create_actions_secret"
              ]
            }
          ]
        }
      ],
      "group_by_fields": [
        17
      ]
    }
  ]
}