{
  "name": "Github High Risk Configuration Disabled",
  "short_desc": "Detects when a user disables a critical security feature for an organization.",
  "long_desc": "Detects when a user disables a critical security feature for an organization.\n\nMITRE ATT&CK:\n  Tactics: Credential Access, Defense Evasion, Persistence\n  Techniques: T1556\n\nReferences:\n  - https://docs.github.com/en/organizations/managing-oauth-access-to-your-organizations-data/disabling-oauth-app-access-restrictions-for-your-organization\n  - https://docs.github.com/en/organizations/keeping-your-organization-secure/managing-security-settings-for-your-organization/reviewing-the-audit-log-for-your-organization#dependabot_alerts-category-actions\n  - https://docs.github.com/en/repositories/managing-your-repositorys-settings-and-features/enabling-features-for-your-repository/managing-security-and-analysis-settings-for-your-repository\n  - https://docs.github.com/en/enterprise-cloud@latest/admin/monitoring-activity-in-your-enterprise/reviewing-audit-logs-for-your-enterprise/audit-log-events-for-your-enterprise\n\nFalse Positives:\n  - Approved administrator/owner activities.\n\nAuthor: Muhammad Faisal (@faisalusuf)\nCreated: 2023-01-29\nModified: 2024-07-22",
  "risk_rating": 7,
  "alarm_enabled": true,
  "rule_enabled": false,
  "blocks": [
    {
      "block_type": "LogObservedRuleBlock",
      "msg_filters": [
        {
          "msg_filter_type": 1,
          "field_filters": [
            {
              "filter_type": 112,
              "filter_type_name": "Command",
              "operator": 0,
              "operator_name": "Value",
              "filter_mode": 1,
              "field_operator": "And",
              "values": [
                "business_advanced_security.disabled_for_new_repos",
                "business_advanced_security.disabled_for_new_user_namespace_repos",
                "business_advanced_security.disabled",
                "business_advanced_security.user_namespace_repos_disabled",
                "org.advanced_security_disabled_for_new_repos",
                "org.advanced_security_disabled_on_all_repos",
                "org.advanced_security_policy_selected_member_disabled",
                "org.disable_oauth_app_restrictions",
                "org.disable_two_factor_requirement",
                "repo.advanced_security_disabled"
              ]
            }
          ]
        }
      ],
      "group_by_fields": [
        17
      ]
    }
  ]
}