{
  "name": "Github Self Hosted Runner Changes Detected",
  "short_desc": "A self-hosted runner is a system that you deploy and manage to execute jobs from GitHub Actions on GitHub.com.\nThis rule detects changes to self-hosted runners configurations in the environment. The self-hosted runner configuration changes once detected,\n",
  "long_desc": "A self-hosted runner is a system that you deploy and manage to execute jobs from GitHub Actions on GitHub.com.\nThis rule detects changes to self-hosted runners configurations in the environment. The self-hosted runner configuration changes once detected,\nit should be validated from GitHub UI because the log entry may not provide full context.\n\n\nMITRE ATT&CK:\n  Tactics: Impact, Discovery, Collection, Defense Evasion, Persistence, Privilege Escalation, Initial Access\n  Techniques: T1526, T1213.003, T1078.004\n\nReferences:\n  - https://docs.github.com/en/actions/hosting-your-own-runners/about-self-hosted-runners#about-self-hosted-runners\n  - https://docs.github.com/en/organizations/keeping-your-organization-secure/managing-security-settings-for-your-organization/reviewing-the-audit-log-for-your-organization#search-based-on-operation\n\nFalse Positives:\n  - Allowed self-hosted runners changes in the environment.\n  - A self-hosted runner is automatically removed from GitHub if it has not connected to GitHub Actions for more than 14 days.\n  - An ephemeral self-hosted runner is automatically removed from GitHub if it has not connected to GitHub Actions for more than 1 day.\n\nAuthor: Muhammad Faisal (@faisalusuf)\nCreated: 2023-01-27",
  "risk_rating": 3,
  "alarm_enabled": true,
  "rule_enabled": false,
  "blocks": [
    {
      "block_type": "LogObservedRuleBlock",
      "msg_filters": [
        {
          "msg_filter_type": 1,
          "field_filters": [
            {
              "filter_type": 112,
              "filter_type_name": "Command",
              "operator": 0,
              "operator_name": "Value",
              "filter_mode": 1,
              "field_operator": "And",
              "values": [
                "org.remove_self_hosted_runner",
                "org.runner_group_created",
                "org.runner_group_removed",
                "org.runner_group_runner_removed",
                "org.runner_group_runners_added",
                "org.runner_group_runners_updated",
                "org.runner_group_updated",
                "repo.register_self_hosted_runner",
                "repo.remove_self_hosted_runner"
              ]
            }
          ]
        }
      ],
      "group_by_fields": [
        17
      ]
    }
  ]
}