{
  "name": "Github Fork Private Repositories Setting Enabled/Cleared",
  "short_desc": "Detects when the policy allowing forks of private and internal repositories is changed (enabled or cleared).\n",
  "long_desc": "Detects when the policy allowing forks of private and internal repositories is changed (enabled or cleared).\n\n\nMITRE ATT&CK:\n  Tactics: Persistence, Exfiltration\n  Techniques: T1020, T1537\n\nReferences:\n  - https://docs.github.com/en/enterprise-cloud@latest/admin/monitoring-activity-in-your-enterprise/reviewing-audit-logs-for-your-enterprise/audit-log-events-for-your-enterprise#private_repository_forking\n\nFalse Positives:\n  - Allowed administrative activities.\n\nAuthor: Romain Gaillard (@romain-gaillard)\nCreated: 2024-07-29",
  "risk_rating": 5,
  "alarm_enabled": true,
  "rule_enabled": false,
  "blocks": [
    {
      "block_type": "LogObservedRuleBlock",
      "msg_filters": [
        {
          "msg_filter_type": 1,
          "field_filters": [
            {
              "filter_type": 112,
              "filter_type_name": "Command",
              "operator": 0,
              "operator_name": "Value",
              "filter_mode": 1,
              "field_operator": "And",
              "values": [
                "private_repository_forking.clear",
                "private_repository_forking.enable"
              ]
            }
          ]
        }
      ],
      "group_by_fields": [
        17
      ]
    }
  ]
}