{
  "name": "Github Push Protection Bypass Detected",
  "short_desc": "Detects when a user bypasses the push protection on a secret detected by secret scanning.",
  "long_desc": "Detects when a user bypasses the push protection on a secret detected by secret scanning.\n\nMITRE ATT&CK:\n  Tactics: Defense Evasion\n  Techniques: T1562.001\n\nReferences:\n  - https://docs.github.com/en/enterprise-cloud@latest/code-security/secret-scanning/push-protection-for-repositories-and-organizations\n  - https://thehackernews.com/2024/03/github-rolls-out-default-secret.html\n\nFalse Positives:\n  - Allowed administrative activities.\n\nAuthor: Muhammad Faisal (@faisalusuf)\nCreated: 2024-03-07",
  "risk_rating": 3,
  "alarm_enabled": true,
  "rule_enabled": false,
  "blocks": [
    {
      "block_type": "LogObservedRuleBlock",
      "msg_filters": [
        {
          "msg_filter_type": 1,
          "field_filters": [
            {
              "filter_type": 112,
              "filter_type_name": "Command",
              "operator": 2,
              "operator_name": "Regex",
              "filter_mode": 1,
              "field_operator": "And",
              "values": [
                "secret_scanning_push_protection\\\\.bypass"
              ]
            }
          ]
        }
      ],
      "group_by_fields": [
        17
      ]
    }
  ]
}