{
  "name": "Github Outside Collaborator Detected",
  "short_desc": "Detects when an organization member or an outside collaborator is added to or removed from a project board or has their permission level changed or when an owner removes an outside collaborator from an organization or when two-factor authentication is req",
  "long_desc": "Detects when an organization member or an outside collaborator is added to or removed from a project board or has their permission level changed or when an owner removes an outside collaborator from an organization or when two-factor authentication is required in an organization and an outside collaborator does not use 2FA or disables 2FA.\n\n\nMITRE ATT&CK:\n  Tactics: Persistence, Collection\n  Techniques: T1098.001, T1098.003, T1213.003\n\nReferences:\n  - https://docs.github.com/en/organizations/keeping-your-organization-secure/managing-security-settings-for-your-organization/reviewing-the-audit-log-for-your-organization#audit-log-actions\n  - https://docs.github.com/en/organizations/keeping-your-organization-secure/managing-two-factor-authentication-for-your-organization/requiring-two-factor-authentication-in-your-organization\n\nFalse Positives:\n  - Validate the actor if permitted to access the repo.\n  - Validate the Multifactor Authentication changes.\n\nAuthor: Muhammad Faisal (@faisalusuf)\nCreated: 2023-01-20",
  "risk_rating": 5,
  "alarm_enabled": true,
  "rule_enabled": false,
  "blocks": [
    {
      "block_type": "LogObservedRuleBlock",
      "msg_filters": [
        {
          "msg_filter_type": 1,
          "field_filters": [
            {
              "filter_type": 112,
              "filter_type_name": "Command",
              "operator": 0,
              "operator_name": "Value",
              "filter_mode": 1,
              "field_operator": "And",
              "values": [
                "org.remove_outside_collaborator",
                "project.update_user_permission"
              ]
            }
          ]
        }
      ],
      "group_by_fields": [
        17
      ]
    }
  ]
}