{
  "name": "Ruby on Rails Framework Exceptions",
  "short_desc": "Detects suspicious Ruby on Rails exceptions that could indicate exploitation attempts",
  "long_desc": "Detects suspicious Ruby on Rails exceptions that could indicate exploitation attempts\n\nMITRE ATT&CK:\n  Tactics: Initial Access\n  Techniques: T1190\n\nReferences:\n  - http://edgeguides.rubyonrails.org/security.html\n  - http://guides.rubyonrails.org/action_controller_overview.html\n  - https://stackoverflow.com/questions/25892194/does-rails-come-with-a-not-authorized-exception\n  - https://github.com/rails/rails/blob/cd08e6bcc4cd8948fe01e0be1ea0c7ca60373a25/actionpack/lib/action_dispatch/middleware/exception_wrapper.rb\n\nFalse Positives:\n  - Application bugs\n\nAuthor: Thomas Patzke\nCreated: 2017-08-06\nModified: 2020-09-01",
  "risk_rating": 5,
  "alarm_enabled": true,
  "rule_enabled": false,
  "blocks": [
    {
      "block_type": "LogObservedRuleBlock",
      "msg_filters": [],
      "group_by_fields": [
        17
      ]
    }
  ]
}