{
  "name": "New Federated Domain Added",
  "short_desc": "Detects the addition of a new Federated Domain.",
  "long_desc": "Detects the addition of a new Federated Domain.\n\nMITRE ATT&CK:\n  Tactics: Defense Evasion, Privilege Escalation\n  Techniques: T1484.002\n\nReferences:\n  - https://research.splunk.com/cloud/e155876a-6048-11eb-ae93-0242ac130002/\n  - https://o365blog.com/post/aadbackdoor/\n\nFalse Positives:\n  - The creation of a new Federated domain is not necessarily malicious, however these events need to be followed closely, as it may indicate federated credential abuse or backdoor via federated identities at a similar or different cloud provider.\n\nAuthor: Splunk Threat Research Team (original rule), Harjot Singh @cyb3rjy0t (sigma rule)\nCreated: 2023-09-18",
  "risk_rating": 5,
  "alarm_enabled": true,
  "rule_enabled": false,
  "blocks": [
    {
      "block_type": "LogObservedRuleBlock",
      "msg_filters": [
        {
          "msg_filter_type": 1,
          "field_filters": [
            {
              "filter_type": 112,
              "filter_type_name": "Command",
              "operator": 2,
              "operator_name": "Regex",
              "filter_mode": 1,
              "field_operator": "And",
              "values": [
                "domain"
              ]
            }
          ]
        },
        {
          "msg_filter_type": 1,
          "field_filters": [
            {
              "filter_type": 112,
              "filter_type_name": "Command",
              "operator": 2,
              "operator_name": "Regex",
              "filter_mode": 1,
              "field_operator": "And",
              "values": [
                "add",
                "new"
              ]
            }
          ]
        }
      ],
      "group_by_fields": [
        17
      ]
    }
  ]
}