{
  "name": "Disabling Multi Factor Authentication",
  "short_desc": "Detects disabling of Multi Factor Authentication.",
  "long_desc": "Detects disabling of Multi Factor Authentication.\n\nMITRE ATT&CK:\n  Tactics: Persistence, Defense Evasion, Credential Access\n  Techniques: T1556.006\n\nReferences:\n  - https://research.splunk.com/cloud/c783dd98-c703-4252-9e8a-f19d9f5c949e/\n\nFalse Positives:\n  - Unlikely\n\nAuthor: Splunk Threat Research Team (original rule), Harjot Singh @cyb3rjy0t (sigma rule)\nCreated: 2023-09-18",
  "risk_rating": 7,
  "alarm_enabled": true,
  "rule_enabled": false,
  "blocks": [
    {
      "block_type": "LogObservedRuleBlock",
      "msg_filters": [
        {
          "msg_filter_type": 1,
          "field_filters": [
            {
              "filter_type": 112,
              "filter_type_name": "Command",
              "operator": 2,
              "operator_name": "Regex",
              "filter_mode": 1,
              "field_operator": "And",
              "values": [
                "Disable Strong Authentication\\\\."
              ]
            }
          ]
        }
      ],
      "group_by_fields": [
        17
      ]
    }
  ]
}