{
  "name": "Azure Login Bypassing Conditional Access Policies",
  "short_desc": "Detects a successful login to the Microsoft Intune Company Portal which could allow bypassing Conditional Access Policies and InTune device trust using a tool like TokenSmith.\n",
  "long_desc": "Detects a successful login to the Microsoft Intune Company Portal which could allow bypassing Conditional Access Policies and InTune device trust using a tool like TokenSmith.\n\n\nMITRE ATT&CK:\n  Tactics: Defense Evasion\n  Techniques: T1078\n\nReferences:\n  - https://labs.jumpsec.com/tokensmith-bypassing-intune-compliant-device-conditional-access/\n  - https://github.com/JumpsecLabs/TokenSmith\n\nFalse Positives:\n  - Unknown\n\nAuthor: Josh Nickels, Marius Rothenb\u00fccher\nCreated: 2025-01-08",
  "risk_rating": 7,
  "alarm_enabled": true,
  "rule_enabled": false,
  "blocks": [
    {
      "block_type": "LogObservedRuleBlock",
      "msg_filters": [
        {
          "msg_filter_type": 1,
          "field_filters": [
            {
              "filter_type": 112,
              "filter_type_name": "Command",
              "operator": 0,
              "operator_name": "Value",
              "filter_mode": 1,
              "field_operator": "And",
              "values": [
                "UserLoggedIn"
              ]
            },
            {
              "filter_type": 112,
              "filter_type_name": "Command",
              "operator": 0,
              "operator_name": "Value",
              "filter_mode": 1,
              "field_operator": "Or",
              "values": [
                "9ba1a5c7-f17a-4de9-a1f1-6178c8d51223"
              ]
            },
            {
              "filter_type": 112,
              "filter_type_name": "Command",
              "operator": 0,
              "operator_name": "Value",
              "filter_mode": 1,
              "field_operator": "Or",
              "values": [
                "Success"
              ]
            },
            {
              "filter_type": 112,
              "filter_type_name": "Command",
              "operator": 0,
              "operator_name": "Value",
              "filter_mode": 1,
              "field_operator": "Or",
              "values": [
                "Cmsi:Cmsi"
              ]
            },
            {
              "filter_type": 112,
              "filter_type_name": "Command",
              "operator": 0,
              "operator_name": "Value",
              "filter_mode": 0,
              "field_operator": "Or",
              "values": [
                "0000000a-0000-0000-c000-000000000000"
              ]
            }
          ]
        }
      ],
      "group_by_fields": [
        17
      ]
    }
  ]
}