{
  "name": "AWS Config Disabling Channel/Recorder",
  "short_desc": "Detects AWS Config Service disabling",
  "long_desc": "Detects AWS Config Service disabling\n\nMITRE ATT&CK:\n  Tactics: Defense Evasion\n  Techniques: T1562.008\n\nReferences:\n  - https://docs.aws.amazon.com/config/latest/developerguide/cloudtrail-log-files-for-aws-config.html\n\nFalse Positives:\n  - Valid change in AWS Config Service\n\nAuthor: vitaliy0x1\nCreated: 2020-01-21\nModified: 2022-10-09",
  "risk_rating": 7,
  "alarm_enabled": true,
  "rule_enabled": false,
  "blocks": [
    {
      "block_type": "LogObservedRuleBlock",
      "msg_filters": [
        {
          "msg_filter_type": 1,
          "field_filters": [
            {
              "filter_type": 112,
              "filter_type_name": "Command",
              "operator": 0,
              "operator_name": "Value",
              "filter_mode": 1,
              "field_operator": "And",
              "values": [
                "config.amazonaws.com"
              ]
            },
            {
              "filter_type": 112,
              "filter_type_name": "Command",
              "operator": 0,
              "operator_name": "Value",
              "filter_mode": 1,
              "field_operator": "Or",
              "values": [
                "DeleteDeliveryChannel",
                "StopConfigurationRecorder"
              ]
            }
          ]
        }
      ],
      "group_by_fields": [
        17
      ]
    }
  ]
}