{
  "name": "AWS EC2 Startup Shell Script Change",
  "short_desc": "Detects changes to the EC2 instance startup script. The shell script will be executed as root/SYSTEM every time the specific instances are booted up.",
  "long_desc": "Detects changes to the EC2 instance startup script. The shell script will be executed as root/SYSTEM every time the specific instances are booted up.\n\nMITRE ATT&CK:\n  Tactics: Execution\n  Techniques: T1059.001, T1059.003, T1059.004\n\nReferences:\n  - https://github.com/RhinoSecurityLabs/pacu/blob/866376cd711666c775bbfcde0524c817f2c5b181/pacu/modules/ec2__startup_shell_script/main.py#L9\n\nFalse Positives:\n  - Valid changes to the startup script\n\nAuthor: faloker\nCreated: 2020-02-12\nModified: 2022-06-07",
  "risk_rating": 7,
  "alarm_enabled": true,
  "rule_enabled": false,
  "blocks": [
    {
      "block_type": "LogObservedRuleBlock",
      "msg_filters": [
        {
          "msg_filter_type": 1,
          "field_filters": [
            {
              "filter_type": 112,
              "filter_type_name": "Command",
              "operator": 0,
              "operator_name": "Value",
              "filter_mode": 1,
              "field_operator": "And",
              "values": [
                "ec2.amazonaws.com"
              ]
            },
            {
              "filter_type": 112,
              "filter_type_name": "Command",
              "operator": 0,
              "operator_name": "Value",
              "filter_mode": 1,
              "field_operator": "Or",
              "values": [
                "userData"
              ]
            },
            {
              "filter_type": 112,
              "filter_type_name": "Command",
              "operator": 0,
              "operator_name": "Value",
              "filter_mode": 1,
              "field_operator": "Or",
              "values": [
                "ModifyInstanceAttribute"
              ]
            }
          ]
        }
      ],
      "group_by_fields": [
        17
      ]
    }
  ]
}