{
  "name": "LoadBalancer Security Group Modification",
  "short_desc": "Detects changes to the security groups associated with an Elastic Load Balancer (ELB) or Application Load Balancer (ALB).\nThis can indicate that a misconfiguration allowing more traffic into the system than required, or could indicate that an attacker is ",
  "long_desc": "Detects changes to the security groups associated with an Elastic Load Balancer (ELB) or Application Load Balancer (ALB).\nThis can indicate that a misconfiguration allowing more traffic into the system than required, or could indicate that an attacker is attempting to enable new connections into a VPC or subnet controlled by the account.\n\n\nMITRE ATT&CK:\n  Tactics: Initial Access\n  Techniques: T1190\n\nReferences:\n  - https://www.gorillastack.com/blog/real-time-events/important-aws-cloudtrail-security-events-tracking/\n\nFalse Positives:\n  - Repurposing of an ELB or ALB to serve a different or additional application\n  - Changes to security groups to allow for new services to be deployed\n\nAuthor: jamesc-grafana\nCreated: 2024-07-11",
  "risk_rating": 5,
  "alarm_enabled": true,
  "rule_enabled": false,
  "blocks": [
    {
      "block_type": "LogObservedRuleBlock",
      "msg_filters": [
        {
          "msg_filter_type": 1,
          "field_filters": [
            {
              "filter_type": 112,
              "filter_type_name": "Command",
              "operator": 0,
              "operator_name": "Value",
              "filter_mode": 1,
              "field_operator": "And",
              "values": [
                "elasticloadbalancing.amazonaws.com"
              ]
            },
            {
              "filter_type": 112,
              "filter_type_name": "Command",
              "operator": 0,
              "operator_name": "Value",
              "filter_mode": 1,
              "field_operator": "Or",
              "values": [
                "ApplySecurityGroupsToLoadBalancer",
                "SetSecurityGroups"
              ]
            }
          ]
        }
      ],
      "group_by_fields": [
        17
      ]
    }
  ]
}