{
  "name": "RDS Database Security Group Modification",
  "short_desc": "Detects changes to the security group entries for RDS databases.\nThis can indicate that a misconfiguration has occurred which potentially exposes the database to the public internet, a wider audience within the VPC or that removal of valid rules has occur",
  "long_desc": "Detects changes to the security group entries for RDS databases.\nThis can indicate that a misconfiguration has occurred which potentially exposes the database to the public internet, a wider audience within the VPC or that removal of valid rules has occurred which could impact the availability of the database to legitimate services and users.\n\n\nMITRE ATT&CK:\n  Tactics: Initial Access\n  Techniques: T1190\n\nReferences:\n  - https://www.gorillastack.com/blog/real-time-events/important-aws-cloudtrail-security-events-tracking/\n\nFalse Positives:\n  - Creation of a new Database that needs new security group rules\n\nAuthor: jamesc-grafana\nCreated: 2024-07-11",
  "risk_rating": 5,
  "alarm_enabled": true,
  "rule_enabled": false,
  "blocks": [
    {
      "block_type": "LogObservedRuleBlock",
      "msg_filters": [
        {
          "msg_filter_type": 1,
          "field_filters": [
            {
              "filter_type": 112,
              "filter_type_name": "Command",
              "operator": 0,
              "operator_name": "Value",
              "filter_mode": 1,
              "field_operator": "And",
              "values": [
                "rds.amazonaws.com"
              ]
            },
            {
              "filter_type": 112,
              "filter_type_name": "Command",
              "operator": 0,
              "operator_name": "Value",
              "filter_mode": 1,
              "field_operator": "Or",
              "values": [
                "AuthorizeDBSecurityGroupIngress",
                "CreateDBSecurityGroup",
                "DeleteDBSecurityGroup",
                "RevokeDBSecurityGroupIngress"
              ]
            }
          ]
        }
      ],
      "group_by_fields": [
        17
      ]
    }
  ]
}