{
  "name": "AWS Console GetSigninToken Potential Abuse",
  "short_desc": "Detects potentially suspicious events involving \"GetSigninToken\".\nAn adversary using the \"aws_consoler\" tool can leverage this console API to create temporary federated credential that help obfuscate which AWS credential is compromised (the original acces",
  "long_desc": "Detects potentially suspicious events involving \"GetSigninToken\".\nAn adversary using the \"aws_consoler\" tool can leverage this console API to create temporary federated credential that help obfuscate which AWS credential is compromised (the original access key) and enables the adversary to pivot from the AWS CLI to console sessions without the need for MFA using the new access key issued in this request.\n\n\nMITRE ATT&CK:\n  Tactics: Lateral Movement\n  Techniques: T1021.007, T1550.001\n\nReferences:\n  - https://github.com/NetSPI/aws_consoler\n  - https://www.crowdstrike.com/blog/analysis-of-intrusion-campaign-targeting-telecom-and-bpo-companies/\n\nFalse Positives:\n  - GetSigninToken events will occur when using AWS SSO portal to login and will generate false positives if you do not filter for the expected user agent(s), see filter. Non-SSO configured roles would be abnormal and should be investigated.\n\nAuthor: Chester Le Bron (@123Le_Bron)\nCreated: 2024-02-26",
  "risk_rating": 5,
  "alarm_enabled": true,
  "rule_enabled": false,
  "blocks": [
    {
      "block_type": "LogObservedRuleBlock",
      "msg_filters": [
        {
          "msg_filter_type": 1,
          "field_filters": [
            {
              "filter_type": 112,
              "filter_type_name": "Command",
              "operator": 0,
              "operator_name": "Value",
              "filter_mode": 1,
              "field_operator": "And",
              "values": [
                "signin.amazonaws.com"
              ]
            },
            {
              "filter_type": 112,
              "filter_type_name": "Command",
              "operator": 0,
              "operator_name": "Value",
              "filter_mode": 1,
              "field_operator": "Or",
              "values": [
                "GetSigninToken"
              ]
            },
            {
              "filter_type": 112,
              "filter_type_name": "Command",
              "operator": 2,
              "operator_name": "Regex",
              "filter_mode": 0,
              "field_operator": "Or",
              "values": [
                "Jersey/\\\\$\\\\{project\\\\.version\\\\}"
              ]
            }
          ]
        }
      ],
      "group_by_fields": [
        17
      ]
    }
  ]
}