{
  "name": "Potential Bucket Enumeration on AWS",
  "short_desc": "Looks for potential enumeration of AWS buckets via ListBuckets.",
  "long_desc": "Looks for potential enumeration of AWS buckets via ListBuckets.\n\nMITRE ATT&CK:\n  Tactics: Discovery\n  Techniques: T1580, T1619\n\nReferences:\n  - https://github.com/Lifka/hacking-resources/blob/c2ae355d381bd0c9f0b32c4ead049f44e5b1573f/cloud-hacking-cheat-sheets.md\n  - https://jamesonhacking.blogspot.com/2020/12/pivoting-to-private-aws-s3-buckets.html\n  - https://securitycafe.ro/2022/12/14/aws-enumeration-part-ii-practical-enumeration/\n\nFalse Positives:\n  - Administrators listing buckets, it may be necessary to filter out users who commonly conduct this activity.\n\nAuthor: Christopher Peacock @securepeacock, SCYTHE @scythe_io\nCreated: 2023-01-06\nModified: 2024-07-10",
  "risk_rating": 3,
  "alarm_enabled": true,
  "rule_enabled": false,
  "blocks": [
    {
      "block_type": "LogObservedRuleBlock",
      "msg_filters": [
        {
          "msg_filter_type": 1,
          "field_filters": [
            {
              "filter_type": 112,
              "filter_type_name": "Command",
              "operator": 0,
              "operator_name": "Value",
              "filter_mode": 1,
              "field_operator": "And",
              "values": [
                "s3.amazonaws.com"
              ]
            },
            {
              "filter_type": 112,
              "filter_type_name": "Command",
              "operator": 0,
              "operator_name": "Value",
              "filter_mode": 1,
              "field_operator": "Or",
              "values": [
                "ListBuckets"
              ]
            },
            {
              "filter_type": 112,
              "filter_type_name": "Command",
              "operator": 0,
              "operator_name": "Value",
              "filter_mode": 0,
              "field_operator": "Or",
              "values": [
                "AssumedRole"
              ]
            }
          ]
        }
      ],
      "group_by_fields": [
        17
      ]
    }
  ]
}