{
  "name": "AWS EFS Fileshare Mount Modified or Deleted",
  "short_desc": "Detects when a EFS Fileshare Mount is modified or deleted. An adversary breaking any file system using the mount target that is being deleted, which might disrupt instances or applications using those mounts.",
  "long_desc": "Detects when a EFS Fileshare Mount is modified or deleted. An adversary breaking any file system using the mount target that is being deleted, which might disrupt instances or applications using those mounts.\n\nMITRE ATT&CK:\n  Tactics: Impact\n  Techniques: T1485\n\nReferences:\n  - https://docs.aws.amazon.com/efs/latest/ug/API_DeleteMountTarget.html\n\nFalse Positives:\n  - Unknown\n\nAuthor: Austin Songer @austinsonger\nCreated: 2021-08-15\nModified: 2022-10-09",
  "risk_rating": 5,
  "alarm_enabled": true,
  "rule_enabled": false,
  "blocks": [
    {
      "block_type": "LogObservedRuleBlock",
      "msg_filters": [
        {
          "msg_filter_type": 1,
          "field_filters": [
            {
              "filter_type": 112,
              "filter_type_name": "Command",
              "operator": 0,
              "operator_name": "Value",
              "filter_mode": 1,
              "field_operator": "And",
              "values": [
                "elasticfilesystem.amazonaws.com"
              ]
            },
            {
              "filter_type": 112,
              "filter_type_name": "Command",
              "operator": 0,
              "operator_name": "Value",
              "filter_mode": 1,
              "field_operator": "Or",
              "values": [
                "DeleteMountTarget"
              ]
            }
          ]
        }
      ],
      "group_by_fields": [
        17
      ]
    }
  ]
}