{
  "name": "AWS Route 53 Domain Transferred to Another Account",
  "short_desc": "Detects when a request has been made to transfer a Route 53 domain to another AWS account.",
  "long_desc": "Detects when a request has been made to transfer a Route 53 domain to another AWS account.\n\nMITRE ATT&CK:\n  Tactics: Persistence, Credential Access\n  Techniques: T1098\n\nReferences:\n  - https://github.com/elastic/detection-rules/blob/c76a39796972ecde44cb1da6df47f1b6562c9770/rules/integrations/aws/persistence_route_53_domain_transferred_to_another_account.toml\n\nFalse Positives:\n  - A domain may be transferred to another AWS account by a system or network administrator. Verify whether the user identity, user agent, and/or hostname should be making changes in your environment. Domain transfers from unfamiliar users or hosts should be investigated. If known behavior is causing false positives, it can be exempted from the rule.\n\nAuthor: Elastic, Austin Songer @austinsonger\nCreated: 2021-07-22\nModified: 2022-10-09",
  "risk_rating": 3,
  "alarm_enabled": true,
  "rule_enabled": false,
  "blocks": [
    {
      "block_type": "LogObservedRuleBlock",
      "msg_filters": [
        {
          "msg_filter_type": 1,
          "field_filters": [
            {
              "filter_type": 112,
              "filter_type_name": "Command",
              "operator": 0,
              "operator_name": "Value",
              "filter_mode": 1,
              "field_operator": "And",
              "values": [
                "route53.amazonaws.com"
              ]
            },
            {
              "filter_type": 112,
              "filter_type_name": "Command",
              "operator": 0,
              "operator_name": "Value",
              "filter_mode": 1,
              "field_operator": "Or",
              "values": [
                "TransferDomainToAnotherAwsAccount"
              ]
            }
          ]
        }
      ],
      "group_by_fields": [
        17
      ]
    }
  ]
}