{
  "name": "AWS STS AssumeRole Misuse",
  "short_desc": "Identifies the suspicious use of AssumeRole. Attackers could move laterally and escalate privileges.",
  "long_desc": "Identifies the suspicious use of AssumeRole. Attackers could move laterally and escalate privileges.\n\nMITRE ATT&CK:\n  Tactics: Lateral Movement, Privilege Escalation\n  Techniques: T1548, T1550, T1550.001\n\nReferences:\n  - https://github.com/elastic/detection-rules/pull/1214\n  - https://docs.aws.amazon.com/STS/latest/APIReference/API_AssumeRole.html\n\nFalse Positives:\n  - AssumeRole may be done by a system or network administrator. Verify whether the user identity, user agent, and/or hostname should be making changes in your environment.\n  - AssumeRole from unfamiliar users or hosts should be investigated. If known behavior is causing false positives, it can be exempted from the rule.\n  - Automated processes that uses Terraform may lead to false positives.\n\nAuthor: Austin Songer @austinsonger\nCreated: 2021-07-24\nModified: 2022-10-09",
  "risk_rating": 3,
  "alarm_enabled": true,
  "rule_enabled": false,
  "blocks": [
    {
      "block_type": "LogObservedRuleBlock",
      "msg_filters": [
        {
          "msg_filter_type": 1,
          "field_filters": [
            {
              "filter_type": 112,
              "filter_type_name": "Command",
              "operator": 0,
              "operator_name": "Value",
              "filter_mode": 1,
              "field_operator": "And",
              "values": [
                "AssumedRole"
              ]
            },
            {
              "filter_type": 112,
              "filter_type_name": "Command",
              "operator": 0,
              "operator_name": "Value",
              "filter_mode": 1,
              "field_operator": "Or",
              "values": [
                "Role"
              ]
            }
          ]
        }
      ],
      "group_by_fields": [
        17
      ]
    }
  ]
}