{
  "name": "AWS EKS Cluster Created or Deleted",
  "short_desc": "Identifies when an EKS cluster is created or deleted.",
  "long_desc": "Identifies when an EKS cluster is created or deleted.\n\nMITRE ATT&CK:\n  Tactics: Impact\n  Techniques: T1485\n\nReferences:\n  - https://any-api.com/amazonaws_com/eks/docs/API_Description\n\nFalse Positives:\n  - EKS Cluster being created or deleted may be performed by a system administrator.\n  - Verify whether the user identity, user agent, and/or hostname should be making changes in your environment.\n  - EKS Cluster created or deleted from unfamiliar users should be investigated. If known behavior is causing false positives, it can be exempted from the rule.\n\nAuthor: Austin Songer\nCreated: 2021-08-16\nModified: 2022-10-09",
  "risk_rating": 3,
  "alarm_enabled": true,
  "rule_enabled": false,
  "blocks": [
    {
      "block_type": "LogObservedRuleBlock",
      "msg_filters": [
        {
          "msg_filter_type": 1,
          "field_filters": [
            {
              "filter_type": 112,
              "filter_type_name": "Command",
              "operator": 0,
              "operator_name": "Value",
              "filter_mode": 1,
              "field_operator": "And",
              "values": [
                "eks.amazonaws.com"
              ]
            },
            {
              "filter_type": 112,
              "filter_type_name": "Command",
              "operator": 0,
              "operator_name": "Value",
              "filter_mode": 1,
              "field_operator": "Or",
              "values": [
                "CreateCluster",
                "DeleteCluster"
              ]
            }
          ]
        }
      ],
      "group_by_fields": [
        17
      ]
    }
  ]
}