{
  "name": "AWS New Lambda Layer Attached",
  "short_desc": "Detects when a user attached a Lambda layer to an existing Lambda function.\nA malicious Lambda layer could execute arbitrary code in the context of the function's IAM role.\nThis would give an adversary access to resources that the function has access to.\n",
  "long_desc": "Detects when a user attached a Lambda layer to an existing Lambda function.\nA malicious Lambda layer could execute arbitrary code in the context of the function's IAM role.\nThis would give an adversary access to resources that the function has access to.\n\n\nMITRE ATT&CK:\n  Tactics: Privilege Escalation\n\nReferences:\n  - https://docs.aws.amazon.com/lambda/latest/dg/API_UpdateFunctionConfiguration.html\n  - https://github.com/clearvector/lambda-spy\n\nFalse Positives:\n  - Lambda Layer being attached may be performed by a system administrator. Verify whether the user identity, user agent, and/or hostname should be making changes in your environment.\n  - Lambda Layer being attached from unfamiliar users should be investigated. If known behavior is causing false positives, it can be exempted from the rule.\n\nAuthor: Austin Songer\nCreated: 2021-09-23\nModified: 2025-03-17",
  "risk_rating": 3,
  "alarm_enabled": true,
  "rule_enabled": false,
  "blocks": [
    {
      "block_type": "LogObservedRuleBlock",
      "msg_filters": [
        {
          "msg_filter_type": 1,
          "field_filters": [
            {
              "filter_type": 112,
              "filter_type_name": "Command",
              "operator": 0,
              "operator_name": "Value",
              "filter_mode": 1,
              "field_operator": "And",
              "values": [
                "lambda.amazonaws.com"
              ]
            },
            {
              "filter_type": 112,
              "filter_type_name": "Command",
              "operator": 2,
              "operator_name": "Regex",
              "filter_mode": 1,
              "field_operator": "Or",
              "values": [
                "^UpdateFunctionConfiguration"
              ]
            },
            {
              "filter_type": 112,
              "filter_type_name": "Command",
              "operator": 2,
              "operator_name": "Regex",
              "filter_mode": 1,
              "field_operator": "Or",
              "values": [
                ".*"
              ]
            }
          ]
        }
      ],
      "group_by_fields": [
        17
      ]
    }
  ]
}