{
  "name": "AWS ECS Task Definition That Queries The Credential Endpoint",
  "short_desc": "Detects when an Elastic Container Service (ECS) Task Definition includes a command to query the credential endpoint.\nThis can indicate a potential adversary adding a backdoor to establish persistence or escalate privileges.\n",
  "long_desc": "Detects when an Elastic Container Service (ECS) Task Definition includes a command to query the credential endpoint.\nThis can indicate a potential adversary adding a backdoor to establish persistence or escalate privileges.\n\n\nMITRE ATT&CK:\n  Tactics: Persistence\n  Techniques: T1525\n\nReferences:\n  - https://github.com/RhinoSecurityLabs/pacu/blob/866376cd711666c775bbfcde0524c817f2c5b181/pacu/modules/ecs__backdoor_task_def/main.py\n  - https://docs.aws.amazon.com/AmazonECS/latest/APIReference/API_RegisterTaskDefinition.html\n  - https://docs.aws.amazon.com/AmazonECS/latest/developerguide/task-iam-roles.html\n\nFalse Positives:\n  - Task Definition being modified to request credentials from the Task Metadata Service for valid reasons\n\nAuthor: Darin Smith\nCreated: 2022-06-07\nModified: 2023-04-24",
  "risk_rating": 5,
  "alarm_enabled": true,
  "rule_enabled": false,
  "blocks": [
    {
      "block_type": "LogObservedRuleBlock",
      "msg_filters": [
        {
          "msg_filter_type": 1,
          "field_filters": [
            {
              "filter_type": 112,
              "filter_type_name": "Command",
              "operator": 0,
              "operator_name": "Value",
              "filter_mode": 1,
              "field_operator": "And",
              "values": [
                "ecs.amazonaws.com"
              ]
            },
            {
              "filter_type": 112,
              "filter_type_name": "Command",
              "operator": 0,
              "operator_name": "Value",
              "filter_mode": 1,
              "field_operator": "Or",
              "values": [
                "DescribeTaskDefinition",
                "RegisterTaskDefinition",
                "RunTask"
              ]
            },
            {
              "filter_type": 112,
              "filter_type_name": "Command",
              "operator": 2,
              "operator_name": "Regex",
              "filter_mode": 1,
              "field_operator": "Or",
              "values": [
                "\\\\$AWS_CONTAINER_CREDENTIALS_RELATIVE_URI"
              ]
            }
          ]
        }
      ],
      "group_by_fields": [
        17
      ]
    }
  ]
}