{
  "name": "Malicious Usage Of IMDS Credentials Outside Of AWS Infrastructure",
  "short_desc": "Detects when an instance identity has taken an action that isn't inside SSM.\nThis can indicate that a compromised EC2 instance is being used as a pivot point.\n",
  "long_desc": "Detects when an instance identity has taken an action that isn't inside SSM.\nThis can indicate that a compromised EC2 instance is being used as a pivot point.\n\n\nMITRE ATT&CK:\n  Tactics: Privilege Escalation, Defense Evasion\n  Techniques: T1078, T1078.002\n\nReferences:\n  - https://docs.aws.amazon.com/AWSEC2/latest/UserGuide/ec2-instance-identity-roles.html\n  - https://ermetic.com/blog/aws/aws-ec2-imds-what-you-need-to-know/\n  - https://www.packetmischief.ca/2023/07/31/amazon-ec2-credential-exfiltration-how-it-happens-and-how-to-mitigate-it/#lifting-credentials-from-imds-this-is-why-we-cant-have-nice-things\n\nFalse Positives:\n  - A team has configured an EC2 instance to use instance profiles that grant the option for the EC2 instance to talk to other AWS Services\n\nAuthor: jamesc-grafana\nCreated: 2024-07-11",
  "risk_rating": 7,
  "alarm_enabled": true,
  "rule_enabled": false,
  "blocks": [
    {
      "block_type": "LogObservedRuleBlock",
      "msg_filters": [
        {
          "msg_filter_type": 1,
          "field_filters": [
            {
              "filter_type": 112,
              "filter_type_name": "Command",
              "operator": 2,
              "operator_name": "Regex",
              "filter_mode": 1,
              "field_operator": "And",
              "values": [
                ".+:assumed-role/aws:.+"
              ]
            },
            {
              "filter_type": 112,
              "filter_type_name": "Command",
              "operator": 0,
              "operator_name": "Value",
              "filter_mode": 0,
              "field_operator": "Or",
              "values": [
                "ssm.amazonaws.com"
              ]
            },
            {
              "filter_type": 112,
              "filter_type_name": "Command",
              "operator": 0,
              "operator_name": "Value",
              "filter_mode": 0,
              "field_operator": "Or",
              "values": [
                "RegisterManagedInstance"
              ]
            },
            {
              "filter_type": 112,
              "filter_type_name": "Command",
              "operator": 0,
              "operator_name": "Value",
              "filter_mode": 0,
              "field_operator": "Or",
              "values": [
                "AWS Internal"
              ]
            }
          ]
        }
      ],
      "group_by_fields": [
        17
      ]
    }
  ]
}