{
  "name": "AWS User Login Profile Was Modified",
  "short_desc": "Detects activity when someone is changing passwords on behalf of other users.\nAn attacker with the \"iam:UpdateLoginProfile\" permission on other users can change the password used to login to the AWS console on any user that already has a login profile set",
  "long_desc": "Detects activity when someone is changing passwords on behalf of other users.\nAn attacker with the \"iam:UpdateLoginProfile\" permission on other users can change the password used to login to the AWS console on any user that already has a login profile setup.\n\n\nMITRE ATT&CK:\n  Tactics: Persistence\n  Techniques: T1098\n\nReferences:\n  - https://github.com/RhinoSecurityLabs/AWS-IAM-Privilege-Escalation\n\nFalse Positives:\n  - Legitimate user account administration\n\nAuthor: toffeebr33k\nCreated: 2021-08-09\nModified: 2024-04-26",
  "risk_rating": 7,
  "alarm_enabled": true,
  "rule_enabled": false,
  "blocks": [
    {
      "block_type": "LogObservedRuleBlock",
      "msg_filters": [
        {
          "msg_filter_type": 1,
          "field_filters": [
            {
              "filter_type": 112,
              "filter_type_name": "Command",
              "operator": 0,
              "operator_name": "Value",
              "filter_mode": 1,
              "field_operator": "And",
              "values": [
                "iam.amazonaws.com"
              ]
            },
            {
              "filter_type": 112,
              "filter_type_name": "Command",
              "operator": 0,
              "operator_name": "Value",
              "filter_mode": 1,
              "field_operator": "Or",
              "values": [
                "UpdateLoginProfile"
              ]
            },
            {
              "filter_type": 112,
              "filter_type_name": "Command",
              "operator": 2,
              "operator_name": "Regex",
              "filter_mode": 0,
              "field_operator": "Or",
              "values": [
                "requestParameters.userName"
              ]
            }
          ]
        }
      ],
      "group_by_fields": [
        17
      ]
    }
  ]
}