{
  "name": "AWS Identity Center Identity Provider Change",
  "short_desc": "Detects a change in the AWS Identity Center (FKA AWS SSO) identity provider.\nA change in identity provider allows an attacker to establish persistent access or escalate privileges via user impersonation.\n",
  "long_desc": "Detects a change in the AWS Identity Center (FKA AWS SSO) identity provider.\nA change in identity provider allows an attacker to establish persistent access or escalate privileges via user impersonation.\n\n\nMITRE ATT&CK:\n  Tactics: Persistence\n  Techniques: T1556\n\nReferences:\n  - https://docs.aws.amazon.com/singlesignon/latest/userguide/app-enablement.html\n  - https://docs.aws.amazon.com/singlesignon/latest/userguide/sso-info-in-cloudtrail.html\n  - https://docs.aws.amazon.com/service-authorization/latest/reference/list_awsiamidentitycentersuccessortoawssinglesign-on.html\n\nFalse Positives:\n  - Authorized changes to the AWS account's identity provider\n\nAuthor: Michael McIntyre @wtfender\nCreated: 2023-09-27",
  "risk_rating": 7,
  "alarm_enabled": true,
  "rule_enabled": false,
  "blocks": [
    {
      "block_type": "LogObservedRuleBlock",
      "msg_filters": [
        {
          "msg_filter_type": 1,
          "field_filters": [
            {
              "filter_type": 112,
              "filter_type_name": "Command",
              "operator": 0,
              "operator_name": "Value",
              "filter_mode": 1,
              "field_operator": "And",
              "values": [
                "sso-directory.amazonaws.com",
                "sso.amazonaws.com"
              ]
            },
            {
              "filter_type": 112,
              "filter_type_name": "Command",
              "operator": 0,
              "operator_name": "Value",
              "filter_mode": 1,
              "field_operator": "Or",
              "values": [
                "AssociateDirectory",
                "DisableExternalIdPConfigurationForDirectory",
                "DisassociateDirectory",
                "EnableExternalIdPConfigurationForDirectory"
              ]
            }
          ]
        }
      ],
      "group_by_fields": [
        17
      ]
    }
  ]
}