{
  "name": "AWS EC2 Disable EBS Encryption",
  "short_desc": "Identifies disabling of default Amazon Elastic Block Store (EBS) encryption in the current region.\nDisabling default encryption does not change the encryption status of your existing volumes.\n",
  "long_desc": "Identifies disabling of default Amazon Elastic Block Store (EBS) encryption in the current region.\nDisabling default encryption does not change the encryption status of your existing volumes.\n\n\nMITRE ATT&CK:\n  Tactics: Impact\n  Techniques: T1486, T1565\n\nReferences:\n  - https://docs.aws.amazon.com/AWSEC2/latest/APIReference/API_DisableEbsEncryptionByDefault.html\n\nFalse Positives:\n  - System Administrator Activities\n  - DEV, UAT, SAT environment. You should apply this rule with PROD account only.\n\nAuthor: Sittikorn S\nCreated: 2021-06-29\nModified: 2021-08-20",
  "risk_rating": 5,
  "alarm_enabled": true,
  "rule_enabled": false,
  "blocks": [
    {
      "block_type": "LogObservedRuleBlock",
      "msg_filters": [
        {
          "msg_filter_type": 1,
          "field_filters": [
            {
              "filter_type": 112,
              "filter_type_name": "Command",
              "operator": 0,
              "operator_name": "Value",
              "filter_mode": 1,
              "field_operator": "And",
              "values": [
                "ec2.amazonaws.com"
              ]
            },
            {
              "filter_type": 112,
              "filter_type_name": "Command",
              "operator": 0,
              "operator_name": "Value",
              "filter_mode": 1,
              "field_operator": "Or",
              "values": [
                "DisableEbsEncryptionByDefault"
              ]
            }
          ]
        }
      ],
      "group_by_fields": [
        17
      ]
    }
  ]
}