{
  "name": "AWS S3 Bucket Versioning Disable",
  "short_desc": "Detects when S3 bucket versioning is disabled. Threat actors use this technique during AWS ransomware incidents prior to deleting S3 objects.",
  "long_desc": "Detects when S3 bucket versioning is disabled. Threat actors use this technique during AWS ransomware incidents prior to deleting S3 objects.\n\nMITRE ATT&CK:\n  Tactics: Impact\n  Techniques: T1490\n\nReferences:\n  - https://invictus-ir.medium.com/ransomware-in-the-cloud-7f14805bbe82\n\nFalse Positives:\n  - AWS administrator legitimately disabling bucket versioning\n\nAuthor: Sean Johnstone | Unit 42\nCreated: 2023-10-28",
  "risk_rating": 5,
  "alarm_enabled": true,
  "rule_enabled": false,
  "blocks": [
    {
      "block_type": "LogObservedRuleBlock",
      "msg_filters": [
        {
          "msg_filter_type": 1,
          "field_filters": [
            {
              "filter_type": 112,
              "filter_type_name": "Command",
              "operator": 0,
              "operator_name": "Value",
              "filter_mode": 1,
              "field_operator": "And",
              "values": [
                "s3.amazonaws.com"
              ]
            },
            {
              "filter_type": 112,
              "filter_type_name": "Command",
              "operator": 0,
              "operator_name": "Value",
              "filter_mode": 1,
              "field_operator": "Or",
              "values": [
                "PutBucketVersioning"
              ]
            },
            {
              "filter_type": 112,
              "filter_type_name": "Command",
              "operator": 2,
              "operator_name": "Regex",
              "filter_mode": 1,
              "field_operator": "Or",
              "values": [
                "Suspended"
              ]
            }
          ]
        }
      ],
      "group_by_fields": [
        17
      ]
    }
  ]
}