{
  "name": "Ingress/Egress Security Group Modification",
  "short_desc": "Detects when an account makes changes to the ingress or egress rules of a security group.\nThis can indicate that an attacker is attempting to open up new attack vectors in the account, that they are trying to exfiltrate data over the network, or that they",
  "long_desc": "Detects when an account makes changes to the ingress or egress rules of a security group.\nThis can indicate that an attacker is attempting to open up new attack vectors in the account, that they are trying to exfiltrate data over the network, or that they are trying to allow machines in that VPC/Subnet to contact a C&C server.\n\n\nMITRE ATT&CK:\n  Tactics: Initial Access\n  Techniques: T1190\n\nReferences:\n  - https://www.gorillastack.com/blog/real-time-events/important-aws-cloudtrail-security-events-tracking/\n\nFalse Positives:\n  - New VPCs and Subnets being setup requiring a different security profile to those already defined\n  - A single port being opened for a new service that is known to be deploying\n  - Administrators closing unused ports to reduce the attack surface\n\nAuthor: jamesc-grafana\nCreated: 2024-07-11",
  "risk_rating": 5,
  "alarm_enabled": true,
  "rule_enabled": false,
  "blocks": [
    {
      "block_type": "LogObservedRuleBlock",
      "msg_filters": [
        {
          "msg_filter_type": 1,
          "field_filters": [
            {
              "filter_type": 112,
              "filter_type_name": "Command",
              "operator": 0,
              "operator_name": "Value",
              "filter_mode": 1,
              "field_operator": "And",
              "values": [
                "ec2.amazonaws.com"
              ]
            },
            {
              "filter_type": 112,
              "filter_type_name": "Command",
              "operator": 0,
              "operator_name": "Value",
              "filter_mode": 1,
              "field_operator": "Or",
              "values": [
                "AuthorizeSecurityGroupEgress",
                "AuthorizeSecurityGroupIngress",
                "RevokeSecurityGroupEgress",
                "RevokeSecurityGroupIngress"
              ]
            }
          ]
        }
      ],
      "group_by_fields": [
        17
      ]
    }
  ]
}