{
  "name": "AWS Root Credentials",
  "short_desc": "Detects AWS root account usage",
  "long_desc": "Detects AWS root account usage\n\nMITRE ATT&CK:\n  Tactics: Privilege Escalation\n  Techniques: T1078.004\n\nReferences:\n  - https://docs.aws.amazon.com/IAM/latest/UserGuide/id_root-user.html\n\nFalse Positives:\n  - AWS Tasks That Require AWS Account Root User Credentials https://docs.aws.amazon.com/general/latest/gr/aws_tasks-that-require-root.html\n\nAuthor: vitaliy0x1\nCreated: 2020-01-21\nModified: 2022-10-09",
  "risk_rating": 5,
  "alarm_enabled": true,
  "rule_enabled": false,
  "blocks": [
    {
      "block_type": "LogObservedRuleBlock",
      "msg_filters": [
        {
          "msg_filter_type": 1,
          "field_filters": [
            {
              "filter_type": 112,
              "filter_type_name": "Command",
              "operator": 0,
              "operator_name": "Value",
              "filter_mode": 1,
              "field_operator": "And",
              "values": [
                "Root"
              ]
            },
            {
              "filter_type": 112,
              "filter_type_name": "Command",
              "operator": 0,
              "operator_name": "Value",
              "filter_mode": 0,
              "field_operator": "Or",
              "values": [
                "AwsServiceEvent"
              ]
            }
          ]
        }
      ],
      "group_by_fields": [
        17
      ]
    }
  ]
}