{
  "name": "New Network ACL Entry Added",
  "short_desc": "Detects that network ACL entries have been added to a route table which could indicate that new attack vectors have been opened up in the AWS account.\n",
  "long_desc": "Detects that network ACL entries have been added to a route table which could indicate that new attack vectors have been opened up in the AWS account.\n\n\nMITRE ATT&CK:\n  Tactics: Defense Evasion\n  Techniques: T1562.007\n\nReferences:\n  - https://www.gorillastack.com/blog/real-time-events/important-aws-cloudtrail-security-events-tracking/\n\nFalse Positives:\n  - Legitimate use of ACLs to enable customer and staff access from the public internet into a public VPC\n\nAuthor: jamesc-grafana\nCreated: 2024-07-11",
  "risk_rating": 3,
  "alarm_enabled": true,
  "rule_enabled": false,
  "blocks": [
    {
      "block_type": "LogObservedRuleBlock",
      "msg_filters": [
        {
          "msg_filter_type": 1,
          "field_filters": [
            {
              "filter_type": 112,
              "filter_type_name": "Command",
              "operator": 0,
              "operator_name": "Value",
              "filter_mode": 1,
              "field_operator": "And",
              "values": [
                "ec2.amazonaws.com"
              ]
            },
            {
              "filter_type": 112,
              "filter_type_name": "Command",
              "operator": 0,
              "operator_name": "Value",
              "filter_mode": 1,
              "field_operator": "Or",
              "values": [
                "CreateNetworkAclEntry"
              ]
            }
          ]
        }
      ],
      "group_by_fields": [
        17
      ]
    }
  ]
}