{
  "name": "AWS Route 53 Domain Transfer Lock Disabled",
  "short_desc": "Detects when a transfer lock was removed from a Route 53 domain. It is recommended to refrain from performing this action unless intending to transfer the domain to a different registrar.",
  "long_desc": "Detects when a transfer lock was removed from a Route 53 domain. It is recommended to refrain from performing this action unless intending to transfer the domain to a different registrar.\n\nMITRE ATT&CK:\n  Tactics: Persistence, Credential Access\n  Techniques: T1098\n\nReferences:\n  - https://github.com/elastic/detection-rules/blob/c76a39796972ecde44cb1da6df47f1b6562c9770/rules/integrations/aws/persistence_route_53_domain_transfer_lock_disabled.toml\n  - https://docs.aws.amazon.com/Route53/latest/APIReference/API_Operations_Amazon_Route_53.html\n  - https://docs.aws.amazon.com/Route53/latest/APIReference/API_domains_DisableDomainTransferLock.html\n\nFalse Positives:\n  - A domain transfer lock may be disabled by a system or network administrator. Verify whether the user identity, user agent, and/or hostname should be making changes in your environment. Activity from unfamiliar users or hosts should be investigated. If known behavior is causing false positives, it can be exempted from the rule.\n\nAuthor: Elastic, Austin Songer @austinsonger\nCreated: 2021-07-22\nModified: 2022-10-09",
  "risk_rating": 3,
  "alarm_enabled": true,
  "rule_enabled": false,
  "blocks": [
    {
      "block_type": "LogObservedRuleBlock",
      "msg_filters": [
        {
          "msg_filter_type": 1,
          "field_filters": [
            {
              "filter_type": 112,
              "filter_type_name": "Command",
              "operator": 0,
              "operator_name": "Value",
              "filter_mode": 1,
              "field_operator": "And",
              "values": [
                "route53.amazonaws.com"
              ]
            },
            {
              "filter_type": 112,
              "filter_type_name": "Command",
              "operator": 0,
              "operator_name": "Value",
              "filter_mode": 1,
              "field_operator": "Or",
              "values": [
                "DisableDomainTransferLock"
              ]
            }
          ]
        }
      ],
      "group_by_fields": [
        17
      ]
    }
  ]
}