{
  "name": "New AWS Lambda Function URL Configuration Created",
  "short_desc": "Detects when a user creates a Lambda function URL configuration, which could be used to expose the function to the internet and potentially allow unauthorized access to the function's IAM role for AWS API calls.\nThis could give an adversary access to the ",
  "long_desc": "Detects when a user creates a Lambda function URL configuration, which could be used to expose the function to the internet and potentially allow unauthorized access to the function's IAM role for AWS API calls.\nThis could give an adversary access to the privileges associated with the Lambda service role that is attached to that function.\n\n\nMITRE ATT&CK:\n  Tactics: Initial Access, Privilege Escalation\n\nReferences:\n  - https://docs.aws.amazon.com/lambda/latest/dg/API_CreateFunctionUrlConfig.html\n  - https://cloud.hacktricks.xyz/pentesting-cloud/aws-security/aws-privilege-escalation/aws-lambda-privesc\n  - https://www.wiz.io/blog/how-to-set-secure-defaults-on-aws\n\nFalse Positives:\n  - Creating a Lambda function URL configuration may be performed by a system administrator. Verify whether the user identity, user agent, and/or hostname should be making changes in your environment.\n  - Creating a Lambda function URL configuration from unfamiliar users should be investigated. If known behavior is causing false positives, it can be exempted from the rule.\n\nAuthor: Ivan Saakov\nCreated: 2024-12-19",
  "risk_rating": 5,
  "alarm_enabled": true,
  "rule_enabled": false,
  "blocks": [
    {
      "block_type": "LogObservedRuleBlock",
      "msg_filters": [
        {
          "msg_filter_type": 1,
          "field_filters": [
            {
              "filter_type": 112,
              "filter_type_name": "Command",
              "operator": 0,
              "operator_name": "Value",
              "filter_mode": 1,
              "field_operator": "And",
              "values": [
                "lambda.amazonaws.com"
              ]
            },
            {
              "filter_type": 112,
              "filter_type_name": "Command",
              "operator": 0,
              "operator_name": "Value",
              "filter_mode": 1,
              "field_operator": "Or",
              "values": [
                "CreateFunctionUrlConfig"
              ]
            }
          ]
        }
      ],
      "group_by_fields": [
        17
      ]
    }
  ]
}