{
  "name": "AWS SAML Provider Deletion Activity",
  "short_desc": "Detects the deletion of an AWS SAML provider, potentially indicating malicious intent to disrupt administrative or security team access.\nAn attacker can remove the SAML provider for the information security team or a team of system administrators, to make",
  "long_desc": "Detects the deletion of an AWS SAML provider, potentially indicating malicious intent to disrupt administrative or security team access.\nAn attacker can remove the SAML provider for the information security team or a team of system administrators, to make it difficult for them to work and investigate at the time of the attack and after it.\n\n\nMITRE ATT&CK:\n  Tactics: Privilege Escalation, Impact\n  Techniques: T1078.004, T1531\n\nReferences:\n  - https://docs.aws.amazon.com/IAM/latest/APIReference/API_DeleteSAMLProvider.html\n\nFalse Positives:\n  - Automated processes using tools like Terraform may trigger this alert.\n  - Legitimate administrative actions by authorized system administrators could cause this alert. Verify the user identity, user agent, and hostname to ensure they are expected.\n  - Deletions by unfamiliar users should be investigated. If the behavior is known and expected, it can be exempted from the rule.\n\nAuthor: Ivan Saakov\nCreated: 2024-12-19",
  "risk_rating": 5,
  "alarm_enabled": true,
  "rule_enabled": false,
  "blocks": [
    {
      "block_type": "LogObservedRuleBlock",
      "msg_filters": [
        {
          "msg_filter_type": 1,
          "field_filters": [
            {
              "filter_type": 112,
              "filter_type_name": "Command",
              "operator": 0,
              "operator_name": "Value",
              "filter_mode": 1,
              "field_operator": "And",
              "values": [
                "iam.amazonaws.com"
              ]
            },
            {
              "filter_type": 112,
              "filter_type_name": "Command",
              "operator": 0,
              "operator_name": "Value",
              "filter_mode": 1,
              "field_operator": "Or",
              "values": [
                "DeleteSAMLProvider"
              ]
            },
            {
              "filter_type": 112,
              "filter_type_name": "Command",
              "operator": 0,
              "operator_name": "Value",
              "filter_mode": 1,
              "field_operator": "Or",
              "values": [
                "success"
              ]
            }
          ]
        }
      ],
      "group_by_fields": [
        17
      ]
    }
  ]
}