{
  "name": "Potential Malicious Usage of CloudTrail System Manager",
  "short_desc": "Detect when System Manager successfully executes commands against an instance.\n",
  "long_desc": "Detect when System Manager successfully executes commands against an instance.\n\n\nMITRE ATT&CK:\n  Tactics: Privilege Escalation, Initial Access\n  Techniques: T1566, T1566.002\n\nReferences:\n  - https://github.com/elastic/detection-rules/blob/v8.6.0/rules/integrations/aws/initial_access_via_system_manager.toml\n\nFalse Positives:\n  - There are legitimate uses of SSM to send commands to EC2 instances\n  - Legitimate users may have to use SSM to perform actions against machines in the Cloud to update or maintain them\n\nAuthor: jamesc-grafana\nCreated: 2024-07-11",
  "risk_rating": 7,
  "alarm_enabled": true,
  "rule_enabled": false,
  "blocks": [
    {
      "block_type": "LogObservedRuleBlock",
      "msg_filters": [
        {
          "msg_filter_type": 1,
          "field_filters": [
            {
              "filter_type": 112,
              "filter_type_name": "Command",
              "operator": 0,
              "operator_name": "Value",
              "filter_mode": 1,
              "field_operator": "And",
              "values": [
                "SendCommand"
              ]
            },
            {
              "filter_type": 112,
              "filter_type_name": "Command",
              "operator": 0,
              "operator_name": "Value",
              "filter_mode": 1,
              "field_operator": "Or",
              "values": [
                "ssm.amazonaws.com"
              ]
            },
            {
              "filter_type": 112,
              "filter_type_name": "Command",
              "operator": 0,
              "operator_name": "Value",
              "filter_mode": 1,
              "field_operator": "Or",
              "values": [
                "Success"
              ]
            }
          ]
        }
      ],
      "group_by_fields": [
        17
      ]
    }
  ]
}