{
  "name": "Modification or Deletion of an AWS RDS Cluster",
  "short_desc": "Detects modifications to an RDS cluster or its deletion, which may indicate potential data exfiltration attempts, unauthorized access, or exposure of sensitive information.",
  "long_desc": "Detects modifications to an RDS cluster or its deletion, which may indicate potential data exfiltration attempts, unauthorized access, or exposure of sensitive information.\n\nMITRE ATT&CK:\n  Tactics: Exfiltration\n  Techniques: T1020\n\nReferences:\n  - https://docs.aws.amazon.com/AmazonRDS/latest/APIReference/API_ModifyDBCluster.html\n  - https://docs.aws.amazon.com/AmazonRDS/latest/APIReference/API_DeleteDBCluster.html\n  - https://cloud.hacktricks.xyz/pentesting-cloud/aws-security/aws-privilege-escalation/aws-rds-privesc#rds-modifydbinstance\n\nFalse Positives:\n  - Verify if the modification or deletion was performed by an authorized administrator.\n  - Confirm if the modification or deletion was part of a planned change or maintenance activity.\n\nAuthor: Ivan Saakov\nCreated: 2024-12-06",
  "risk_rating": 7,
  "alarm_enabled": true,
  "rule_enabled": false,
  "blocks": [
    {
      "block_type": "LogObservedRuleBlock",
      "msg_filters": [
        {
          "msg_filter_type": 1,
          "field_filters": [
            {
              "filter_type": 112,
              "filter_type_name": "Command",
              "operator": 0,
              "operator_name": "Value",
              "filter_mode": 1,
              "field_operator": "And",
              "values": [
                "rds.amazonaws.com"
              ]
            },
            {
              "filter_type": 112,
              "filter_type_name": "Command",
              "operator": 0,
              "operator_name": "Value",
              "filter_mode": 1,
              "field_operator": "Or",
              "values": [
                "ModifyDBCluster",
                "DeleteDBCluster"
              ]
            }
          ]
        }
      ],
      "group_by_fields": [
        17
      ]
    }
  ]
}