{
  "name": "Restore Public AWS RDS Instance",
  "short_desc": "Detects the recovery of a new public database instance from a snapshot. It may be a part of data exfiltration.",
  "long_desc": "Detects the recovery of a new public database instance from a snapshot. It may be a part of data exfiltration.\n\nMITRE ATT&CK:\n  Tactics: Exfiltration\n  Techniques: T1020\n\nReferences:\n  - https://github.com/RhinoSecurityLabs/pacu/blob/866376cd711666c775bbfcde0524c817f2c5b181/pacu/modules/rds__explore_snapshots/main.py\n\nFalse Positives:\n  - Unknown\n\nAuthor: faloker\nCreated: 2020-02-12\nModified: 2022-10-09",
  "risk_rating": 7,
  "alarm_enabled": true,
  "rule_enabled": false,
  "blocks": [
    {
      "block_type": "LogObservedRuleBlock",
      "msg_filters": [
        {
          "msg_filter_type": 1,
          "field_filters": [
            {
              "filter_type": 112,
              "filter_type_name": "Command",
              "operator": 0,
              "operator_name": "Value",
              "filter_mode": 1,
              "field_operator": "And",
              "values": [
                "rds.amazonaws.com"
              ]
            },
            {
              "filter_type": 112,
              "filter_type_name": "Command",
              "operator": 0,
              "operator_name": "Value",
              "filter_mode": 1,
              "field_operator": "Or",
              "values": [
                "true"
              ]
            },
            {
              "filter_type": 112,
              "filter_type_name": "Command",
              "operator": 0,
              "operator_name": "Value",
              "filter_mode": 1,
              "field_operator": "Or",
              "values": [
                "RestoreDBInstanceFromDBSnapshot"
              ]
            }
          ]
        }
      ],
      "group_by_fields": [
        17
      ]
    }
  ]
}