{
  "name": "AWS IAM S3Browser User or AccessKey Creation",
  "short_desc": "Detects S3 Browser utility creating IAM User or AccessKey.",
  "long_desc": "Detects S3 Browser utility creating IAM User or AccessKey.\n\nMITRE ATT&CK:\n  Tactics: Execution, Persistence\n  Techniques: T1059.009, T1078.004\n\nReferences:\n  - https://permiso.io/blog/s/unmasking-guivil-new-cloud-threat-actor\n\nFalse Positives:\n  - Valid usage of S3 Browser for IAM User and/or AccessKey creation\n\nAuthor: daniel.bohannon@permiso.io (@danielhbohannon)\nCreated: 2023-05-17",
  "risk_rating": 7,
  "alarm_enabled": true,
  "rule_enabled": false,
  "blocks": [
    {
      "block_type": "LogObservedRuleBlock",
      "msg_filters": [
        {
          "msg_filter_type": 1,
          "field_filters": [
            {
              "filter_type": 112,
              "filter_type_name": "Command",
              "operator": 0,
              "operator_name": "Value",
              "filter_mode": 1,
              "field_operator": "And",
              "values": [
                "iam.amazonaws.com"
              ]
            },
            {
              "filter_type": 112,
              "filter_type_name": "Command",
              "operator": 0,
              "operator_name": "Value",
              "filter_mode": 1,
              "field_operator": "Or",
              "values": [
                "CreateUser",
                "CreateAccessKey"
              ]
            },
            {
              "filter_type": 112,
              "filter_type_name": "Command",
              "operator": 2,
              "operator_name": "Regex",
              "filter_mode": 1,
              "field_operator": "Or",
              "values": [
                "S3 Browser"
              ]
            }
          ]
        }
      ],
      "group_by_fields": [
        17
      ]
    }
  ]
}