{
  "name": "AWS CloudTrail Important Change",
  "short_desc": "Detects disabling, deleting and updating of a Trail",
  "long_desc": "Detects disabling, deleting and updating of a Trail\n\nMITRE ATT&CK:\n  Tactics: Defense Evasion\n  Techniques: T1562.008\n\nReferences:\n  - https://docs.aws.amazon.com/awscloudtrail/latest/userguide/best-practices-security.html\n\nFalse Positives:\n  - Valid change in a Trail\n\nAuthor: vitaliy0x1\nCreated: 2020-01-21\nModified: 2022-10-09",
  "risk_rating": 5,
  "alarm_enabled": true,
  "rule_enabled": false,
  "blocks": [
    {
      "block_type": "LogObservedRuleBlock",
      "msg_filters": [
        {
          "msg_filter_type": 1,
          "field_filters": [
            {
              "filter_type": 112,
              "filter_type_name": "Command",
              "operator": 0,
              "operator_name": "Value",
              "filter_mode": 1,
              "field_operator": "And",
              "values": [
                "cloudtrail.amazonaws.com"
              ]
            },
            {
              "filter_type": 112,
              "filter_type_name": "Command",
              "operator": 0,
              "operator_name": "Value",
              "filter_mode": 1,
              "field_operator": "Or",
              "values": [
                "StopLogging",
                "UpdateTrail",
                "DeleteTrail"
              ]
            }
          ]
        }
      ],
      "group_by_fields": [
        17
      ]
    }
  ]
}