{
  "name": "AWS Key Pair Import Activity",
  "short_desc": "Detects the import of SSH key pairs into AWS EC2, which may indicate an attacker attempting to gain unauthorized access to instances. This activity could lead to initial access, persistence, or privilege escalation, potentially compromising sensitive data",
  "long_desc": "Detects the import of SSH key pairs into AWS EC2, which may indicate an attacker attempting to gain unauthorized access to instances. This activity could lead to initial access, persistence, or privilege escalation, potentially compromising sensitive data and operations.\n\n\nMITRE ATT&CK:\n  Tactics: Initial Access, Persistence, Privilege Escalation\n  Techniques: T1078\n\nReferences:\n  - https://docs.aws.amazon.com/AWSEC2/latest/APIReference/API_ImportKeyPair.html\n\nFalse Positives:\n  - Legitimate administrative actions by authorized users importing keys for valid purposes.\n  - Automated processes for infrastructure setup may trigger this alert.\n  - Verify the user identity, user agent, and source IP address to ensure they are expected.\n\nAuthor: Ivan Saakov\nCreated: 2024-12-19",
  "risk_rating": 5,
  "alarm_enabled": true,
  "rule_enabled": false,
  "blocks": [
    {
      "block_type": "LogObservedRuleBlock",
      "msg_filters": [
        {
          "msg_filter_type": 1,
          "field_filters": [
            {
              "filter_type": 112,
              "filter_type_name": "Command",
              "operator": 0,
              "operator_name": "Value",
              "filter_mode": 1,
              "field_operator": "And",
              "values": [
                "ec2.amazonaws.com"
              ]
            },
            {
              "filter_type": 112,
              "filter_type_name": "Command",
              "operator": 0,
              "operator_name": "Value",
              "filter_mode": 1,
              "field_operator": "Or",
              "values": [
                "ImportKeyPair"
              ]
            }
          ]
        }
      ],
      "group_by_fields": [
        17
      ]
    }
  ]
}