{
  "name": "AWS IAM Backdoor Users Keys",
  "short_desc": "Detects AWS API key creation for a user by another user.\nBackdoored users can be used to obtain persistence in the AWS environment.\nAlso with this alert, you can detect a flow of AWS keys in your org.\n",
  "long_desc": "Detects AWS API key creation for a user by another user.\nBackdoored users can be used to obtain persistence in the AWS environment.\nAlso with this alert, you can detect a flow of AWS keys in your org.\n\n\nMITRE ATT&CK:\n  Tactics: Persistence\n  Techniques: T1098\n\nReferences:\n  - https://github.com/RhinoSecurityLabs/pacu/blob/866376cd711666c775bbfcde0524c817f2c5b181/pacu/modules/iam__backdoor_users_keys/main.py\n\nFalse Positives:\n  - Adding user keys to their own accounts (the filter cannot cover all possible variants of user naming)\n  - AWS API keys legitimate exchange workflows\n\nAuthor: faloker\nCreated: 2020-02-12\nModified: 2022-10-09",
  "risk_rating": 5,
  "alarm_enabled": true,
  "rule_enabled": false,
  "blocks": [
    {
      "block_type": "LogObservedRuleBlock",
      "msg_filters": [
        {
          "msg_filter_type": 1,
          "field_filters": [
            {
              "filter_type": 112,
              "filter_type_name": "Command",
              "operator": 0,
              "operator_name": "Value",
              "filter_mode": 1,
              "field_operator": "And",
              "values": [
                "iam.amazonaws.com"
              ]
            },
            {
              "filter_type": 112,
              "filter_type_name": "Command",
              "operator": 0,
              "operator_name": "Value",
              "filter_mode": 1,
              "field_operator": "Or",
              "values": [
                "CreateAccessKey"
              ]
            },
            {
              "filter_type": 112,
              "filter_type_name": "Command",
              "operator": 2,
              "operator_name": "Regex",
              "filter_mode": 0,
              "field_operator": "Or",
              "values": [
                "responseElements\\\\.accessKey\\\\.userName"
              ]
            }
          ]
        }
      ],
      "group_by_fields": [
        17
      ]
    }
  ]
}