{
  "name": "AWS ElastiCache Security Group Modified or Deleted",
  "short_desc": "Identifies when an ElastiCache security group has been modified or deleted.",
  "long_desc": "Identifies when an ElastiCache security group has been modified or deleted.\n\nMITRE ATT&CK:\n  Tactics: Impact\n  Techniques: T1531\n\nReferences:\n  - https://github.com/elastic/detection-rules/blob/7d5efd68603f42be5e125b5a6a503b2ef3ac0f4e/rules/integrations/aws/impact_elasticache_security_group_modified_or_deleted.toml\n\nFalse Positives:\n  - A ElastiCache security group deletion may be done by a system or network administrator. Verify whether the user identity, user agent, and/or hostname should be making changes in your environment. Security Group deletions from unfamiliar users or hosts should be investigated. If known behavior is causing false positives, it can be exempted from the rule.\n\nAuthor: Austin Songer @austinsonger\nCreated: 2021-07-24\nModified: 2022-10-09",
  "risk_rating": 3,
  "alarm_enabled": true,
  "rule_enabled": false,
  "blocks": [
    {
      "block_type": "LogObservedRuleBlock",
      "msg_filters": [
        {
          "msg_filter_type": 1,
          "field_filters": [
            {
              "filter_type": 112,
              "filter_type_name": "Command",
              "operator": 0,
              "operator_name": "Value",
              "filter_mode": 1,
              "field_operator": "And",
              "values": [
                "elasticache.amazonaws.com"
              ]
            },
            {
              "filter_type": 112,
              "filter_type_name": "Command",
              "operator": 0,
              "operator_name": "Value",
              "filter_mode": 1,
              "field_operator": "Or",
              "values": [
                "DeleteCacheSecurityGroup",
                "AuthorizeCacheSecurityGroupIngress",
                "RevokeCacheSecurityGroupIngress",
                "AuthorizeCacheSecurityGroupEgress",
                "RevokeCacheSecurityGroupEgress"
              ]
            }
          ]
        }
      ],
      "group_by_fields": [
        17
      ]
    }
  ]
}