{
  "name": "AWS GuardDuty Important Change",
  "short_desc": "Detects updates of the GuardDuty list of trusted IPs, perhaps to disable security alerts against malicious IPs.",
  "long_desc": "Detects updates of the GuardDuty list of trusted IPs, perhaps to disable security alerts against malicious IPs.\n\nMITRE ATT&CK:\n  Tactics: Defense Evasion\n  Techniques: T1562.001\n\nReferences:\n  - https://github.com/RhinoSecurityLabs/pacu/blob/866376cd711666c775bbfcde0524c817f2c5b181/pacu/modules/guardduty__whitelist_ip/main.py#L9\n\nFalse Positives:\n  - Valid change in the GuardDuty (e.g. to ignore internal scanners)\n\nAuthor: faloker\nCreated: 2020-02-11\nModified: 2022-10-09",
  "risk_rating": 7,
  "alarm_enabled": true,
  "rule_enabled": false,
  "blocks": [
    {
      "block_type": "LogObservedRuleBlock",
      "msg_filters": [
        {
          "msg_filter_type": 1,
          "field_filters": [
            {
              "filter_type": 112,
              "filter_type_name": "Command",
              "operator": 0,
              "operator_name": "Value",
              "filter_mode": 1,
              "field_operator": "And",
              "values": [
                "guardduty.amazonaws.com"
              ]
            },
            {
              "filter_type": 112,
              "filter_type_name": "Command",
              "operator": 0,
              "operator_name": "Value",
              "filter_mode": 1,
              "field_operator": "Or",
              "values": [
                "CreateIPSet"
              ]
            }
          ]
        }
      ],
      "group_by_fields": [
        17
      ]
    }
  ]
}