{
  "name": "New Network Route Added",
  "short_desc": "Detects the addition of a new network route to a route table in AWS.\n",
  "long_desc": "Detects the addition of a new network route to a route table in AWS.\n\n\nMITRE ATT&CK:\n  Tactics: Defense Evasion\n  Techniques: T1562.007\n\nReferences:\n  - https://www.gorillastack.com/blog/real-time-events/important-aws-cloudtrail-security-events-tracking/\n\nFalse Positives:\n  - New VPC Creation requiring setup of a new route table\n  - New subnets added requiring routing setup\n\nAuthor: jamesc-grafana\nCreated: 2024-07-11",
  "risk_rating": 5,
  "alarm_enabled": true,
  "rule_enabled": false,
  "blocks": [
    {
      "block_type": "LogObservedRuleBlock",
      "msg_filters": [
        {
          "msg_filter_type": 1,
          "field_filters": [
            {
              "filter_type": 112,
              "filter_type_name": "Command",
              "operator": 0,
              "operator_name": "Value",
              "filter_mode": 1,
              "field_operator": "And",
              "values": [
                "ec2.amazonaws.com"
              ]
            },
            {
              "filter_type": 112,
              "filter_type_name": "Command",
              "operator": 0,
              "operator_name": "Value",
              "filter_mode": 1,
              "field_operator": "Or",
              "values": [
                "CreateRoute"
              ]
            }
          ]
        }
      ],
      "group_by_fields": [
        17
      ]
    }
  ]
}