{
  "name": "AWS ElastiCache Security Group Created",
  "short_desc": "Detects when an ElastiCache security group has been created.",
  "long_desc": "Detects when an ElastiCache security group has been created.\n\nMITRE ATT&CK:\n  Tactics: Persistence\n  Techniques: T1136, T1136.003\n\nReferences:\n  - https://github.com/elastic/detection-rules/blob/598f3d7e0a63221c0703ad9a0ea7e22e7bc5961e/rules/integrations/aws/persistence_elasticache_security_group_creation.toml\n\nFalse Positives:\n  - A ElastiCache security group may be created by a system or network administrator. Verify whether the user identity, user agent, and/or hostname should be making changes in your environment. Security group creations from unfamiliar users or hosts should be investigated. If known behavior is causing false positives, it can be exempted from the rule.\n\nAuthor: Austin Songer @austinsonger\nCreated: 2021-07-24\nModified: 2022-10-09",
  "risk_rating": 3,
  "alarm_enabled": true,
  "rule_enabled": false,
  "blocks": [
    {
      "block_type": "LogObservedRuleBlock",
      "msg_filters": [
        {
          "msg_filter_type": 1,
          "field_filters": [
            {
              "filter_type": 112,
              "filter_type_name": "Command",
              "operator": 0,
              "operator_name": "Value",
              "filter_mode": 1,
              "field_operator": "And",
              "values": [
                "elasticache.amazonaws.com"
              ]
            },
            {
              "filter_type": 112,
              "filter_type_name": "Command",
              "operator": 0,
              "operator_name": "Value",
              "filter_mode": 1,
              "field_operator": "Or",
              "values": [
                "CreateCacheSecurityGroup"
              ]
            }
          ]
        }
      ],
      "group_by_fields": [
        17
      ]
    }
  ]
}