{
  "name": "AWS SecurityHub Findings Evasion",
  "short_desc": "Detects the modification of the findings on SecurityHub.",
  "long_desc": "Detects the modification of the findings on SecurityHub.\n\nMITRE ATT&CK:\n  Tactics: Defense Evasion\n  Techniques: T1562\n\nReferences:\n  - https://docs.aws.amazon.com/cli/latest/reference/securityhub/\n\nFalse Positives:\n  - System or Network administrator behaviors\n  - DEV, UAT, SAT environment. You should apply this rule with PROD environment only.\n\nAuthor: Sittikorn S\nCreated: 2021-06-28",
  "risk_rating": 7,
  "alarm_enabled": true,
  "rule_enabled": false,
  "blocks": [
    {
      "block_type": "LogObservedRuleBlock",
      "msg_filters": [
        {
          "msg_filter_type": 1,
          "field_filters": [
            {
              "filter_type": 112,
              "filter_type_name": "Command",
              "operator": 0,
              "operator_name": "Value",
              "filter_mode": 1,
              "field_operator": "And",
              "values": [
                "securityhub.amazonaws.com"
              ]
            },
            {
              "filter_type": 112,
              "filter_type_name": "Command",
              "operator": 0,
              "operator_name": "Value",
              "filter_mode": 1,
              "field_operator": "Or",
              "values": [
                "BatchUpdateFindings",
                "DeleteInsight",
                "UpdateFindings",
                "UpdateInsight"
              ]
            }
          ]
        }
      ],
      "group_by_fields": [
        17
      ]
    }
  ]
}