{
  "name": "AWS Suspicious SAML Activity",
  "short_desc": "Identifies when suspicious SAML activity has occurred in AWS. An adversary could gain backdoor access via SAML.",
  "long_desc": "Identifies when suspicious SAML activity has occurred in AWS. An adversary could gain backdoor access via SAML.\n\nMITRE ATT&CK:\n  Tactics: Initial Access, Lateral Movement, Privilege Escalation\n  Techniques: T1078, T1548, T1550, T1550.001\n\nReferences:\n  - https://docs.aws.amazon.com/IAM/latest/APIReference/API_UpdateSAMLProvider.html\n  - https://docs.aws.amazon.com/STS/latest/APIReference/API_AssumeRoleWithSAML.html\n\nFalse Positives:\n  - Automated processes that uses Terraform may lead to false positives.\n  - SAML Provider could be updated by a system administrator. Verify whether the user identity, user agent, and/or hostname should be making changes in your environment.\n  - SAML Provider being updated from unfamiliar users should be investigated. If known behavior is causing false positives, it can be exempted from the rule.\n\nAuthor: Austin Songer\nCreated: 2021-09-22\nModified: 2022-12-18",
  "risk_rating": 5,
  "alarm_enabled": true,
  "rule_enabled": false,
  "blocks": [
    {
      "block_type": "LogObservedRuleBlock",
      "msg_filters": [
        {
          "msg_filter_type": 1,
          "field_filters": [
            {
              "filter_type": 112,
              "filter_type_name": "Command",
              "operator": 0,
              "operator_name": "Value",
              "filter_mode": 1,
              "field_operator": "And",
              "values": [
                "sts.amazonaws.com"
              ]
            },
            {
              "filter_type": 112,
              "filter_type_name": "Command",
              "operator": 0,
              "operator_name": "Value",
              "filter_mode": 1,
              "field_operator": "Or",
              "values": [
                "AssumeRoleWithSAML"
              ]
            },
            {
              "filter_type": 112,
              "filter_type_name": "Command",
              "operator": 0,
              "operator_name": "Value",
              "filter_mode": 1,
              "field_operator": "Or",
              "values": [
                "iam.amazonaws.com"
              ]
            },
            {
              "filter_type": 112,
              "filter_type_name": "Command",
              "operator": 0,
              "operator_name": "Value",
              "filter_mode": 1,
              "field_operator": "Or",
              "values": [
                "UpdateSAMLProvider"
              ]
            }
          ]
        }
      ],
      "group_by_fields": [
        17
      ]
    }
  ]
}