{
  "name": "AWS EFS Fileshare Modified or Deleted",
  "short_desc": "Detects when a EFS Fileshare is modified or deleted.\nYou can't delete a file system that is in use.\nIf the file system has any mount targets, the adversary must first delete them, so deletion of a mount will occur before deletion of a fileshare.\n",
  "long_desc": "Detects when a EFS Fileshare is modified or deleted.\nYou can't delete a file system that is in use.\nIf the file system has any mount targets, the adversary must first delete them, so deletion of a mount will occur before deletion of a fileshare.\n\n\nMITRE ATT&CK:\n  Tactics: Impact\n\nReferences:\n  - https://docs.aws.amazon.com/efs/latest/ug/API_DeleteFileSystem.html\n\nFalse Positives:\n  - Unknown\n\nAuthor: Austin Songer @austinsonger\nCreated: 2021-08-15\nModified: 2022-10-09",
  "risk_rating": 5,
  "alarm_enabled": true,
  "rule_enabled": false,
  "blocks": [
    {
      "block_type": "LogObservedRuleBlock",
      "msg_filters": [
        {
          "msg_filter_type": 1,
          "field_filters": [
            {
              "filter_type": 112,
              "filter_type_name": "Command",
              "operator": 0,
              "operator_name": "Value",
              "filter_mode": 1,
              "field_operator": "And",
              "values": [
                "elasticfilesystem.amazonaws.com"
              ]
            },
            {
              "filter_type": 112,
              "filter_type_name": "Command",
              "operator": 0,
              "operator_name": "Value",
              "filter_mode": 1,
              "field_operator": "Or",
              "values": [
                "DeleteFileSystem"
              ]
            }
          ]
        }
      ],
      "group_by_fields": [
        17
      ]
    }
  ]
}