{
  "name": "AWS S3 Data Management Tampering",
  "short_desc": "Detects when a user tampers with S3 data management in Amazon Web Services.",
  "long_desc": "Detects when a user tampers with S3 data management in Amazon Web Services.\n\nMITRE ATT&CK:\n  Tactics: Exfiltration\n  Techniques: T1537\n\nReferences:\n  - https://github.com/elastic/detection-rules/pull/1145/files\n  - https://docs.aws.amazon.com/AmazonS3/latest/API/API_Operations.html\n  - https://docs.aws.amazon.com/AmazonS3/latest/API/API_PutBucketLogging.html\n  - https://docs.aws.amazon.com/AmazonS3/latest/API/API_PutBucketWebsite.html\n  - https://docs.aws.amazon.com/AmazonS3/latest/API/API_PutBucketEncryption.html\n  - https://docs.aws.amazon.com/AmazonS3/latest/userguide/setting-repl-config-perm-overview.html\n  - https://docs.aws.amazon.com/AmazonS3/latest/API/API_RestoreObject.html\n\nFalse Positives:\n  - A S3 configuration change may be done by a system or network administrator. Verify whether the user identity, user agent, and/or hostname should be making changes in your environment. S3 configuration change from unfamiliar users or hosts should be investigated. If known behavior is causing false positives, it can be exempted from the rule.\n\nAuthor: Austin Songer @austinsonger\nCreated: 2021-07-24\nModified: 2022-10-09",
  "risk_rating": 3,
  "alarm_enabled": true,
  "rule_enabled": false,
  "blocks": [
    {
      "block_type": "LogObservedRuleBlock",
      "msg_filters": [
        {
          "msg_filter_type": 1,
          "field_filters": [
            {
              "filter_type": 112,
              "filter_type_name": "Command",
              "operator": 0,
              "operator_name": "Value",
              "filter_mode": 1,
              "field_operator": "And",
              "values": [
                "s3.amazonaws.com"
              ]
            },
            {
              "filter_type": 112,
              "filter_type_name": "Command",
              "operator": 0,
              "operator_name": "Value",
              "filter_mode": 1,
              "field_operator": "Or",
              "values": [
                "PutBucketLogging",
                "PutBucketWebsite",
                "PutEncryptionConfiguration",
                "PutLifecycleConfiguration",
                "PutReplicationConfiguration",
                "ReplicateObject",
                "RestoreObject"
              ]
            }
          ]
        }
      ],
      "group_by_fields": [
        17
      ]
    }
  ]
}