{
  "name": "AWS Snapshot Backup Exfiltration",
  "short_desc": "Detects the modification of an EC2 snapshot's permissions to enable access from another account",
  "long_desc": "Detects the modification of an EC2 snapshot's permissions to enable access from another account\n\nMITRE ATT&CK:\n  Tactics: Exfiltration\n  Techniques: T1537\n\nReferences:\n  - https://www.justice.gov/file/1080281/download\n\nFalse Positives:\n  - Valid change to a snapshot's permissions\n\nAuthor: Darin Smith\nCreated: 2021-05-17\nModified: 2021-08-19",
  "risk_rating": 5,
  "alarm_enabled": true,
  "rule_enabled": false,
  "blocks": [
    {
      "block_type": "LogObservedRuleBlock",
      "msg_filters": [
        {
          "msg_filter_type": 1,
          "field_filters": [
            {
              "filter_type": 112,
              "filter_type_name": "Command",
              "operator": 0,
              "operator_name": "Value",
              "filter_mode": 1,
              "field_operator": "And",
              "values": [
                "ec2.amazonaws.com"
              ]
            },
            {
              "filter_type": 112,
              "filter_type_name": "Command",
              "operator": 0,
              "operator_name": "Value",
              "filter_mode": 1,
              "field_operator": "Or",
              "values": [
                "ModifySnapshotAttribute"
              ]
            }
          ]
        }
      ],
      "group_by_fields": [
        17
      ]
    }
  ]
}