{
  "name": "AWS Glue Development Endpoint Activity",
  "short_desc": "Detects possible suspicious glue development endpoint activity.",
  "long_desc": "Detects possible suspicious glue development endpoint activity.\n\nMITRE ATT&CK:\n  Tactics: Privilege Escalation\n\nReferences:\n  - https://rhinosecuritylabs.com/aws/aws-privilege-escalation-methods-mitigation/\n  - https://docs.aws.amazon.com/glue/latest/webapi/API_CreateDevEndpoint.html\n\nFalse Positives:\n  - Glue Development Endpoint Activity may be performed by a system administrator. Verify whether the user identity, user agent, and/or hostname should be making changes in your environment.\n  - If known behavior is causing false positives, it can be exempted from the rule.\n\nAuthor: Austin Songer @austinsonger\nCreated: 2021-10-03\nModified: 2022-12-18",
  "risk_rating": 3,
  "alarm_enabled": true,
  "rule_enabled": false,
  "blocks": [
    {
      "block_type": "LogObservedRuleBlock",
      "msg_filters": [
        {
          "msg_filter_type": 1,
          "field_filters": [
            {
              "filter_type": 112,
              "filter_type_name": "Command",
              "operator": 0,
              "operator_name": "Value",
              "filter_mode": 1,
              "field_operator": "And",
              "values": [
                "glue.amazonaws.com"
              ]
            },
            {
              "filter_type": 112,
              "filter_type_name": "Command",
              "operator": 0,
              "operator_name": "Value",
              "filter_mode": 1,
              "field_operator": "Or",
              "values": [
                "CreateDevEndpoint",
                "DeleteDevEndpoint",
                "UpdateDevEndpoint"
              ]
            }
          ]
        }
      ],
      "group_by_fields": [
        17
      ]
    }
  ]
}