{
  "name": "SES Identity Has Been Deleted",
  "short_desc": "Detects an instance of an SES identity being deleted via the \"DeleteIdentity\" event. This may be an indicator of an adversary removing the account that carried out suspicious or malicious activities",
  "long_desc": "Detects an instance of an SES identity being deleted via the \"DeleteIdentity\" event. This may be an indicator of an adversary removing the account that carried out suspicious or malicious activities\n\nMITRE ATT&CK:\n  Tactics: Defense Evasion\n  Techniques: T1070\n\nReferences:\n  - https://unit42.paloaltonetworks.com/compromised-cloud-compute-credentials/\n\nFalse Positives:\n  - Unknown\n\nAuthor: Janantha Marasinghe\nCreated: 2022-12-13\nModified: 2022-12-28",
  "risk_rating": 5,
  "alarm_enabled": true,
  "rule_enabled": false,
  "blocks": [
    {
      "block_type": "LogObservedRuleBlock",
      "msg_filters": [
        {
          "msg_filter_type": 1,
          "field_filters": [
            {
              "filter_type": 112,
              "filter_type_name": "Command",
              "operator": 0,
              "operator_name": "Value",
              "filter_mode": 1,
              "field_operator": "And",
              "values": [
                "ses.amazonaws.com"
              ]
            },
            {
              "filter_type": 112,
              "filter_type_name": "Command",
              "operator": 0,
              "operator_name": "Value",
              "filter_mode": 1,
              "field_operator": "Or",
              "values": [
                "DeleteIdentity"
              ]
            }
          ]
        }
      ],
      "group_by_fields": [
        17
      ]
    }
  ]
}