{
  "name": "AWS EC2 VM Export Failure",
  "short_desc": "An attempt to export an AWS EC2 instance has been detected. A VM Export might indicate an attempt to extract information from an instance.",
  "long_desc": "An attempt to export an AWS EC2 instance has been detected. A VM Export might indicate an attempt to extract information from an instance.\n\nMITRE ATT&CK:\n  Tactics: Collection, Exfiltration\n  Techniques: T1005, T1537\n\nReferences:\n  - https://docs.aws.amazon.com/vm-import/latest/userguide/vmexport.html#export-instance\n\nAuthor: Diogo Braz\nCreated: 2020-04-16\nModified: 2022-10-05",
  "risk_rating": 3,
  "alarm_enabled": true,
  "rule_enabled": false,
  "blocks": [
    {
      "block_type": "LogObservedRuleBlock",
      "msg_filters": [
        {
          "msg_filter_type": 1,
          "field_filters": [
            {
              "filter_type": 112,
              "filter_type_name": "Command",
              "operator": 0,
              "operator_name": "Value",
              "filter_mode": 1,
              "field_operator": "And",
              "values": [
                "CreateInstanceExportTask"
              ]
            },
            {
              "filter_type": 112,
              "filter_type_name": "Command",
              "operator": 0,
              "operator_name": "Value",
              "filter_mode": 1,
              "field_operator": "Or",
              "values": [
                "ec2.amazonaws.com"
              ]
            },
            {
              "filter_type": 112,
              "filter_type_name": "Command",
              "operator": 2,
              "operator_name": "Regex",
              "filter_mode": 0,
              "field_operator": "Or",
              "values": [
                ".*"
              ]
            },
            {
              "filter_type": 112,
              "filter_type_name": "Command",
              "operator": 2,
              "operator_name": "Regex",
              "filter_mode": 0,
              "field_operator": "Or",
              "values": [
                ".*"
              ]
            },
            {
              "filter_type": 112,
              "filter_type_name": "Command",
              "operator": 2,
              "operator_name": "Regex",
              "filter_mode": 0,
              "field_operator": "Or",
              "values": [
                "Failure"
              ]
            }
          ]
        }
      ],
      "group_by_fields": [
        17
      ]
    }
  ]
}