{
  "name": "Azure Point-to-site VPN Modified or Deleted",
  "short_desc": "Identifies when a Point-to-site VPN is Modified or Deleted.",
  "long_desc": "Identifies when a Point-to-site VPN is Modified or Deleted.\n\nMITRE ATT&CK:\n  Tactics: Impact\n\nReferences:\n  - https://learn.microsoft.com/en-us/azure/role-based-access-control/resource-provider-operations\n\nFalse Positives:\n  - Point-to-site VPN being modified or deleted may be performed by a system administrator. Verify whether the user identity, user agent, and/or hostname should be making changes in your environment.\n  - Point-to-site VPN modified or deleted from unfamiliar users should be investigated. If known behavior is causing false positives, it can be exempted from the rule.\n\nAuthor: Austin Songer @austinsonger\nCreated: 2021-08-08\nModified: 2022-08-23",
  "risk_rating": 5,
  "alarm_enabled": true,
  "rule_enabled": false,
  "blocks": [
    {
      "block_type": "LogObservedRuleBlock",
      "msg_filters": [
        {
          "msg_filter_type": 1,
          "field_filters": [
            {
              "filter_type": 112,
              "filter_type_name": "Command",
              "operator": 0,
              "operator_name": "Value",
              "filter_mode": 1,
              "field_operator": "And",
              "values": [
                "MICROSOFT.NETWORK/P2SVPNGATEWAYS/WRITE",
                "MICROSOFT.NETWORK/P2SVPNGATEWAYS/DELETE",
                "MICROSOFT.NETWORK/P2SVPNGATEWAYS/RESET/ACTION",
                "MICROSOFT.NETWORK/P2SVPNGATEWAYS/GENERATEVPNPROFILE/ACTION",
                "MICROSOFT.NETWORK/P2SVPNGATEWAYS/DISCONNECTP2SVPNCONNECTIONS/ACTION",
                "MICROSOFT.NETWORK/P2SVPNGATEWAYS/PROVIDERS/MICROSOFT.INSIGHTS/DIAGNOSTICSETTINGS/WRITE"
              ]
            }
          ]
        }
      ],
      "group_by_fields": [
        16
      ]
    }
  ]
}