{
  "name": "Azure Active Directory Hybrid Health AD FS New Server",
  "short_desc": "This detection uses azureactivity logs (Administrative category) to identify the creation or update of a server instance in an Azure AD Hybrid health AD FS service.\nA threat actor can create a new AD Health ADFS service and create a fake server instance t",
  "long_desc": "This detection uses azureactivity logs (Administrative category) to identify the creation or update of a server instance in an Azure AD Hybrid health AD FS service.\nA threat actor can create a new AD Health ADFS service and create a fake server instance to spoof AD FS signing logs. There is no need to compromise an on-prem AD FS server.\nThis can be done programmatically via HTTP requests to Azure.\n\n\nMITRE ATT&CK:\n  Tactics: Defense Evasion\n  Techniques: T1578\n\nReferences:\n  - https://o365blog.com/post/hybridhealthagent/\n\nFalse Positives:\n  - Legitimate AD FS servers added to an AAD Health AD FS service instance\n\nAuthor: Roberto Rodriguez (Cyb3rWard0g), OTR (Open Threat Research), MSTIC\nCreated: 2021-08-26\nModified: 2023-10-11",
  "risk_rating": 5,
  "alarm_enabled": true,
  "rule_enabled": false,
  "blocks": [
    {
      "block_type": "LogObservedRuleBlock",
      "msg_filters": [
        {
          "msg_filter_type": 1,
          "field_filters": [
            {
              "filter_type": 112,
              "filter_type_name": "Command",
              "operator": 0,
              "operator_name": "Value",
              "filter_mode": 1,
              "field_operator": "And",
              "values": [
                "Administrative"
              ]
            },
            {
              "filter_type": 112,
              "filter_type_name": "Command",
              "operator": 0,
              "operator_name": "Value",
              "filter_mode": 1,
              "field_operator": "Or",
              "values": [
                "Microsoft.ADHybridHealthService"
              ]
            },
            {
              "filter_type": 112,
              "filter_type_name": "Command",
              "operator": 2,
              "operator_name": "Regex",
              "filter_mode": 1,
              "field_operator": "Or",
              "values": [
                "AdFederationService"
              ]
            },
            {
              "filter_type": 112,
              "filter_type_name": "Command",
              "operator": 0,
              "operator_name": "Value",
              "filter_mode": 1,
              "field_operator": "Or",
              "values": [
                "Microsoft.ADHybridHealthService/services/servicemembers/action"
              ]
            }
          ]
        }
      ],
      "group_by_fields": [
        16
      ]
    }
  ]
}