{
  "name": "Azure Service Principal Created",
  "short_desc": "Identifies when a service principal is created in Azure.",
  "long_desc": "Identifies when a service principal is created in Azure.\n\nMITRE ATT&CK:\n  Tactics: Defense Evasion\n\nReferences:\n  - https://learn.microsoft.com/en-us/entra/identity/monitoring-health/reference-audit-activities#application-proxy\n\nFalse Positives:\n  - Service principal being created may be performed by a system administrator.\n  - Verify whether the user identity, user agent, and/or hostname should be making changes in your environment.\n  - Service principal created from unfamiliar users should be investigated. If known behavior is causing false positives, it can be exempted from the rule.\n\nAuthor: Austin Songer @austinsonger\nCreated: 2021-09-02\nModified: 2022-10-09",
  "risk_rating": 5,
  "alarm_enabled": true,
  "rule_enabled": false,
  "blocks": [
    {
      "block_type": "LogObservedRuleBlock",
      "msg_filters": [
        {
          "msg_filter_type": 1,
          "field_filters": [
            {
              "filter_type": 112,
              "filter_type_name": "Command",
              "operator": 0,
              "operator_name": "Value",
              "filter_mode": 1,
              "field_operator": "And",
              "values": [
                "Add service principal"
              ]
            }
          ]
        }
      ],
      "group_by_fields": [
        16
      ]
    }
  ]
}