{
  "name": "Azure Firewall Rule Configuration Modified or Deleted",
  "short_desc": "Identifies when a Firewall Rule Configuration is Modified or Deleted.",
  "long_desc": "Identifies when a Firewall Rule Configuration is Modified or Deleted.\n\nMITRE ATT&CK:\n  Tactics: Impact\n\nReferences:\n  - https://learn.microsoft.com/en-us/azure/role-based-access-control/resource-provider-operations\n\nFalse Positives:\n  - Firewall Rule Configuration being modified or deleted may be performed by a system administrator. Verify whether the user identity, user agent, and/or hostname should be making changes in your environment.\n  - Firewall Rule Configuration modified or deleted from unfamiliar users should be investigated. If known behavior is causing false positives, it can be exempted from the rule.\n\nAuthor: Austin Songer @austinsonger\nCreated: 2021-08-08\nModified: 2022-08-23",
  "risk_rating": 5,
  "alarm_enabled": true,
  "rule_enabled": false,
  "blocks": [
    {
      "block_type": "LogObservedRuleBlock",
      "msg_filters": [
        {
          "msg_filter_type": 1,
          "field_filters": [
            {
              "filter_type": 112,
              "filter_type_name": "Command",
              "operator": 0,
              "operator_name": "Value",
              "filter_mode": 1,
              "field_operator": "And",
              "values": [
                "MICROSOFT.NETWORK/FIREWALLPOLICIES/RULECOLLECTIONGROUPS/WRITE",
                "MICROSOFT.NETWORK/FIREWALLPOLICIES/RULECOLLECTIONGROUPS/DELETE",
                "MICROSOFT.NETWORK/FIREWALLPOLICIES/RULEGROUPS/WRITE",
                "MICROSOFT.NETWORK/FIREWALLPOLICIES/RULEGROUPS/DELETE"
              ]
            }
          ]
        }
      ],
      "group_by_fields": [
        16
      ]
    }
  ]
}