{
  "name": "Azure Virtual Network Device Modified or Deleted",
  "short_desc": "Identifies when a virtual network device is being modified or deleted.\nThis can be a network interface, network virtual appliance, virtual hub, or virtual router.\n",
  "long_desc": "Identifies when a virtual network device is being modified or deleted.\nThis can be a network interface, network virtual appliance, virtual hub, or virtual router.\n\n\nMITRE ATT&CK:\n  Tactics: Impact\n\nReferences:\n  - https://learn.microsoft.com/en-us/azure/role-based-access-control/resource-provider-operations\n\nFalse Positives:\n  - Virtual Network Device being modified or deleted may be performed by a system administrator. Verify whether the user identity, user agent, and/or hostname should be making changes in your environment.\n  - Virtual Network Device modified or deleted from unfamiliar users should be investigated. If known behavior is causing false positives, it can be exempted from the rule.\n\nAuthor: Austin Songer @austinsonger\nCreated: 2021-08-08\nModified: 2022-08-23",
  "risk_rating": 5,
  "alarm_enabled": true,
  "rule_enabled": false,
  "blocks": [
    {
      "block_type": "LogObservedRuleBlock",
      "msg_filters": [
        {
          "msg_filter_type": 1,
          "field_filters": [
            {
              "filter_type": 112,
              "filter_type_name": "Command",
              "operator": 0,
              "operator_name": "Value",
              "filter_mode": 1,
              "field_operator": "And",
              "values": [
                "MICROSOFT.NETWORK/NETWORKINTERFACES/TAPCONFIGURATIONS/WRITE",
                "MICROSOFT.NETWORK/NETWORKINTERFACES/TAPCONFIGURATIONS/DELETE",
                "MICROSOFT.NETWORK/NETWORKINTERFACES/WRITE",
                "MICROSOFT.NETWORK/NETWORKINTERFACES/JOIN/ACTION",
                "MICROSOFT.NETWORK/NETWORKINTERFACES/DELETE",
                "MICROSOFT.NETWORK/NETWORKVIRTUALAPPLIANCES/DELETE",
                "MICROSOFT.NETWORK/NETWORKVIRTUALAPPLIANCES/WRITE",
                "MICROSOFT.NETWORK/VIRTUALHUBS/DELETE",
                "MICROSOFT.NETWORK/VIRTUALHUBS/WRITE",
                "MICROSOFT.NETWORK/VIRTUALROUTERS/WRITE",
                "MICROSOFT.NETWORK/VIRTUALROUTERS/DELETE"
              ]
            }
          ]
        }
      ],
      "group_by_fields": [
        16
      ]
    }
  ]
}