{
  "name": "Azure Device No Longer Managed or Compliant",
  "short_desc": "Identifies when a device in azure is no longer managed or compliant",
  "long_desc": "Identifies when a device in azure is no longer managed or compliant\n\nMITRE ATT&CK:\n  Tactics: Impact\n\nReferences:\n  - https://learn.microsoft.com/en-us/entra/identity/monitoring-health/reference-audit-activities#core-directory\n\nFalse Positives:\n  - Administrator may have forgotten to review the device.\n\nAuthor: Austin Songer @austinsonger\nCreated: 2021-09-03\nModified: 2022-10-09",
  "risk_rating": 5,
  "alarm_enabled": true,
  "rule_enabled": false,
  "blocks": [
    {
      "block_type": "LogObservedRuleBlock",
      "msg_filters": [
        {
          "msg_filter_type": 1,
          "field_filters": [
            {
              "filter_type": 112,
              "filter_type_name": "Command",
              "operator": 0,
              "operator_name": "Value",
              "filter_mode": 1,
              "field_operator": "And",
              "values": [
                "Device no longer compliant",
                "Device no longer managed"
              ]
            }
          ]
        }
      ],
      "group_by_fields": [
        16
      ]
    }
  ]
}