{
  "name": "Azure Active Directory Hybrid Health AD FS Service Delete",
  "short_desc": "This detection uses azureactivity logs (Administrative category) to identify the deletion of an Azure AD Hybrid health AD FS service instance in a tenant.\nA threat actor can create a new AD Health ADFS service and create a fake server to spoof AD FS signi",
  "long_desc": "This detection uses azureactivity logs (Administrative category) to identify the deletion of an Azure AD Hybrid health AD FS service instance in a tenant.\nA threat actor can create a new AD Health ADFS service and create a fake server to spoof AD FS signing logs.\nThe health AD FS service can then be deleted after it is not longer needed via HTTP requests to Azure.\n\n\nMITRE ATT&CK:\n  Tactics: Defense Evasion\n  Techniques: T1578.003\n\nReferences:\n  - https://o365blog.com/post/hybridhealthagent/\n\nFalse Positives:\n  - Legitimate AAD Health AD FS service instances being deleted in a tenant\n\nAuthor: Roberto Rodriguez (Cyb3rWard0g), OTR (Open Threat Research), MSTIC\nCreated: 2021-08-26\nModified: 2023-10-11",
  "risk_rating": 5,
  "alarm_enabled": true,
  "rule_enabled": false,
  "blocks": [
    {
      "block_type": "LogObservedRuleBlock",
      "msg_filters": [
        {
          "msg_filter_type": 1,
          "field_filters": [
            {
              "filter_type": 112,
              "filter_type_name": "Command",
              "operator": 0,
              "operator_name": "Value",
              "filter_mode": 1,
              "field_operator": "And",
              "values": [
                "Administrative"
              ]
            },
            {
              "filter_type": 112,
              "filter_type_name": "Command",
              "operator": 0,
              "operator_name": "Value",
              "filter_mode": 1,
              "field_operator": "Or",
              "values": [
                "Microsoft.ADHybridHealthService"
              ]
            },
            {
              "filter_type": 112,
              "filter_type_name": "Command",
              "operator": 2,
              "operator_name": "Regex",
              "filter_mode": 1,
              "field_operator": "Or",
              "values": [
                "AdFederationService"
              ]
            },
            {
              "filter_type": 112,
              "filter_type_name": "Command",
              "operator": 0,
              "operator_name": "Value",
              "filter_mode": 1,
              "field_operator": "Or",
              "values": [
                "Microsoft.ADHybridHealthService/services/delete"
              ]
            }
          ]
        }
      ],
      "group_by_fields": [
        16
      ]
    }
  ]
}