{
  "name": "Azure Kubernetes Service Account Modified or Deleted",
  "short_desc": "Identifies when a service account is modified or deleted.",
  "long_desc": "Identifies when a service account is modified or deleted.\n\nMITRE ATT&CK:\n  Tactics: Impact\n  Techniques: T1531, T1485, T1496, T1489\n\nReferences:\n  - https://learn.microsoft.com/en-us/azure/role-based-access-control/resource-provider-operations#microsoftkubernetes\n  - https://www.microsoft.com/security/blog/2021/03/23/secure-containerized-environments-with-updated-threat-matrix-for-kubernetes/\n  - https://www.microsoft.com/security/blog/2020/04/02/attack-matrix-kubernetes/\n  - https://medium.com/mitre-engenuity/att-ck-for-containers-now-available-4c2359654bf1\n\nFalse Positives:\n  - Service account being modified or deleted may be performed by a system administrator. Verify whether the user identity, user agent, and/or hostname should be making changes in your environment.\n  - Service account modified or deleted from unfamiliar users should be investigated. If known behavior is causing false positives, it can be exempted from the rule.\n\nAuthor: Austin Songer @austinsonger\nCreated: 2021-08-07\nModified: 2022-08-23",
  "risk_rating": 5,
  "alarm_enabled": true,
  "rule_enabled": false,
  "blocks": [
    {
      "block_type": "LogObservedRuleBlock",
      "msg_filters": [
        {
          "msg_filter_type": 1,
          "field_filters": [
            {
              "filter_type": 112,
              "filter_type_name": "Command",
              "operator": 0,
              "operator_name": "Value",
              "filter_mode": 1,
              "field_operator": "And",
              "values": [
                "MICROSOFT.KUBERNETES/CONNECTEDCLUSTERS/SERVICEACCOUNTS/WRITE",
                "MICROSOFT.KUBERNETES/CONNECTEDCLUSTERS/SERVICEACCOUNTS/DELETE",
                "MICROSOFT.KUBERNETES/CONNECTEDCLUSTERS/SERVICEACCOUNTS/IMPERSONATE/ACTION"
              ]
            }
          ]
        }
      ],
      "group_by_fields": [
        16
      ]
    }
  ]
}