{
  "name": "User Added to an Administrator's Azure AD Role",
  "short_desc": "User Added to an Administrator's Azure AD Role",
  "long_desc": "User Added to an Administrator's Azure AD Role\n\nMITRE ATT&CK:\n  Tactics: Persistence, Privilege Escalation\n  Techniques: T1098.003, T1078\n\nReferences:\n  - https://m365internals.com/2021/07/13/what-ive-learned-from-doing-a-year-of-cloud-forensics-in-azure-ad/\n\nFalse Positives:\n  - PIM (Privileged Identity Management) generates this event each time 'eligible role' is enabled.\n\nAuthor: Rapha\u00ebl CALVET, @MetallicHack\nCreated: 2021-10-04\nModified: 2022-10-09",
  "risk_rating": 5,
  "alarm_enabled": true,
  "rule_enabled": false,
  "blocks": [
    {
      "block_type": "LogObservedRuleBlock",
      "msg_filters": [
        {
          "msg_filter_type": 1,
          "field_filters": [
            {
              "filter_type": 112,
              "filter_type_name": "Command",
              "operator": 0,
              "operator_name": "Value",
              "filter_mode": 1,
              "field_operator": "And",
              "values": [
                "Add member to role."
              ]
            },
            {
              "filter_type": 112,
              "filter_type_name": "Command",
              "operator": 0,
              "operator_name": "Value",
              "filter_mode": 1,
              "field_operator": "Or",
              "values": [
                "AzureActiveDirectory"
              ]
            },
            {
              "filter_type": 112,
              "filter_type_name": "Command",
              "operator": 2,
              "operator_name": "Regex",
              "filter_mode": 1,
              "field_operator": "Or",
              "values": [
                "Admins$",
                "Administrator$"
              ]
            }
          ]
        }
      ],
      "group_by_fields": [
        16
      ]
    }
  ]
}