{
  "name": "Azure Kubernetes RoleBinding/ClusterRoleBinding Modified and Deleted",
  "short_desc": "Detects the creation or patching of potential malicious RoleBinding/ClusterRoleBinding.",
  "long_desc": "Detects the creation or patching of potential malicious RoleBinding/ClusterRoleBinding.\n\nMITRE ATT&CK:\n  Tactics: Impact, Credential Access\n  Techniques: T1485, T1496, T1489\n\nReferences:\n  - https://learn.microsoft.com/en-us/azure/role-based-access-control/resource-provider-operations#microsoftkubernetes\n  - https://www.microsoft.com/security/blog/2021/03/23/secure-containerized-environments-with-updated-threat-matrix-for-kubernetes/\n  - https://www.microsoft.com/security/blog/2020/04/02/attack-matrix-kubernetes/\n  - https://medium.com/mitre-engenuity/att-ck-for-containers-now-available-4c2359654bf1\n\nFalse Positives:\n  - RoleBinding/ClusterRoleBinding being modified and deleted may be performed by a system administrator. Verify whether the user identity, user agent, and/or hostname should be making changes in your environment.\n  - RoleBinding/ClusterRoleBinding modification from unfamiliar users should be investigated. If known behavior is causing false positives, it can be exempted from the rule.\n\nAuthor: Austin Songer @austinsonger\nCreated: 2021-08-07\nModified: 2022-08-23",
  "risk_rating": 5,
  "alarm_enabled": true,
  "rule_enabled": false,
  "blocks": [
    {
      "block_type": "LogObservedRuleBlock",
      "msg_filters": [
        {
          "msg_filter_type": 1,
          "field_filters": [
            {
              "filter_type": 112,
              "filter_type_name": "Command",
              "operator": 0,
              "operator_name": "Value",
              "filter_mode": 1,
              "field_operator": "And",
              "values": [
                "MICROSOFT.KUBERNETES/CONNECTEDCLUSTERS/RBAC.AUTHORIZATION.K8S.IO/CLUSTERROLEBINDINGS/WRITE",
                "MICROSOFT.KUBERNETES/CONNECTEDCLUSTERS/RBAC.AUTHORIZATION.K8S.IO/CLUSTERROLEBINDINGS/DELETE",
                "MICROSOFT.KUBERNETES/CONNECTEDCLUSTERS/RBAC.AUTHORIZATION.K8S.IO/ROLEBINDINGS/WRITE",
                "MICROSOFT.KUBERNETES/CONNECTEDCLUSTERS/RBAC.AUTHORIZATION.K8S.IO/ROLEBINDINGS/DELETE"
              ]
            }
          ]
        }
      ],
      "group_by_fields": [
        16
      ]
    }
  ]
}