{
  "name": "Disabled MFA to Bypass Authentication Mechanisms",
  "short_desc": "Detection for when multi factor authentication has been disabled, which might indicate a malicious activity to bypass authentication mechanisms.",
  "long_desc": "Detection for when multi factor authentication has been disabled, which might indicate a malicious activity to bypass authentication mechanisms.\n\nMITRE ATT&CK:\n  Tactics: Persistence\n  Techniques: T1556\n\nReferences:\n  - https://learn.microsoft.com/en-us/azure/active-directory/authentication/howto-mfa-userstates\n\nFalse Positives:\n  - Authorized modification by administrators\n\nAuthor: @ionsor\nCreated: 2022-02-08",
  "risk_rating": 5,
  "alarm_enabled": true,
  "rule_enabled": false,
  "blocks": [
    {
      "block_type": "LogObservedRuleBlock",
      "msg_filters": [
        {
          "msg_filter_type": 1,
          "field_filters": [
            {
              "filter_type": 112,
              "filter_type_name": "Command",
              "operator": 0,
              "operator_name": "Value",
              "filter_mode": 1,
              "field_operator": "And",
              "values": [
                "AzureActiveDirectory"
              ]
            },
            {
              "filter_type": 112,
              "filter_type_name": "Command",
              "operator": 0,
              "operator_name": "Value",
              "filter_mode": 1,
              "field_operator": "Or",
              "values": [
                "Disable Strong Authentication."
              ]
            },
            {
              "filter_type": 112,
              "filter_type_name": "Command",
              "operator": 0,
              "operator_name": "Value",
              "filter_mode": 1,
              "field_operator": "Or",
              "values": [
                "success"
              ]
            }
          ]
        }
      ],
      "group_by_fields": [
        16
      ]
    }
  ]
}