{
  "name": "Azure Kubernetes Events Deleted",
  "short_desc": "Detects when Events are deleted in Azure Kubernetes. An adversary may delete events in Azure Kubernetes in an attempt to evade detection.",
  "long_desc": "Detects when Events are deleted in Azure Kubernetes. An adversary may delete events in Azure Kubernetes in an attempt to evade detection.\n\nMITRE ATT&CK:\n  Tactics: Defense Evasion\n  Techniques: T1562, T1562.001\n\nReferences:\n  - https://learn.microsoft.com/en-us/azure/role-based-access-control/resource-provider-operations#microsoftkubernetes\n  - https://github.com/elastic/detection-rules/blob/da3852b681cf1a33898b1535892eab1f3a76177a/rules/integrations/azure/defense_evasion_kubernetes_events_deleted.toml\n\nFalse Positives:\n  - Event deletions may be done by a system or network administrator. Verify whether the username, hostname, and/or resource name should be making changes in your environment. Events deletions from unfamiliar users or hosts should be investigated. If known behavior is causing false positives, it can be exempted from the rule.\n\nAuthor: Austin Songer @austinsonger\nCreated: 2021-07-24\nModified: 2022-08-23",
  "risk_rating": 5,
  "alarm_enabled": true,
  "rule_enabled": false,
  "blocks": [
    {
      "block_type": "LogObservedRuleBlock",
      "msg_filters": [
        {
          "msg_filter_type": 1,
          "field_filters": [
            {
              "filter_type": 112,
              "filter_type_name": "Command",
              "operator": 0,
              "operator_name": "Value",
              "filter_mode": 1,
              "field_operator": "And",
              "values": [
                "MICROSOFT.KUBERNETES/CONNECTEDCLUSTERS/EVENTS.K8S.IO/EVENTS/DELETE"
              ]
            }
          ]
        }
      ],
      "group_by_fields": [
        16
      ]
    }
  ]
}