{
  "name": "Rare Subscription-level Operations In Azure",
  "short_desc": "Identifies IPs from which users grant access to other users on azure resources and alerts when a previously unseen source IP address is used.",
  "long_desc": "Identifies IPs from which users grant access to other users on azure resources and alerts when a previously unseen source IP address is used.\n\nMITRE ATT&CK:\n  Tactics: Credential Access\n  Techniques: T1003\n\nReferences:\n  - https://github.com/Azure/Azure-Sentinel/blob/e534407884b1ec5371efc9f76ead282176c9e8bb/Detections/AzureActivity/RareOperations.yaml\n\nFalse Positives:\n  - Valid change\n\nAuthor: sawwinnnaung\nCreated: 2020-05-07\nModified: 2023-10-11",
  "risk_rating": 5,
  "alarm_enabled": true,
  "rule_enabled": false,
  "blocks": [
    {
      "block_type": "LogObservedRuleBlock",
      "msg_filters": [],
      "group_by_fields": [
        16
      ]
    }
  ]
}