{
  "name": "Azure Kubernetes CronJob",
  "short_desc": "Identifies when a Azure Kubernetes CronJob runs in Azure Cloud. Kubernetes Job is a controller that creates one or more pods and ensures that a specified number of them successfully terminate.\nKubernetes Job can be used to run containers that perform fini",
  "long_desc": "Identifies when a Azure Kubernetes CronJob runs in Azure Cloud. Kubernetes Job is a controller that creates one or more pods and ensures that a specified number of them successfully terminate.\nKubernetes Job can be used to run containers that perform finite tasks for batch jobs. Kubernetes CronJob is used to schedule Jobs.\nAn Adversary may use Kubernetes CronJob for scheduling execution of malicious code that would run as a container in the cluster.\n\n\nMITRE ATT&CK:\n  Tactics: Persistence, Privilege Escalation, Execution\n  Techniques: T1053.003\n\nReferences:\n  - https://learn.microsoft.com/en-us/azure/role-based-access-control/resource-provider-operations#microsoftkubernetes\n  - https://kubernetes.io/docs/concepts/workloads/controllers/cron-jobs/\n  - https://kubernetes.io/docs/concepts/workloads/controllers/job/\n  - https://www.microsoft.com/security/blog/2020/04/02/attack-matrix-kubernetes/\n\nFalse Positives:\n  - Azure Kubernetes CronJob/Job may be done by a system administrator.\n  - If known behavior is causing false positives, it can be exempted from the rule.\n\nAuthor: Austin Songer @austinsonger\nCreated: 2021-11-22\nModified: 2022-12-18",
  "risk_rating": 5,
  "alarm_enabled": true,
  "rule_enabled": false,
  "blocks": [
    {
      "block_type": "LogObservedRuleBlock",
      "msg_filters": [
        {
          "msg_filter_type": 1,
          "field_filters": [
            {
              "filter_type": 112,
              "filter_type_name": "Command",
              "operator": 2,
              "operator_name": "Regex",
              "filter_mode": 1,
              "field_operator": "And",
              "values": [
                "^MICROSOFT\\\\.KUBERNETES/CONNECTEDCLUSTERS/BATCH",
                "^MICROSOFT\\\\.CONTAINERSERVICE/MANAGEDCLUSTERS/BATCH"
              ]
            },
            {
              "filter_type": 112,
              "filter_type_name": "Command",
              "operator": 2,
              "operator_name": "Regex",
              "filter_mode": 1,
              "field_operator": "Or",
              "values": [
                "/CRONJOBS/WRITE$",
                "/JOBS/WRITE$"
              ]
            }
          ]
        }
      ],
      "group_by_fields": [
        16
      ]
    }
  ]
}