{
  "name": "Azure Kubernetes Pods Deleted",
  "short_desc": "Identifies the deletion of Azure Kubernetes Pods.",
  "long_desc": "Identifies the deletion of Azure Kubernetes Pods.\n\nMITRE ATT&CK:\n  Tactics: Impact\n\nReferences:\n  - https://learn.microsoft.com/en-us/azure/role-based-access-control/resource-provider-operations#microsoftkubernetes\n  - https://github.com/elastic/detection-rules/blob/065bf48a9987cd8bd826c098a30ce36e6868ee46/rules/integrations/azure/impact_kubernetes_pod_deleted.toml\n\nFalse Positives:\n  - Pods may be deleted by a system administrator. Verify whether the user identity, user agent, and/or hostname should be making changes in your environment.\n  - Pods deletions from unfamiliar users or hosts should be investigated. If known behavior is causing false positives, it can be exempted from the rule.\n\nAuthor: Austin Songer @austinsonger\nCreated: 2021-07-24\nModified: 2022-08-23",
  "risk_rating": 5,
  "alarm_enabled": true,
  "rule_enabled": false,
  "blocks": [
    {
      "block_type": "LogObservedRuleBlock",
      "msg_filters": [
        {
          "msg_filter_type": 1,
          "field_filters": [
            {
              "filter_type": 112,
              "filter_type_name": "Command",
              "operator": 0,
              "operator_name": "Value",
              "filter_mode": 1,
              "field_operator": "And",
              "values": [
                "MICROSOFT.KUBERNETES/CONNECTEDCLUSTERS/PODS/DELETE"
              ]
            }
          ]
        }
      ],
      "group_by_fields": [
        16
      ]
    }
  ]
}