{
  "name": "Azure Keyvault Secrets Modified or Deleted",
  "short_desc": "Identifies when secrets are modified or deleted in Azure.",
  "long_desc": "Identifies when secrets are modified or deleted in Azure.\n\nMITRE ATT&CK:\n  Tactics: Impact, Credential Access\n  Techniques: T1552, T1552.001\n\nReferences:\n  - https://learn.microsoft.com/en-us/azure/role-based-access-control/resource-provider-operations\n\nFalse Positives:\n  - Secrets being modified or deleted may be performed by a system administrator.\n  - Verify whether the user identity, user agent, and/or hostname should be making changes in your environment.\n  - Secrets modified or deleted from unfamiliar users should be investigated. If known behavior is causing false positives, it can be exempted from the rule.\n\nAuthor: Austin Songer @austinsonger\nCreated: 2021-08-16\nModified: 2022-08-23",
  "risk_rating": 5,
  "alarm_enabled": true,
  "rule_enabled": false,
  "blocks": [
    {
      "block_type": "LogObservedRuleBlock",
      "msg_filters": [
        {
          "msg_filter_type": 1,
          "field_filters": [
            {
              "filter_type": 112,
              "filter_type_name": "Command",
              "operator": 0,
              "operator_name": "Value",
              "filter_mode": 1,
              "field_operator": "And",
              "values": [
                "MICROSOFT.KEYVAULT/VAULTS/SECRETS/WRITE",
                "MICROSOFT.KEYVAULT/VAULTS/SECRETS/DELETE",
                "MICROSOFT.KEYVAULT/VAULTS/SECRETS/BACKUP/ACTION",
                "MICROSOFT.KEYVAULT/VAULTS/SECRETS/PURGE/ACTION",
                "MICROSOFT.KEYVAULT/VAULTS/SECRETS/UPDATE/ACTION",
                "MICROSOFT.KEYVAULT/VAULTS/SECRETS/RECOVER/ACTION",
                "MICROSOFT.KEYVAULT/VAULTS/SECRETS/RESTORE/ACTION",
                "MICROSOFT.KEYVAULT/VAULTS/SECRETS/SETSECRET/ACTION"
              ]
            }
          ]
        }
      ],
      "group_by_fields": [
        16
      ]
    }
  ]
}