{
  "name": "Azure New CloudShell Created",
  "short_desc": "Identifies when a new cloudshell is created inside of Azure portal.",
  "long_desc": "Identifies when a new cloudshell is created inside of Azure portal.\n\nMITRE ATT&CK:\n  Tactics: Execution\n  Techniques: T1059\n\nReferences:\n  - https://learn.microsoft.com/en-us/azure/role-based-access-control/resource-provider-operations\n\nFalse Positives:\n  - A new cloudshell may be created by a system administrator.\n\nAuthor: Austin Songer\nCreated: 2021-09-21\nModified: 2022-08-23",
  "risk_rating": 5,
  "alarm_enabled": true,
  "rule_enabled": false,
  "blocks": [
    {
      "block_type": "LogObservedRuleBlock",
      "msg_filters": [
        {
          "msg_filter_type": 1,
          "field_filters": [
            {
              "filter_type": 112,
              "filter_type_name": "Command",
              "operator": 0,
              "operator_name": "Value",
              "filter_mode": 1,
              "field_operator": "And",
              "values": [
                "MICROSOFT.PORTAL/CONSOLES/WRITE"
              ]
            }
          ]
        }
      ],
      "group_by_fields": [
        16
      ]
    }
  ]
}