{
  "name": "Number Of Resource Creation Or Deployment Activities",
  "short_desc": "Number of VM creations or deployment activities occur in Azure via the azureactivity log.",
  "long_desc": "Number of VM creations or deployment activities occur in Azure via the azureactivity log.\n\nMITRE ATT&CK:\n  Tactics: Persistence\n  Techniques: T1098\n\nReferences:\n  - https://github.com/Azure/Azure-Sentinel/blob/e534407884b1ec5371efc9f76ead282176c9e8bb/Detections/AzureActivity/Creating_Anomalous_Number_Of_Resources_detection.yaml\n\nFalse Positives:\n  - Valid change\n\nAuthor: sawwinnnaung\nCreated: 2020-05-07\nModified: 2023-10-11",
  "risk_rating": 5,
  "alarm_enabled": true,
  "rule_enabled": false,
  "blocks": [
    {
      "block_type": "LogObservedRuleBlock",
      "msg_filters": [],
      "group_by_fields": [
        16
      ]
    }
  ]
}