{
  "name": "Azure Device or Configuration Modified or Deleted",
  "short_desc": "Identifies when a device or device configuration in azure is modified or deleted.",
  "long_desc": "Identifies when a device or device configuration in azure is modified or deleted.\n\nMITRE ATT&CK:\n  Tactics: Impact\n  Techniques: T1485, T1565.001\n\nReferences:\n  - https://learn.microsoft.com/en-us/entra/identity/monitoring-health/reference-audit-activities#core-directory\n\nFalse Positives:\n  - Device or device configuration being modified or deleted may be performed by a system administrator.\n  - Verify whether the user identity, user agent, and/or hostname should be making changes in your environment.\n  - Device or device configuration modified or deleted from unfamiliar users should be investigated. If known behavior is causing false positives, it can be exempted from the rule.\n\nAuthor: Austin Songer @austinsonger\nCreated: 2021-09-03\nModified: 2022-10-09",
  "risk_rating": 5,
  "alarm_enabled": true,
  "rule_enabled": false,
  "blocks": [
    {
      "block_type": "LogObservedRuleBlock",
      "msg_filters": [
        {
          "msg_filter_type": 1,
          "field_filters": [
            {
              "filter_type": 112,
              "filter_type_name": "Command",
              "operator": 0,
              "operator_name": "Value",
              "filter_mode": 1,
              "field_operator": "And",
              "values": [
                "Delete device",
                "Delete device configuration",
                "Update device",
                "Update device configuration"
              ]
            }
          ]
        }
      ],
      "group_by_fields": [
        16
      ]
    }
  ]
}