{
  "name": "Azure Kubernetes Admission Controller",
  "short_desc": "Identifies when an admission controller is executed in Azure Kubernetes.\nA Kubernetes Admission controller intercepts, and possibly modifies, requests to the Kubernetes API server.\nThe behavior of this admission controller is determined by an admission we",
  "long_desc": "Identifies when an admission controller is executed in Azure Kubernetes.\nA Kubernetes Admission controller intercepts, and possibly modifies, requests to the Kubernetes API server.\nThe behavior of this admission controller is determined by an admission webhook (MutatingAdmissionWebhook or ValidatingAdmissionWebhook) that the user deploys in the cluster.\nAn adversary can use such webhooks as the MutatingAdmissionWebhook for obtaining persistence in the cluster.\nFor example, attackers can intercept and modify the pod creation operations in the cluster and add their malicious container to every created pod.\nAn adversary can use the webhook ValidatingAdmissionWebhook, which could be used to obtain access credentials.\nAn adversary could use the webhook to intercept the requests to the API server, record secrets, and other sensitive information.\n\n\nMITRE ATT&CK:\n  Tactics: Persistence, Credential Access\n  Techniques: T1078, T1552, T1552.007\n\nReferences:\n  - https://learn.microsoft.com/en-us/azure/role-based-access-control/resource-provider-operations#microsoftkubernetes\n\nFalse Positives:\n  - Azure Kubernetes Admissions Controller may be done by a system administrator.\n  - If known behavior is causing false positives, it can be exempted from the rule.\n\nAuthor: Austin Songer @austinsonger\nCreated: 2021-11-25\nModified: 2022-12-18",
  "risk_rating": 5,
  "alarm_enabled": true,
  "rule_enabled": false,
  "blocks": [
    {
      "block_type": "LogObservedRuleBlock",
      "msg_filters": [
        {
          "msg_filter_type": 1,
          "field_filters": [
            {
              "filter_type": 112,
              "filter_type_name": "Command",
              "operator": 2,
              "operator_name": "Regex",
              "filter_mode": 1,
              "field_operator": "And",
              "values": [
                "^MICROSOFT\\\\.KUBERNETES/CONNECTEDCLUSTERS/ADMISSIONREGISTRATION\\\\.K8S\\\\.IO",
                "^MICROSOFT\\\\.CONTAINERSERVICE/MANAGEDCLUSTERS/ADMISSIONREGISTRATION\\\\.K8S\\\\.IO"
              ]
            },
            {
              "filter_type": 112,
              "filter_type_name": "Command",
              "operator": 2,
              "operator_name": "Regex",
              "filter_mode": 1,
              "field_operator": "Or",
              "values": [
                "/MUTATINGWEBHOOKCONFIGURATIONS/WRITE$",
                "/VALIDATINGWEBHOOKCONFIGURATIONS/WRITE$"
              ]
            }
          ]
        }
      ],
      "group_by_fields": [
        16
      ]
    }
  ]
}