{
  "name": "New Federated Domain Added - Exchange",
  "short_desc": "Detects the addition of a new Federated Domain.",
  "long_desc": "Detects the addition of a new Federated Domain.\n\nMITRE ATT&CK:\n  Tactics: Persistence\n  Techniques: T1136.003\n\nReferences:\n  - https://www.fireeye.com/content/dam/fireeye-www/blog/pdfs/wp-m-unc2452-2021-000343-01.pdf\n  - https://us-cert.cisa.gov/ncas/alerts/aa21-008a\n  - https://www.splunk.com/en_us/blog/security/a-golden-saml-journey-solarwinds-continued.html\n  - https://www.sygnia.co/golden-saml-advisory\n  - https://o365blog.com/post/aadbackdoor/\n\nFalse Positives:\n  - The creation of a new Federated domain is not necessarily malicious, however these events need to be followed closely, as it may indicate federated credential abuse or backdoor via federated identities at a similar or different cloud provider.\n\nAuthor: Splunk Threat Research Team (original rule), '@ionsor (rule)'\nCreated: 2022-02-08",
  "risk_rating": 5,
  "alarm_enabled": true,
  "rule_enabled": false,
  "blocks": [
    {
      "block_type": "LogObservedRuleBlock",
      "msg_filters": [
        {
          "msg_filter_type": 1,
          "field_filters": [
            {
              "filter_type": 112,
              "filter_type_name": "Command",
              "operator": 0,
              "operator_name": "Value",
              "filter_mode": 1,
              "field_operator": "And",
              "values": [
                "Exchange"
              ]
            },
            {
              "filter_type": 112,
              "filter_type_name": "Command",
              "operator": 0,
              "operator_name": "Value",
              "filter_mode": 1,
              "field_operator": "Or",
              "values": [
                "Add-FederatedDomain"
              ]
            },
            {
              "filter_type": 112,
              "filter_type_name": "Command",
              "operator": 0,
              "operator_name": "Value",
              "filter_mode": 1,
              "field_operator": "Or",
              "values": [
                "success"
              ]
            }
          ]
        }
      ],
      "group_by_fields": [
        17
      ]
    }
  ]
}