{
  "name": "Potential Server Side Template Injection In Velocity",
  "short_desc": "Detects exceptions in velocity template renderer, this most likely happens due to dynamic rendering of user input and may lead to RCE.",
  "long_desc": "Detects exceptions in velocity template renderer, this most likely happens due to dynamic rendering of user input and may lead to RCE.\n\nMITRE ATT&CK:\n  Tactics: Initial Access\n  Techniques: T1190\n\nReferences:\n  - https://antgarsil.github.io/posts/velocity/\n  - https://www.wix.engineering/post/threat-and-vulnerability-hunting-with-application-server-error-logs\n\nFalse Positives:\n  - Application bugs\n  - Missing .vm files\n\nAuthor: Moti Harmats\nCreated: 2023-02-11",
  "risk_rating": 7,
  "alarm_enabled": true,
  "rule_enabled": false,
  "blocks": [
    {
      "block_type": "LogObservedRuleBlock",
      "msg_filters": [],
      "group_by_fields": [
        17
      ]
    }
  ]
}