{
  "name": "OMIGOD SCX RunAsProvider ExecuteShellCommand",
  "short_desc": "Rule to detect the use of the SCX RunAsProvider Invoke_ExecuteShellCommand to execute any UNIX/Linux command using the /bin/sh shell.\nSCXcore, started as the Microsoft Operations Manager UNIX/Linux Agent, is now used in a host of products including\nMicros",
  "long_desc": "Rule to detect the use of the SCX RunAsProvider Invoke_ExecuteShellCommand to execute any UNIX/Linux command using the /bin/sh shell.\nSCXcore, started as the Microsoft Operations Manager UNIX/Linux Agent, is now used in a host of products including\nMicrosoft Operations Manager, Microsoft Azure, and Microsoft Operations Management Suite.\n\n\nMITRE ATT&CK:\n  Tactics: Privilege Escalation, Initial Access, Execution\n  Techniques: T1068, T1190, T1203\n\nReferences:\n  - https://www.wiz.io/blog/omigod-critical-vulnerabilities-in-omi-azure\n  - https://github.com/Azure/Azure-Sentinel/pull/3059\n\nFalse Positives:\n  - Legitimate use of SCX RunAsProvider Invoke_ExecuteShellCommand.\n\nAuthor: Roberto Rodriguez (Cyb3rWard0g), OTR (Open Threat Research), MSTIC\nCreated: 2021-10-15\nModified: 2022-10-05",
  "risk_rating": 7,
  "alarm_enabled": true,
  "rule_enabled": false,
  "blocks": [
    {
      "block_type": "LogObservedRuleBlock",
      "msg_filters": [
        {
          "msg_filter_type": 1,
          "field_filters": [
            {
              "filter_type": 29,
              "filter_type_name": "Login",
              "operator": 0,
              "operator_name": "Value",
              "filter_mode": 1,
              "field_operator": "And",
              "values": [
                "root"
              ]
            },
            {
              "filter_type": 112,
              "filter_type_name": "Command",
              "operator": 0,
              "operator_name": "Value",
              "filter_mode": 1,
              "field_operator": "Or",
              "values": [
                0
              ]
            },
            {
              "filter_type": 112,
              "filter_type_name": "Command",
              "operator": 0,
              "operator_name": "Value",
              "filter_mode": 1,
              "field_operator": "Or",
              "values": [
                "/var/opt/microsoft/scx/tmp"
              ]
            },
            {
              "filter_type": 112,
              "filter_type_name": "Command",
              "operator": 2,
              "operator_name": "Regex",
              "filter_mode": 1,
              "field_operator": "Or",
              "values": [
                "/bin/sh"
              ]
            }
          ]
        }
      ],
      "group_by_fields": [
        17
      ]
    }
  ]
}