{
  "name": "Group Has Been Deleted Via Groupdel",
  "short_desc": "Detects execution of the \"groupdel\" binary. Which is used to delete a group. This is sometimes abused by threat actors in order to cover their tracks",
  "long_desc": "Detects execution of the \"groupdel\" binary. Which is used to delete a group. This is sometimes abused by threat actors in order to cover their tracks\n\nMITRE ATT&CK:\n  Tactics: Impact\n  Techniques: T1531\n\nReferences:\n  - https://linuxize.com/post/how-to-delete-group-in-linux/\n  - https://www.cyberciti.biz/faq/linux-remove-user-command/\n  - https://www.cybrary.it/blog/0p3n/linux-commands-used-attackers/\n  - https://linux.die.net/man/8/groupdel\n\nFalse Positives:\n  - Legitimate administrator activities\n\nAuthor: Tuan Le (NCSGroup)\nCreated: 2022-12-26",
  "risk_rating": 5,
  "alarm_enabled": true,
  "rule_enabled": false,
  "blocks": [
    {
      "block_type": "LogObservedRuleBlock",
      "msg_filters": [
        {
          "msg_filter_type": 1,
          "field_filters": [
            {
              "filter_type": 41,
              "filter_type_name": "Process",
              "operator": 2,
              "operator_name": "Regex",
              "filter_mode": 1,
              "field_operator": "And",
              "values": [
                "/groupdel$"
              ]
            }
          ]
        }
      ],
      "group_by_fields": [
        17
      ]
    }
  ]
}