{
  "name": "Local System Accounts Discovery - Linux",
  "short_desc": "Detects enumeration of local systeam accounts. This information can help adversaries determine which local accounts exist on a system to aid in follow-on behavior.",
  "long_desc": "Detects enumeration of local systeam accounts. This information can help adversaries determine which local accounts exist on a system to aid in follow-on behavior.\n\nMITRE ATT&CK:\n  Tactics: Discovery\n  Techniques: T1087.001\n\nReferences:\n  - https://github.com/redcanaryco/atomic-red-team/blob/f339e7da7d05f6057fdfcdd3742bfcf365fee2a9/atomics/T1087.001/T1087.001.md\n  - https://my.f5.com/manage/s/article/K589\n  - https://man.freebsd.org/cgi/man.cgi?pwd_mkdb\n\nFalse Positives:\n  - Legitimate administration activities\n\nAuthor: Alejandro Ortuno, oscd.community, CheraghiMilad\nCreated: 2020-10-08\nModified: 2024-12-10",
  "risk_rating": 3,
  "alarm_enabled": true,
  "rule_enabled": false,
  "blocks": [
    {
      "block_type": "LogObservedRuleBlock",
      "msg_filters": [
        {
          "msg_filter_type": 1,
          "field_filters": [
            {
              "filter_type": 41,
              "filter_type_name": "Process",
              "operator": 2,
              "operator_name": "Regex",
              "filter_mode": 1,
              "field_operator": "And",
              "values": [
                "/lastlog$"
              ]
            },
            {
              "filter_type": 112,
              "filter_type_name": "Command",
              "operator": 2,
              "operator_name": "Regex",
              "filter_mode": 1,
              "field_operator": "Or",
              "values": [
                "'x:0:'"
              ]
            },
            {
              "filter_type": 41,
              "filter_type_name": "Process",
              "operator": 2,
              "operator_name": "Regex",
              "filter_mode": 1,
              "field_operator": "Or",
              "values": [
                "/cat$",
                "/ed$",
                "/head$",
                "/more$",
                "/nano$",
                "/tail$",
                "/vi$",
                "/vim$",
                "/less$",
                "/emacs$",
                "/sqlite3$",
                "/makemap$"
              ]
            },
            {
              "filter_type": 112,
              "filter_type_name": "Command",
              "operator": 2,
              "operator_name": "Regex",
              "filter_mode": 1,
              "field_operator": "Or",
              "values": [
                "/etc/passwd",
                "/etc/shadow",
                "/etc/sudoers",
                "/etc/spwd\\\\.db",
                "/etc/pwd\\\\.db",
                "/etc/master\\\\.passwd"
              ]
            },
            {
              "filter_type": 41,
              "filter_type_name": "Process",
              "operator": 2,
              "operator_name": "Regex",
              "filter_mode": 1,
              "field_operator": "Or",
              "values": [
                "/id$"
              ]
            },
            {
              "filter_type": 41,
              "filter_type_name": "Process",
              "operator": 2,
              "operator_name": "Regex",
              "filter_mode": 1,
              "field_operator": "Or",
              "values": [
                "/lsof$"
              ]
            },
            {
              "filter_type": 112,
              "filter_type_name": "Command",
              "operator": 2,
              "operator_name": "Regex",
              "filter_mode": 1,
              "field_operator": "Or",
              "values": [
                "-u"
              ]
            }
          ]
        }
      ],
      "group_by_fields": [
        17
      ]
    }
  ]
}