{
  "name": "Commands to Clear or Remove the Syslog",
  "short_desc": "Detects specific commands commonly used to remove or empty the syslog. Which is often used by attacker as a method to hide their tracks",
  "long_desc": "Detects specific commands commonly used to remove or empty the syslog. Which is often used by attacker as a method to hide their tracks\n\nMITRE ATT&CK:\n  Tactics: Defense Evasion\n  Techniques: T1070.002\n\nReferences:\n  - https://github.com/redcanaryco/atomic-red-team/blob/f339e7da7d05f6057fdfcdd3742bfcf365fee2a9/atomics/T1070.002/T1070.002.md\n  - https://www.virustotal.com/gui/file/54d60fd58d7fa3475fa123985bfc1594df26da25c1f5fbc7dfdba15876dd8ac5/behavior\n\nFalse Positives:\n  - Log rotation.\n\nAuthor: Max Altgelt (Nextron Systems), Roberto Rodriguez (Cyb3rWard0g), OTR (Open Threat Research), MSTIC\nCreated: 2021-10-15\nModified: 2024-10-14",
  "risk_rating": 7,
  "alarm_enabled": true,
  "rule_enabled": false,
  "blocks": [
    {
      "block_type": "LogObservedRuleBlock",
      "msg_filters": [
        {
          "msg_filter_type": 1,
          "field_filters": [
            {
              "filter_type": 112,
              "filter_type_name": "Command",
              "operator": 2,
              "operator_name": "Regex",
              "filter_mode": 1,
              "field_operator": "And",
              "values": [
                "rm /var/log/syslog",
                "rm -r /var/log/syslog",
                "rm -f /var/log/syslog",
                "rm -rf /var/log/syslog",
                "unlink /var/log/syslog",
                "unlink -r /var/log/syslog",
                "unlink -f /var/log/syslog",
                "unlink -rf /var/log/syslog",
                "mv /var/log/syslog",
                " >/var/log/syslog",
                " > /var/log/syslog",
                "journalctl --vacuum"
              ]
            }
          ]
        }
      ],
      "group_by_fields": [
        17
      ]
    }
  ]
}