{
  "name": "Enable BPF Kprobes Tracing",
  "short_desc": "Detects common command used to enable bpf kprobes tracing",
  "long_desc": "Detects common command used to enable bpf kprobes tracing\n\nMITRE ATT&CK:\n  Tactics: Execution, Defense Evasion\n\nReferences:\n  - https://embracethered.com/blog/posts/2021/offensive-bpf-bpftrace/\n  - https://bpftrace.org/\n  - https://www.kernel.org/doc/html/v5.0/trace/kprobetrace.html\n\nFalse Positives:\n  - Unknown\n\nAuthor: Nasreddine Bencherchali (Nextron Systems)\nCreated: 2023-01-25",
  "risk_rating": 5,
  "alarm_enabled": true,
  "rule_enabled": false,
  "blocks": [
    {
      "block_type": "LogObservedRuleBlock",
      "msg_filters": [
        {
          "msg_filter_type": 1,
          "field_filters": [
            {
              "filter_type": 112,
              "filter_type_name": "Command",
              "operator": 2,
              "operator_name": "Regex",
              "filter_mode": 1,
              "field_operator": "And",
              "values": [
                "echo 1 >",
                "/sys/kernel/debug/tracing/events/kprobes/"
              ]
            },
            {
              "filter_type": 112,
              "filter_type_name": "Command",
              "operator": 2,
              "operator_name": "Regex",
              "filter_mode": 1,
              "field_operator": "Or",
              "values": [
                "/myprobe/enable",
                "/myretprobe/enable"
              ]
            }
          ]
        }
      ],
      "group_by_fields": [
        17
      ]
    }
  ]
}