{
  "name": "Curl Usage on Linux",
  "short_desc": "Detects a curl process start on linux, which indicates a file download from a remote location or a simple web request to a remote server",
  "long_desc": "Detects a curl process start on linux, which indicates a file download from a remote location or a simple web request to a remote server\n\nMITRE ATT&CK:\n  Tactics: Command And Control\n  Techniques: T1105\n\nReferences:\n  - https://www.trendmicro.com/en_us/research/22/i/how-malicious-actors-abuse-native-linux-tools-in-their-attacks.html\n\nFalse Positives:\n  - Scripts created by developers and admins\n  - Administrative activity\n\nAuthor: Nasreddine Bencherchali (Nextron Systems)\nCreated: 2022-09-15",
  "risk_rating": 3,
  "alarm_enabled": true,
  "rule_enabled": false,
  "blocks": [
    {
      "block_type": "LogObservedRuleBlock",
      "msg_filters": [
        {
          "msg_filter_type": 1,
          "field_filters": [
            {
              "filter_type": 41,
              "filter_type_name": "Process",
              "operator": 2,
              "operator_name": "Regex",
              "filter_mode": 1,
              "field_operator": "And",
              "values": [
                "/curl$"
              ]
            }
          ]
        }
      ],
      "group_by_fields": [
        17
      ]
    }
  ]
}