{
  "name": "Suspicious Download and Execute Pattern via Curl/Wget",
  "short_desc": "Detects suspicious use of command-line tools such as curl or wget to download remote\ncontent - particularly scripts - into temporary directories (e.g., /dev/shm, /tmp), followed by\nimmediate execution, indicating potential malicious activity. This pattern",
  "long_desc": "Detects suspicious use of command-line tools such as curl or wget to download remote\ncontent - particularly scripts - into temporary directories (e.g., /dev/shm, /tmp), followed by\nimmediate execution, indicating potential malicious activity. This pattern is commonly used\nby malicious scripts, stagers, or downloaders in fileless or multi-stage Linux attacks.\n\n\nMITRE ATT&CK:\n  Tactics: Execution\n  Techniques: T1059.004, T1203\n\nReferences:\n  - https://gtfobins.github.io/gtfobins/wget/\n  - https://gtfobins.github.io/gtfobins/curl/\n\nFalse Positives:\n  - System update scripts using temporary files\n  - Installer scripts or automated provisioning tools\n\nAuthor: Aayush Gupta\nCreated: 2025-06-17",
  "risk_rating": 7,
  "alarm_enabled": true,
  "rule_enabled": false,
  "blocks": [
    {
      "block_type": "LogObservedRuleBlock",
      "msg_filters": [
        {
          "msg_filter_type": 1,
          "field_filters": [
            {
              "filter_type": 112,
              "filter_type_name": "Command",
              "operator": 2,
              "operator_name": "Regex",
              "filter_mode": 1,
              "field_operator": "And",
              "values": [
                "/curl",
                "/wget"
              ]
            }
          ]
        },
        {
          "msg_filter_type": 1,
          "field_filters": [
            {
              "filter_type": 112,
              "filter_type_name": "Command",
              "operator": 2,
              "operator_name": "Regex",
              "filter_mode": 1,
              "field_operator": "And",
              "values": [
                "/tmp/",
                "/dev/shm/"
              ]
            }
          ]
        },
        {
          "msg_filter_type": 1,
          "field_filters": [
            {
              "filter_type": 112,
              "filter_type_name": "Command",
              "operator": 2,
              "operator_name": "Regex",
              "filter_mode": 1,
              "field_operator": "And",
              "values": [
                "sh -c"
              ]
            }
          ]
        }
      ],
      "group_by_fields": [
        17
      ]
    }
  ]
}