{
  "name": "Nohup Execution",
  "short_desc": "Detects usage of nohup which could be leveraged by an attacker to keep a process running or break out from restricted environments",
  "long_desc": "Detects usage of nohup which could be leveraged by an attacker to keep a process running or break out from restricted environments\n\nMITRE ATT&CK:\n  Tactics: Execution\n  Techniques: T1059.004\n\nReferences:\n  - https://gtfobins.github.io/gtfobins/nohup/\n  - https://en.wikipedia.org/wiki/Nohup\n  - https://www.computerhope.com/unix/unohup.htm\n\nFalse Positives:\n  - Administrators or installed processes that leverage nohup\n\nAuthor: Christopher Peacock @SecurePeacock, SCYTHE @scythe_io\nCreated: 2022-06-06",
  "risk_rating": 5,
  "alarm_enabled": true,
  "rule_enabled": false,
  "blocks": [
    {
      "block_type": "LogObservedRuleBlock",
      "msg_filters": [
        {
          "msg_filter_type": 1,
          "field_filters": [
            {
              "filter_type": 41,
              "filter_type_name": "Process",
              "operator": 2,
              "operator_name": "Regex",
              "filter_mode": 1,
              "field_operator": "And",
              "values": [
                "/nohup$"
              ]
            }
          ]
        }
      ],
      "group_by_fields": [
        17
      ]
    }
  ]
}