{
  "name": "Potential Linux Process Code Injection Via DD Utility",
  "short_desc": "Detects the injection of code by overwriting the memory map of a Linux process using the \"dd\" Linux command.",
  "long_desc": "Detects the injection of code by overwriting the memory map of a Linux process using the \"dd\" Linux command.\n\nMITRE ATT&CK:\n  Tactics: Defense Evasion\n  Techniques: T1055.009\n\nReferences:\n  - https://www.aon.com/cyber-solutions/aon_cyber_labs/linux-based-inter-process-code-injection-without-ptrace2/\n  - https://github.com/AonCyberLabs/Cexigua/blob/34d338620afae4c6335ba8d8d499e1d7d3d5d7b5/overwrite.sh\n\nFalse Positives:\n  - Unknown\n\nAuthor: Joseph Kamau\nCreated: 2023-12-01",
  "risk_rating": 5,
  "alarm_enabled": true,
  "rule_enabled": false,
  "blocks": [
    {
      "block_type": "LogObservedRuleBlock",
      "msg_filters": [
        {
          "msg_filter_type": 1,
          "field_filters": [
            {
              "filter_type": 41,
              "filter_type_name": "Process",
              "operator": 2,
              "operator_name": "Regex",
              "filter_mode": 1,
              "field_operator": "And",
              "values": [
                "/dd$"
              ]
            },
            {
              "filter_type": 112,
              "filter_type_name": "Command",
              "operator": 2,
              "operator_name": "Regex",
              "filter_mode": 1,
              "field_operator": "Or",
              "values": [
                "of=",
                "/proc/",
                "/mem"
              ]
            }
          ]
        }
      ],
      "group_by_fields": [
        17
      ]
    }
  ]
}