{
  "name": "ESXi Syslog Configuration Change Via ESXCLI",
  "short_desc": "Detects changes to the ESXi syslog configuration via \"esxcli\"",
  "long_desc": "Detects changes to the ESXi syslog configuration via \"esxcli\"\n\nMITRE ATT&CK:\n  Tactics: Defense Evasion, Execution\n  Techniques: T1562.001, T1562.003, T1059.012\n\nReferences:\n  - https://support.solarwinds.com/SuccessCenter/s/article/Configure-ESXi-Syslog-to-LEM?language=en_US\n  - https://developer.broadcom.com/xapis/esxcli-command-reference/7.0.0/namespace/esxcli_system.html\n\nFalse Positives:\n  - Legitimate administrative activities\n\nAuthor: Cedric Maurugeon\nCreated: 2023-09-04",
  "risk_rating": 5,
  "alarm_enabled": true,
  "rule_enabled": false,
  "blocks": [
    {
      "block_type": "LogObservedRuleBlock",
      "msg_filters": [
        {
          "msg_filter_type": 1,
          "field_filters": [
            {
              "filter_type": 41,
              "filter_type_name": "Process",
              "operator": 2,
              "operator_name": "Regex",
              "filter_mode": 1,
              "field_operator": "And",
              "values": [
                "/esxcli$"
              ]
            },
            {
              "filter_type": 112,
              "filter_type_name": "Command",
              "operator": 2,
              "operator_name": "Regex",
              "filter_mode": 1,
              "field_operator": "Or",
              "values": [
                "system",
                "syslog",
                "config"
              ]
            },
            {
              "filter_type": 112,
              "filter_type_name": "Command",
              "operator": 2,
              "operator_name": "Regex",
              "filter_mode": 1,
              "field_operator": "Or",
              "values": [
                " set"
              ]
            }
          ]
        }
      ],
      "group_by_fields": [
        17
      ]
    }
  ]
}