{
  "name": "Decode Base64 Encoded Text",
  "short_desc": "Detects usage of base64 utility to decode arbitrary base64-encoded text",
  "long_desc": "Detects usage of base64 utility to decode arbitrary base64-encoded text\n\nMITRE ATT&CK:\n  Tactics: Defense Evasion\n  Techniques: T1027\n\nReferences:\n  - https://github.com/redcanaryco/atomic-red-team/blob/f339e7da7d05f6057fdfcdd3742bfcf365fee2a9/atomics/T1027/T1027.md\n\nFalse Positives:\n  - Legitimate activities\n\nAuthor: Daniil Yugoslavskiy, oscd.community\nCreated: 2020-10-19\nModified: 2021-11-27",
  "risk_rating": 3,
  "alarm_enabled": true,
  "rule_enabled": false,
  "blocks": [
    {
      "block_type": "LogObservedRuleBlock",
      "msg_filters": [
        {
          "msg_filter_type": 1,
          "field_filters": [
            {
              "filter_type": 41,
              "filter_type_name": "Process",
              "operator": 2,
              "operator_name": "Regex",
              "filter_mode": 1,
              "field_operator": "And",
              "values": [
                "/base64$"
              ]
            },
            {
              "filter_type": 112,
              "filter_type_name": "Command",
              "operator": 2,
              "operator_name": "Regex",
              "filter_mode": 1,
              "field_operator": "Or",
              "values": [
                "-d"
              ]
            }
          ]
        }
      ],
      "group_by_fields": [
        17
      ]
    }
  ]
}