{
  "name": "Capsh Shell Invocation - Linux",
  "short_desc": "Detects the use of the \"capsh\" utility to invoke a shell.\n",
  "long_desc": "Detects the use of the \"capsh\" utility to invoke a shell.\n\n\nMITRE ATT&CK:\n  Tactics: Execution\n  Techniques: T1059\n\nReferences:\n  - https://gtfobins.github.io/gtfobins/capsh/#shell\n  - https://www.elastic.co/guide/en/security/current/linux-restricted-shell-breakout-via-linux-binary-s.html\n\nFalse Positives:\n  - Unknown\n\nAuthor: Li Ling, Andy Parkidomo, Robert Rakowski, Blake Hartstein (Bloomberg L.P.)\nCreated: 2024-09-02",
  "risk_rating": 7,
  "alarm_enabled": true,
  "rule_enabled": false,
  "blocks": [
    {
      "block_type": "LogObservedRuleBlock",
      "msg_filters": [
        {
          "msg_filter_type": 1,
          "field_filters": [
            {
              "filter_type": 41,
              "filter_type_name": "Process",
              "operator": 2,
              "operator_name": "Regex",
              "filter_mode": 1,
              "field_operator": "And",
              "values": [
                "/capsh$"
              ]
            },
            {
              "filter_type": 112,
              "filter_type_name": "Command",
              "operator": 2,
              "operator_name": "Regex",
              "filter_mode": 1,
              "field_operator": "Or",
              "values": [
                " --$"
              ]
            }
          ]
        }
      ],
      "group_by_fields": [
        17
      ]
    }
  ]
}