{
  "name": "Remove Immutable File Attribute",
  "short_desc": "Detects usage of the 'chattr' utility to remove immutable file attribute.",
  "long_desc": "Detects usage of the 'chattr' utility to remove immutable file attribute.\n\nMITRE ATT&CK:\n  Tactics: Defense Evasion\n  Techniques: T1222.002\n\nReferences:\n  - https://www.trendmicro.com/en_us/research/22/i/how-malicious-actors-abuse-native-linux-tools-in-their-attacks.html\n\nFalse Positives:\n  - Administrator interacting with immutable files (e.g. for instance backups).\n\nAuthor: Nasreddine Bencherchali (Nextron Systems)\nCreated: 2022-09-15",
  "risk_rating": 5,
  "alarm_enabled": true,
  "rule_enabled": false,
  "blocks": [
    {
      "block_type": "LogObservedRuleBlock",
      "msg_filters": [
        {
          "msg_filter_type": 1,
          "field_filters": [
            {
              "filter_type": 41,
              "filter_type_name": "Process",
              "operator": 2,
              "operator_name": "Regex",
              "filter_mode": 1,
              "field_operator": "And",
              "values": [
                "/chattr$"
              ]
            },
            {
              "filter_type": 112,
              "filter_type_name": "Command",
              "operator": 2,
              "operator_name": "Regex",
              "filter_mode": 1,
              "field_operator": "Or",
              "values": [
                " -i "
              ]
            }
          ]
        }
      ],
      "group_by_fields": [
        17
      ]
    }
  ]
}