{
  "name": "Scheduled Task/Job At",
  "short_desc": "Detects the use of at/atd which are utilities that are used to schedule tasks.\nThey are often abused by adversaries to maintain persistence or to perform task scheduling for initial or recurring execution of malicious code\n",
  "long_desc": "Detects the use of at/atd which are utilities that are used to schedule tasks.\nThey are often abused by adversaries to maintain persistence or to perform task scheduling for initial or recurring execution of malicious code\n\n\nMITRE ATT&CK:\n  Tactics: Persistence\n  Techniques: T1053.002\n\nReferences:\n  - https://github.com/redcanaryco/atomic-red-team/blob/f339e7da7d05f6057fdfcdd3742bfcf365fee2a9/atomics/T1053.002/T1053.002.md\n\nFalse Positives:\n  - Legitimate administration activities\n\nAuthor: \u00d6mer G\u00fcnal, oscd.community\nCreated: 2020-10-06\nModified: 2022-07-07",
  "risk_rating": 3,
  "alarm_enabled": true,
  "rule_enabled": false,
  "blocks": [
    {
      "block_type": "LogObservedRuleBlock",
      "msg_filters": [
        {
          "msg_filter_type": 1,
          "field_filters": [
            {
              "filter_type": 41,
              "filter_type_name": "Process",
              "operator": 2,
              "operator_name": "Regex",
              "filter_mode": 1,
              "field_operator": "And",
              "values": [
                "/at$",
                "/atd$"
              ]
            }
          ]
        }
      ],
      "group_by_fields": [
        17
      ]
    }
  ]
}