{
  "name": "DD File Overwrite",
  "short_desc": "Detects potential overwriting and deletion of a file using DD.",
  "long_desc": "Detects potential overwriting and deletion of a file using DD.\n\nMITRE ATT&CK:\n  Tactics: Impact\n  Techniques: T1485\n\nReferences:\n  - https://github.com/redcanaryco/atomic-red-team/blob/f339e7da7d05f6057fdfcdd3742bfcf365fee2a9/atomics/T1485/T1485.md#atomic-test-2---macoslinux---overwrite-file-with-dd\n\nFalse Positives:\n  - Any user deleting files that way.\n\nAuthor: Roberto Rodriguez (Cyb3rWard0g), OTR (Open Threat Research), MSTIC\nCreated: 2021-10-15\nModified: 2022-07-07",
  "risk_rating": 3,
  "alarm_enabled": true,
  "rule_enabled": false,
  "blocks": [
    {
      "block_type": "LogObservedRuleBlock",
      "msg_filters": [
        {
          "msg_filter_type": 1,
          "field_filters": [
            {
              "filter_type": 41,
              "filter_type_name": "Process",
              "operator": 0,
              "operator_name": "Value",
              "filter_mode": 1,
              "field_operator": "And",
              "values": [
                "/bin/dd",
                "/usr/bin/dd"
              ]
            }
          ]
        },
        {
          "msg_filter_type": 1,
          "field_filters": [
            {
              "filter_type": 112,
              "filter_type_name": "Command",
              "operator": 2,
              "operator_name": "Regex",
              "filter_mode": 1,
              "field_operator": "And",
              "values": [
                "of="
              ]
            }
          ]
        },
        {
          "msg_filter_type": 1,
          "field_filters": [
            {
              "filter_type": 112,
              "filter_type_name": "Command",
              "operator": 2,
              "operator_name": "Regex",
              "filter_mode": 1,
              "field_operator": "And",
              "values": [
                "if=/dev/zero",
                "if=/dev/null"
              ]
            }
          ]
        }
      ],
      "group_by_fields": [
        17
      ]
    }
  ]
}