{
  "name": "Bash Interactive Shell",
  "short_desc": "Detects execution of the bash shell with the interactive flag \"-i\".",
  "long_desc": "Detects execution of the bash shell with the interactive flag \"-i\".\n\nMITRE ATT&CK:\n  Tactics: Execution\n\nReferences:\n  - https://pentestmonkey.net/cheat-sheet/shells/reverse-shell-cheat-sheet\n  - https://www.revshells.com/\n  - https://linux.die.net/man/1/bash\n\nFalse Positives:\n  - Unknown\n\nAuthor: @d4ns4n_\nCreated: 2023-04-07",
  "risk_rating": 3,
  "alarm_enabled": true,
  "rule_enabled": false,
  "blocks": [
    {
      "block_type": "LogObservedRuleBlock",
      "msg_filters": [
        {
          "msg_filter_type": 1,
          "field_filters": [
            {
              "filter_type": 41,
              "filter_type_name": "Process",
              "operator": 2,
              "operator_name": "Regex",
              "filter_mode": 1,
              "field_operator": "And",
              "values": [
                "/bash$"
              ]
            },
            {
              "filter_type": 112,
              "filter_type_name": "Command",
              "operator": 2,
              "operator_name": "Regex",
              "filter_mode": 1,
              "field_operator": "Or",
              "values": [
                " -i "
              ]
            }
          ]
        }
      ],
      "group_by_fields": [
        17
      ]
    }
  ]
}