{
  "name": "Pnscan Binary Data Transmission Activity",
  "short_desc": "Detects command line patterns associated with the use of Pnscan for sending and receiving binary data across the network.\nThis behavior has been identified in a Linux malware campaign targeting Docker, Apache Hadoop, Redis, and Confluence and was previous",
  "long_desc": "Detects command line patterns associated with the use of Pnscan for sending and receiving binary data across the network.\nThis behavior has been identified in a Linux malware campaign targeting Docker, Apache Hadoop, Redis, and Confluence and was previously used by the threat actor known as TeamTNT\n\n\nMITRE ATT&CK:\n  Tactics: Discovery\n  Techniques: T1046\n\nReferences:\n  - https://www.cadosecurity.com/blog/spinning-yarn-a-new-linux-malware-campaign-targets-docker-apache-hadoop-redis-and-confluence\n  - https://intezer.com/wp-content/uploads/2021/09/TeamTNT-Cryptomining-Explosion.pdf\n  - https://regex101.com/r/RugQYK/1\n  - https://www.virustotal.com/gui/file/beddf70a7bab805f0c0b69ac0989db6755949f9f68525c08cb874988353f78a9/content\n\nFalse Positives:\n  - Unknown\n\nAuthor: David Burkett (@signalblur)\nCreated: 2024-04-16",
  "risk_rating": 5,
  "alarm_enabled": true,
  "rule_enabled": false,
  "blocks": [
    {
      "block_type": "LogObservedRuleBlock",
      "msg_filters": [
        {
          "msg_filter_type": 1,
          "field_filters": [
            {
              "filter_type": 112,
              "filter_type_name": "Command",
              "operator": 2,
              "operator_name": "Regex",
              "filter_mode": 1,
              "field_operator": "And",
              "values": [
                "-\\(W\\\\|R\\)\\\\s.\\(\\\\s\\\\|\"\\\\|'\\)\\(\\\\[0-9a-fA-F\\\\]\\\\{2\\\\}\\\\s.\\)\\\\{2,20\\\\}\\(\\\\s\\\\|\"\\\\|'\\)"
              ]
            }
          ]
        }
      ],
      "group_by_fields": [
        17
      ]
    }
  ]
}