{
  "name": "Potential PHP Reverse Shell",
  "short_desc": "Detects usage of the PHP CLI with the \"-r\" flag which allows it to run inline PHP code. The rule looks for calls to the \"fsockopen\" function which allows the creation of sockets.\nAttackers often leverage this in combination with functions such as \"exec\" o",
  "long_desc": "Detects usage of the PHP CLI with the \"-r\" flag which allows it to run inline PHP code. The rule looks for calls to the \"fsockopen\" function which allows the creation of sockets.\nAttackers often leverage this in combination with functions such as \"exec\" or \"fopen\" to initiate a reverse shell connection.\n\n\nMITRE ATT&CK:\n  Tactics: Execution\n\nReferences:\n  - https://pentestmonkey.net/cheat-sheet/shells/reverse-shell-cheat-sheet\n  - https://www.revshells.com/\n\nFalse Positives:\n  - Unknown\n\nAuthor: @d4ns4n_\nCreated: 2023-04-07",
  "risk_rating": 7,
  "alarm_enabled": true,
  "rule_enabled": false,
  "blocks": [
    {
      "block_type": "LogObservedRuleBlock",
      "msg_filters": [
        {
          "msg_filter_type": 1,
          "field_filters": [
            {
              "filter_type": 41,
              "filter_type_name": "Process",
              "operator": 2,
              "operator_name": "Regex",
              "filter_mode": 1,
              "field_operator": "And",
              "values": [
                "/php"
              ]
            },
            {
              "filter_type": 112,
              "filter_type_name": "Command",
              "operator": 2,
              "operator_name": "Regex",
              "filter_mode": 1,
              "field_operator": "Or",
              "values": [
                " -r ",
                "fsockopen"
              ]
            },
            {
              "filter_type": 112,
              "filter_type_name": "Command",
              "operator": 2,
              "operator_name": "Regex",
              "filter_mode": 1,
              "field_operator": "Or",
              "values": [
                "ash",
                "bash",
                "bsh",
                "csh",
                "ksh",
                "pdksh",
                "sh",
                "tcsh",
                "zsh"
              ]
            }
          ]
        }
      ],
      "group_by_fields": [
        17
      ]
    }
  ]
}