{
  "name": "ESXi Account Creation Via ESXCLI",
  "short_desc": "Detects user account creation on ESXi system via esxcli",
  "long_desc": "Detects user account creation on ESXi system via esxcli\n\nMITRE ATT&CK:\n  Tactics: Persistence, Execution\n  Techniques: T1136, T1059.012\n\nReferences:\n  - https://developer.broadcom.com/xapis/esxcli-command-reference/7.0.0/namespace/esxcli_system.html\n\nFalse Positives:\n  - Legitimate administration activities\n\nAuthor: Cedric Maurugeon\nCreated: 2023-08-22",
  "risk_rating": 5,
  "alarm_enabled": true,
  "rule_enabled": false,
  "blocks": [
    {
      "block_type": "LogObservedRuleBlock",
      "msg_filters": [
        {
          "msg_filter_type": 1,
          "field_filters": [
            {
              "filter_type": 41,
              "filter_type_name": "Process",
              "operator": 2,
              "operator_name": "Regex",
              "filter_mode": 1,
              "field_operator": "And",
              "values": [
                "/esxcli$"
              ]
            },
            {
              "filter_type": 112,
              "filter_type_name": "Command",
              "operator": 2,
              "operator_name": "Regex",
              "filter_mode": 1,
              "field_operator": "Or",
              "values": [
                "system ",
                "account ",
                "add "
              ]
            }
          ]
        }
      ],
      "group_by_fields": [
        17
      ]
    }
  ]
}