{
  "name": "Linux Doas Tool Execution",
  "short_desc": "Detects the doas tool execution in linux host platform. This utility tool allow standard users to perform tasks as root, the same way sudo does.",
  "long_desc": "Detects the doas tool execution in linux host platform. This utility tool allow standard users to perform tasks as root, the same way sudo does.\n\nMITRE ATT&CK:\n  Tactics: Privilege Escalation\n  Techniques: T1548\n\nReferences:\n  - https://research.splunk.com/endpoint/linux_doas_tool_execution/\n  - https://www.makeuseof.com/how-to-install-and-use-doas/\n\nFalse Positives:\n  - Unlikely\n\nAuthor: Sittikorn S, Teoderick Contreras\nCreated: 2022-01-20",
  "risk_rating": 3,
  "alarm_enabled": true,
  "rule_enabled": false,
  "blocks": [
    {
      "block_type": "LogObservedRuleBlock",
      "msg_filters": [
        {
          "msg_filter_type": 1,
          "field_filters": [
            {
              "filter_type": 41,
              "filter_type_name": "Process",
              "operator": 2,
              "operator_name": "Regex",
              "filter_mode": 1,
              "field_operator": "And",
              "values": [
                "/doas$"
              ]
            }
          ]
        }
      ],
      "group_by_fields": [
        17
      ]
    }
  ]
}