{
  "name": "Linux Crypto Mining Indicators",
  "short_desc": "Detects command line parameters or strings often used by crypto miners",
  "long_desc": "Detects command line parameters or strings often used by crypto miners\n\nMITRE ATT&CK:\n  Tactics: Impact\n  Techniques: T1496\n\nReferences:\n  - https://www.poolwatch.io/coin/monero\n\nFalse Positives:\n  - Legitimate use of crypto miners\n\nAuthor: Florian Roth (Nextron Systems)\nCreated: 2021-10-26\nModified: 2022-12-25",
  "risk_rating": 7,
  "alarm_enabled": true,
  "rule_enabled": false,
  "blocks": [
    {
      "block_type": "LogObservedRuleBlock",
      "msg_filters": [
        {
          "msg_filter_type": 1,
          "field_filters": [
            {
              "filter_type": 112,
              "filter_type_name": "Command",
              "operator": 2,
              "operator_name": "Regex",
              "filter_mode": 1,
              "field_operator": "And",
              "values": [
                " --cpu-priority=",
                "--donate-level=0",
                " -o pool\\\\.",
                " --nicehash",
                " --algo=rx/0 ",
                "stratum\\\\+tcp://",
                "stratum\\\\+udp://",
                "sh -c /sbin/modprobe msr allow_writes=on",
                "LS1kb25hdGUtbGV2ZWw9",
                "0tZG9uYXRlLWxldmVsP",
                "tLWRvbmF0ZS1sZXZlbD",
                "c3RyYXR1bSt0Y3A6Ly",
                "N0cmF0dW0rdGNwOi8v",
                "zdHJhdHVtK3RjcDovL",
                "c3RyYXR1bSt1ZHA6Ly",
                "N0cmF0dW0rdWRwOi8v",
                "zdHJhdHVtK3VkcDovL"
              ]
            }
          ]
        }
      ],
      "group_by_fields": [
        17
      ]
    }
  ]
}