{
  "name": "Capabilities Discovery - Linux",
  "short_desc": "Detects usage of \"getcap\" binary. This is often used during recon activity to determine potential binaries that can be abused as GTFOBins or other.",
  "long_desc": "Detects usage of \"getcap\" binary. This is often used during recon activity to determine potential binaries that can be abused as GTFOBins or other.\n\nMITRE ATT&CK:\n  Tactics: Discovery\n  Techniques: T1083\n\nReferences:\n  - https://github.com/SaiSathvik1/Linux-Privilege-Escalation-Notes\n  - https://github.com/carlospolop/PEASS-ng\n  - https://github.com/diego-treitos/linux-smart-enumeration\n\nFalse Positives:\n  - Unknown\n\nAuthor: Nasreddine Bencherchali (Nextron Systems)\nCreated: 2022-12-28\nModified: 2024-03-05",
  "risk_rating": 3,
  "alarm_enabled": true,
  "rule_enabled": false,
  "blocks": [
    {
      "block_type": "LogObservedRuleBlock",
      "msg_filters": [
        {
          "msg_filter_type": 1,
          "field_filters": [
            {
              "filter_type": 41,
              "filter_type_name": "Process",
              "operator": 2,
              "operator_name": "Regex",
              "filter_mode": 1,
              "field_operator": "And",
              "values": [
                "/getcap$"
              ]
            },
            {
              "filter_type": 112,
              "filter_type_name": "Command",
              "operator": 2,
              "operator_name": "Regex",
              "filter_mode": 1,
              "field_operator": "Or",
              "values": [
                " -r "
              ]
            }
          ]
        }
      ],
      "group_by_fields": [
        17
      ]
    }
  ]
}