{
  "name": "Python Spawning Pretty TTY Via PTY Module",
  "short_desc": "Detects a python process calling to the PTY module in order to spawn a pretty tty which could be indicative of potential reverse shell activity.\n",
  "long_desc": "Detects a python process calling to the PTY module in order to spawn a pretty tty which could be indicative of potential reverse shell activity.\n\n\nMITRE ATT&CK:\n  Tactics: Execution\n  Techniques: T1059\n\nReferences:\n  - https://www.volexity.com/blog/2022/06/02/zero-day-exploitation-of-atlassian-confluence/\n\nFalse Positives:\n  - Unknown\n\nAuthor: Nextron Systems\nCreated: 2022-06-03\nModified: 2024-11-04",
  "risk_rating": 5,
  "alarm_enabled": true,
  "rule_enabled": false,
  "blocks": [
    {
      "block_type": "LogObservedRuleBlock",
      "msg_filters": [
        {
          "msg_filter_type": 1,
          "field_filters": [
            {
              "filter_type": 41,
              "filter_type_name": "Process",
              "operator": 2,
              "operator_name": "Regex",
              "filter_mode": 1,
              "field_operator": "And",
              "values": [
                "/python$",
                "/python2$",
                "/python3$"
              ]
            },
            {
              "filter_type": 41,
              "filter_type_name": "Process",
              "operator": 2,
              "operator_name": "Regex",
              "filter_mode": 1,
              "field_operator": "And",
              "values": [
                "/python2\\\\.",
                "/python3\\\\."
              ]
            }
          ]
        },
        {
          "msg_filter_type": 1,
          "field_filters": [
            {
              "filter_type": 112,
              "filter_type_name": "Command",
              "operator": 2,
              "operator_name": "Regex",
              "filter_mode": 1,
              "field_operator": "And",
              "values": [
                "import pty",
                "from pty "
              ]
            }
          ]
        },
        {
          "msg_filter_type": 1,
          "field_filters": [
            {
              "filter_type": 112,
              "filter_type_name": "Command",
              "operator": 2,
              "operator_name": "Regex",
              "filter_mode": 1,
              "field_operator": "And",
              "values": [
                "spawn"
              ]
            }
          ]
        }
      ],
      "group_by_fields": [
        17
      ]
    }
  ]
}