{
  "name": "Flush Iptables Ufw Chain",
  "short_desc": "Detect use of iptables to flush all firewall rules, tables and chains and allow all network traffic",
  "long_desc": "Detect use of iptables to flush all firewall rules, tables and chains and allow all network traffic\n\nMITRE ATT&CK:\n  Tactics: Defense Evasion\n  Techniques: T1562.004\n\nReferences:\n  - https://blogs.blackberry.com/\n  - https://www.cyberciti.biz/tips/linux-iptables-how-to-flush-all-rules.html\n  - https://twitter.com/Joseliyo_Jstnk/status/1620131033474822144\n\nFalse Positives:\n  - Network administrators\n\nAuthor: Joseliyo Sanchez, @Joseliyo_Jstnk\nCreated: 2023-01-18",
  "risk_rating": 5,
  "alarm_enabled": true,
  "rule_enabled": false,
  "blocks": [
    {
      "block_type": "LogObservedRuleBlock",
      "msg_filters": [
        {
          "msg_filter_type": 1,
          "field_filters": [
            {
              "filter_type": 41,
              "filter_type_name": "Process",
              "operator": 2,
              "operator_name": "Regex",
              "filter_mode": 1,
              "field_operator": "And",
              "values": [
                "/iptables$",
                "/xtables-legacy-multi$",
                "/iptables-legacy-multi$",
                "/ip6tables$",
                "/ip6tables-legacy-multi$"
              ]
            }
          ]
        },
        {
          "msg_filter_type": 1,
          "field_filters": [
            {
              "filter_type": 112,
              "filter_type_name": "Command",
              "operator": 2,
              "operator_name": "Regex",
              "filter_mode": 1,
              "field_operator": "And",
              "values": [
                "-F",
                "-Z",
                "-X"
              ]
            }
          ]
        },
        {
          "msg_filter_type": 1,
          "field_filters": [
            {
              "filter_type": 112,
              "filter_type_name": "Command",
              "operator": 2,
              "operator_name": "Regex",
              "filter_mode": 1,
              "field_operator": "And",
              "values": [
                "ufw-logging-deny",
                "ufw-logging-allow",
                "ufw6-logging-deny",
                "ufw6-logging-allow"
              ]
            }
          ]
        }
      ],
      "group_by_fields": [
        17
      ]
    }
  ]
}