{
  "name": "Linux Base64 Encoded Pipe to Shell",
  "short_desc": "Detects suspicious process command line that uses base64 encoded input for execution with a shell",
  "long_desc": "Detects suspicious process command line that uses base64 encoded input for execution with a shell\n\nMITRE ATT&CK:\n  Tactics: Defense Evasion\n  Techniques: T1140\n\nReferences:\n  - https://github.com/arget13/DDexec\n  - https://www.mandiant.com/resources/blog/barracuda-esg-exploited-globally\n\nFalse Positives:\n  - Legitimate administration activities\n\nAuthor: pH-T (Nextron Systems)\nCreated: 2022-07-26\nModified: 2023-06-16",
  "risk_rating": 5,
  "alarm_enabled": true,
  "rule_enabled": false,
  "blocks": [
    {
      "block_type": "LogObservedRuleBlock",
      "msg_filters": [
        {
          "msg_filter_type": 1,
          "field_filters": [
            {
              "filter_type": 112,
              "filter_type_name": "Command",
              "operator": 2,
              "operator_name": "Regex",
              "filter_mode": 1,
              "field_operator": "And",
              "values": [
                "base64 "
              ]
            }
          ]
        },
        {
          "msg_filter_type": 1,
          "field_filters": [
            {
              "filter_type": 112,
              "filter_type_name": "Command",
              "operator": 2,
              "operator_name": "Regex",
              "filter_mode": 1,
              "field_operator": "And",
              "values": [
                "\\\\| bash ",
                "\\\\| sh ",
                "\\\\|bash ",
                "\\\\|sh "
              ]
            },
            {
              "filter_type": 112,
              "filter_type_name": "Command",
              "operator": 2,
              "operator_name": "Regex",
              "filter_mode": 1,
              "field_operator": "And",
              "values": [
                " \\|sh$",
                "\\| bash$",
                "\\| sh$",
                "\\|bash$"
              ]
            }
          ]
        }
      ],
      "group_by_fields": [
        17
      ]
    }
  ]
}