{
  "name": "Ufw Force Stop Using Ufw-Init",
  "short_desc": "Detects attempts to force stop the ufw using ufw-init",
  "long_desc": "Detects attempts to force stop the ufw using ufw-init\n\nMITRE ATT&CK:\n  Tactics: Defense Evasion\n  Techniques: T1562.004\n\nReferences:\n  - https://blogs.blackberry.com/\n  - https://twitter.com/Joseliyo_Jstnk/status/1620131033474822144\n\nFalse Positives:\n  - Network administrators\n\nAuthor: Joseliyo Sanchez, @Joseliyo_Jstnk\nCreated: 2023-01-18",
  "risk_rating": 5,
  "alarm_enabled": true,
  "rule_enabled": false,
  "blocks": [
    {
      "block_type": "LogObservedRuleBlock",
      "msg_filters": [
        {
          "msg_filter_type": 1,
          "field_filters": [
            {
              "filter_type": 112,
              "filter_type_name": "Command",
              "operator": 2,
              "operator_name": "Regex",
              "filter_mode": 1,
              "field_operator": "And",
              "values": [
                "-ufw-init",
                "force-stop"
              ]
            },
            {
              "filter_type": 112,
              "filter_type_name": "Command",
              "operator": 2,
              "operator_name": "Regex",
              "filter_mode": 1,
              "field_operator": "Or",
              "values": [
                "ufw",
                "disable"
              ]
            }
          ]
        }
      ],
      "group_by_fields": [
        17
      ]
    }
  ]
}