{
  "name": "ESXi Admin Permission Assigned To Account Via ESXCLI",
  "short_desc": "Detects execution of the \"esxcli\" command with the \"system\" and \"permission\" flags in order to assign admin permissions to an account.",
  "long_desc": "Detects execution of the \"esxcli\" command with the \"system\" and \"permission\" flags in order to assign admin permissions to an account.\n\nMITRE ATT&CK:\n  Tactics: Execution, Privilege Escalation\n  Techniques: T1059.012, T1098\n\nReferences:\n  - https://developer.broadcom.com/xapis/esxcli-command-reference/7.0.0/namespace/esxcli_system.html\n\nFalse Positives:\n  - Legitimate administration activities\n\nAuthor: Nasreddine Bencherchali (Nextron Systems)\nCreated: 2023-09-04",
  "risk_rating": 7,
  "alarm_enabled": true,
  "rule_enabled": false,
  "blocks": [
    {
      "block_type": "LogObservedRuleBlock",
      "msg_filters": [
        {
          "msg_filter_type": 1,
          "field_filters": [
            {
              "filter_type": 41,
              "filter_type_name": "Process",
              "operator": 2,
              "operator_name": "Regex",
              "filter_mode": 1,
              "field_operator": "And",
              "values": [
                "/esxcli$"
              ]
            },
            {
              "filter_type": 112,
              "filter_type_name": "Command",
              "operator": 2,
              "operator_name": "Regex",
              "filter_mode": 1,
              "field_operator": "Or",
              "values": [
                "system"
              ]
            },
            {
              "filter_type": 112,
              "filter_type_name": "Command",
              "operator": 2,
              "operator_name": "Regex",
              "filter_mode": 1,
              "field_operator": "Or",
              "values": [
                " permission ",
                " set",
                "Admin"
              ]
            }
          ]
        }
      ],
      "group_by_fields": [
        17
      ]
    }
  ]
}