{
  "name": "Local Groups Discovery - Linux",
  "short_desc": "Detects enumeration of local system groups. Adversaries may attempt to find local system groups and permission settings",
  "long_desc": "Detects enumeration of local system groups. Adversaries may attempt to find local system groups and permission settings\n\nMITRE ATT&CK:\n  Tactics: Discovery\n  Techniques: T1069.001\n\nReferences:\n  - https://github.com/redcanaryco/atomic-red-team/blob/f339e7da7d05f6057fdfcdd3742bfcf365fee2a9/atomics/T1069.001/T1069.001.md\n\nFalse Positives:\n  - Legitimate administration activities\n\nAuthor: \u00d6mer G\u00fcnal, Alejandro Ortuno, oscd.community\nCreated: 2020-10-11\nModified: 2025-06-04",
  "risk_rating": 3,
  "alarm_enabled": true,
  "rule_enabled": false,
  "blocks": [
    {
      "block_type": "LogObservedRuleBlock",
      "msg_filters": [
        {
          "msg_filter_type": 1,
          "field_filters": [
            {
              "filter_type": 41,
              "filter_type_name": "Process",
              "operator": 2,
              "operator_name": "Regex",
              "filter_mode": 1,
              "field_operator": "And",
              "values": [
                "/groups$"
              ]
            },
            {
              "filter_type": 41,
              "filter_type_name": "Process",
              "operator": 2,
              "operator_name": "Regex",
              "filter_mode": 1,
              "field_operator": "Or",
              "values": [
                "/cat$",
                "/ed$",
                "/head$",
                "/less$",
                "/more$",
                "/nano$",
                "/tail$",
                "/vi$",
                "/vim$"
              ]
            },
            {
              "filter_type": 112,
              "filter_type_name": "Command",
              "operator": 2,
              "operator_name": "Regex",
              "filter_mode": 1,
              "field_operator": "Or",
              "values": [
                "/etc/group"
              ]
            }
          ]
        }
      ],
      "group_by_fields": [
        17
      ]
    }
  ]
}