{
  "name": "Shell Execution GCC  - Linux",
  "short_desc": "Detects the use of the \"gcc\" utility to execute a shell. Such behavior may be associated with privilege escalation, unauthorized command execution, or to break out from restricted environments.\n",
  "long_desc": "Detects the use of the \"gcc\" utility to execute a shell. Such behavior may be associated with privilege escalation, unauthorized command execution, or to break out from restricted environments.\n\n\nMITRE ATT&CK:\n  Tactics: Discovery\n  Techniques: T1083\n\nReferences:\n  - https://gtfobins.github.io/gtfobins/gcc/#shell\n  - https://gtfobins.github.io/gtfobins/c89/#shell\n  - https://gtfobins.github.io/gtfobins/c99/#shell\n  - https://www.elastic.co/guide/en/security/current/linux-restricted-shell-breakout-via-linux-binary-s.html\n\nFalse Positives:\n  - Unknown\n\nAuthor: Li Ling, Andy Parkidomo, Robert Rakowski, Blake Hartstein (Bloomberg L.P.)\nCreated: 2024-09-02",
  "risk_rating": 7,
  "alarm_enabled": true,
  "rule_enabled": false,
  "blocks": [
    {
      "block_type": "LogObservedRuleBlock",
      "msg_filters": [
        {
          "msg_filter_type": 1,
          "field_filters": [
            {
              "filter_type": 41,
              "filter_type_name": "Process",
              "operator": 2,
              "operator_name": "Regex",
              "filter_mode": 1,
              "field_operator": "And",
              "values": [
                "/c89$",
                "/c99$",
                "/gcc$"
              ]
            },
            {
              "filter_type": 112,
              "filter_type_name": "Command",
              "operator": 2,
              "operator_name": "Regex",
              "filter_mode": 1,
              "field_operator": "And",
              "values": [
                "-wrapper"
              ]
            }
          ]
        },
        {
          "msg_filter_type": 1,
          "field_filters": [
            {
              "filter_type": 112,
              "filter_type_name": "Command",
              "operator": 2,
              "operator_name": "Regex",
              "filter_mode": 1,
              "field_operator": "And",
              "values": [
                "/bin/bash,-s",
                "/bin/dash,-s",
                "/bin/fish,-s",
                "/bin/sh,-s",
                "/bin/zsh,-s"
              ]
            }
          ]
        }
      ],
      "group_by_fields": [
        17
      ]
    }
  ]
}