{
  "name": "Copy Passwd Or Shadow From TMP Path",
  "short_desc": "Detects when the file \"passwd\" or \"shadow\" is copied from tmp path",
  "long_desc": "Detects when the file \"passwd\" or \"shadow\" is copied from tmp path\n\nMITRE ATT&CK:\n  Tactics: Credential Access\n  Techniques: T1552.001\n\nReferences:\n  - https://blogs.blackberry.com/\n  - https://twitter.com/Joseliyo_Jstnk/status/1620131033474822144\n\nFalse Positives:\n  - Unknown\n\nAuthor: Joseliyo Sanchez, @Joseliyo_Jstnk\nCreated: 2023-01-31",
  "risk_rating": 7,
  "alarm_enabled": true,
  "rule_enabled": false,
  "blocks": [
    {
      "block_type": "LogObservedRuleBlock",
      "msg_filters": [
        {
          "msg_filter_type": 1,
          "field_filters": [
            {
              "filter_type": 41,
              "filter_type_name": "Process",
              "operator": 2,
              "operator_name": "Regex",
              "filter_mode": 1,
              "field_operator": "And",
              "values": [
                "/cp$"
              ]
            }
          ]
        },
        {
          "msg_filter_type": 1,
          "field_filters": [
            {
              "filter_type": 112,
              "filter_type_name": "Command",
              "operator": 2,
              "operator_name": "Regex",
              "filter_mode": 1,
              "field_operator": "And",
              "values": [
                "/tmp/"
              ]
            }
          ]
        },
        {
          "msg_filter_type": 1,
          "field_filters": [
            {
              "filter_type": 112,
              "filter_type_name": "Command",
              "operator": 2,
              "operator_name": "Regex",
              "filter_mode": 1,
              "field_operator": "And",
              "values": [
                "passwd",
                "shadow"
              ]
            }
          ]
        }
      ],
      "group_by_fields": [
        17
      ]
    }
  ]
}