{
  "name": "Potential Perl Reverse Shell Execution",
  "short_desc": "Detects execution of the perl binary with the \"-e\" flag and common strings related to potential reverse shell activity",
  "long_desc": "Detects execution of the perl binary with the \"-e\" flag and common strings related to potential reverse shell activity\n\nMITRE ATT&CK:\n  Tactics: Execution\n\nReferences:\n  - https://pentestmonkey.net/cheat-sheet/shells/reverse-shell-cheat-sheet\n  - https://www.revshells.com/\n\nFalse Positives:\n  - Unlikely\n\nAuthor: @d4ns4n_, Nasreddine Bencherchali (Nextron Systems)\nCreated: 2023-04-07",
  "risk_rating": 7,
  "alarm_enabled": true,
  "rule_enabled": false,
  "blocks": [
    {
      "block_type": "LogObservedRuleBlock",
      "msg_filters": [
        {
          "msg_filter_type": 1,
          "field_filters": [
            {
              "filter_type": 41,
              "filter_type_name": "Process",
              "operator": 2,
              "operator_name": "Regex",
              "filter_mode": 1,
              "field_operator": "And",
              "values": [
                "/perl$"
              ]
            },
            {
              "filter_type": 112,
              "filter_type_name": "Command",
              "operator": 2,
              "operator_name": "Regex",
              "filter_mode": 1,
              "field_operator": "And",
              "values": [
                " -e "
              ]
            }
          ]
        },
        {
          "msg_filter_type": 1,
          "field_filters": [
            {
              "filter_type": 112,
              "filter_type_name": "Command",
              "operator": 2,
              "operator_name": "Regex",
              "filter_mode": 1,
              "field_operator": "And",
              "values": [
                "fdopen(",
                "::Socket::INET",
                "Socket",
                "connect",
                "open",
                "exec"
              ]
            }
          ]
        }
      ],
      "group_by_fields": [
        17
      ]
    }
  ]
}