{
  "name": "Suspicious Invocation of Shell via AWK - Linux",
  "short_desc": "Detects the execution of \"awk\" or it's sibling commands, to invoke a shell using the system() function.\nThis behavior is commonly associated with attempts to execute arbitrary commands or escalate privileges, potentially leading to unauthorized access or ",
  "long_desc": "Detects the execution of \"awk\" or it's sibling commands, to invoke a shell using the system() function.\nThis behavior is commonly associated with attempts to execute arbitrary commands or escalate privileges, potentially leading to unauthorized access or further exploitation.\n\n\nMITRE ATT&CK:\n  Tactics: Execution\n  Techniques: T1059\n\nReferences:\n  - https://gtfobins.github.io/gtfobins/awk/#shell\n  - https://gtfobins.github.io/gtfobins/gawk/#shell\n  - https://gtfobins.github.io/gtfobins/nawk/#shell\n  - https://gtfobins.github.io/gtfobins/mawk/#shell\n\nFalse Positives:\n  - Unknown\n\nAuthor: Li Ling, Andy Parkidomo, Robert Rakowski, Blake Hartstein (Bloomberg L.P.)\nCreated: 2024-09-02",
  "risk_rating": 7,
  "alarm_enabled": true,
  "rule_enabled": false,
  "blocks": [
    {
      "block_type": "LogObservedRuleBlock",
      "msg_filters": [
        {
          "msg_filter_type": 1,
          "field_filters": [
            {
              "filter_type": 41,
              "filter_type_name": "Process",
              "operator": 2,
              "operator_name": "Regex",
              "filter_mode": 1,
              "field_operator": "And",
              "values": [
                "/awk$",
                "/gawk$",
                "/mawk$",
                "/nawk$"
              ]
            },
            {
              "filter_type": 112,
              "filter_type_name": "Command",
              "operator": 2,
              "operator_name": "Regex",
              "filter_mode": 1,
              "field_operator": "And",
              "values": [
                "BEGIN \\\\{system"
              ]
            }
          ]
        },
        {
          "msg_filter_type": 1,
          "field_filters": [
            {
              "filter_type": 112,
              "filter_type_name": "Command",
              "operator": 2,
              "operator_name": "Regex",
              "filter_mode": 1,
              "field_operator": "And",
              "values": [
                "/bin/bash",
                "/bin/dash",
                "/bin/fish",
                "/bin/sh",
                "/bin/zsh"
              ]
            }
          ]
        }
      ],
      "group_by_fields": [
        17
      ]
    }
  ]
}