{
  "name": "Potential Netcat Reverse Shell Execution",
  "short_desc": "Detects execution of netcat with the \"-e\" flag followed by common shells. This could be a sign of a potential reverse shell setup.",
  "long_desc": "Detects execution of netcat with the \"-e\" flag followed by common shells. This could be a sign of a potential reverse shell setup.\n\nMITRE ATT&CK:\n  Tactics: Execution\n  Techniques: T1059\n\nReferences:\n  - https://pentestmonkey.net/cheat-sheet/shells/reverse-shell-cheat-sheet\n  - https://www.revshells.com/\n  - https://www.hackingtutorials.org/networking/hacking-netcat-part-2-bind-reverse-shells/\n  - https://www.infosecademy.com/netcat-reverse-shells/\n  - https://man7.org/linux/man-pages/man1/ncat.1.html\n\nFalse Positives:\n  - Unlikely\n\nAuthor: @d4ns4n_, Nasreddine Bencherchali (Nextron Systems)\nCreated: 2023-04-07",
  "risk_rating": 7,
  "alarm_enabled": true,
  "rule_enabled": false,
  "blocks": [
    {
      "block_type": "LogObservedRuleBlock",
      "msg_filters": [
        {
          "msg_filter_type": 1,
          "field_filters": [
            {
              "filter_type": 41,
              "filter_type_name": "Process",
              "operator": 2,
              "operator_name": "Regex",
              "filter_mode": 1,
              "field_operator": "And",
              "values": [
                "/nc$",
                "/ncat$"
              ]
            }
          ]
        },
        {
          "msg_filter_type": 1,
          "field_filters": [
            {
              "filter_type": 112,
              "filter_type_name": "Command",
              "operator": 2,
              "operator_name": "Regex",
              "filter_mode": 1,
              "field_operator": "And",
              "values": [
                " -c ",
                " -e "
              ]
            }
          ]
        },
        {
          "msg_filter_type": 1,
          "field_filters": [
            {
              "filter_type": 112,
              "filter_type_name": "Command",
              "operator": 2,
              "operator_name": "Regex",
              "filter_mode": 1,
              "field_operator": "And",
              "values": [
                " ash",
                " bash",
                " bsh",
                " csh",
                " ksh",
                " pdksh",
                " sh",
                " tcsh",
                "/bin/ash",
                "/bin/bash",
                "/bin/bsh",
                "/bin/csh",
                "/bin/ksh",
                "/bin/pdksh",
                "/bin/sh",
                "/bin/tcsh",
                "/bin/zsh",
                "\\\\$IFSash",
                "\\\\$IFSbash",
                "\\\\$IFSbsh",
                "\\\\$IFScsh",
                "\\\\$IFSksh",
                "\\\\$IFSpdksh",
                "\\\\$IFSsh",
                "\\\\$IFStcsh",
                "\\\\$IFSzsh"
              ]
            }
          ]
        }
      ],
      "group_by_fields": [
        17
      ]
    }
  ]
}