{
  "name": "Potentially Suspicious Named Pipe Created Via Mkfifo",
  "short_desc": "Detects the creation of a new named pipe using the \"mkfifo\" utility in a potentially suspicious location",
  "long_desc": "Detects the creation of a new named pipe using the \"mkfifo\" utility in a potentially suspicious location\n\nMITRE ATT&CK:\n  Tactics: Execution\n\nReferences:\n  - https://dev.to/0xbf/use-mkfifo-to-create-named-pipe-linux-tips-5bbk\n  - https://www.mandiant.com/resources/blog/barracuda-esg-exploited-globally\n\nFalse Positives:\n  - Unknown\n\nAuthor: Nasreddine Bencherchali (Nextron Systems)\nCreated: 2023-06-16",
  "risk_rating": 5,
  "alarm_enabled": true,
  "rule_enabled": false,
  "blocks": [
    {
      "block_type": "LogObservedRuleBlock",
      "msg_filters": [
        {
          "msg_filter_type": 1,
          "field_filters": [
            {
              "filter_type": 41,
              "filter_type_name": "Process",
              "operator": 2,
              "operator_name": "Regex",
              "filter_mode": 1,
              "field_operator": "And",
              "values": [
                "/mkfifo$"
              ]
            },
            {
              "filter_type": 112,
              "filter_type_name": "Command",
              "operator": 2,
              "operator_name": "Regex",
              "filter_mode": 1,
              "field_operator": "Or",
              "values": [
                " /tmp/"
              ]
            }
          ]
        }
      ],
      "group_by_fields": [
        17
      ]
    }
  ]
}