{
  "name": "Install Root Certificate",
  "short_desc": "Detects installation of new certificate on the system which attackers may use to avoid warnings when connecting to controlled web servers or C2s",
  "long_desc": "Detects installation of new certificate on the system which attackers may use to avoid warnings when connecting to controlled web servers or C2s\n\nMITRE ATT&CK:\n  Tactics: Defense Evasion\n  Techniques: T1553.004\n\nReferences:\n  - https://github.com/redcanaryco/atomic-red-team/blob/f339e7da7d05f6057fdfcdd3742bfcf365fee2a9/atomics/T1553.004/T1553.004.md\n\nFalse Positives:\n  - Legitimate administration activities\n\nAuthor: \u00d6mer G\u00fcnal, oscd.community\nCreated: 2020-10-05\nModified: 2022-07-07",
  "risk_rating": 3,
  "alarm_enabled": true,
  "rule_enabled": false,
  "blocks": [
    {
      "block_type": "LogObservedRuleBlock",
      "msg_filters": [
        {
          "msg_filter_type": 1,
          "field_filters": [
            {
              "filter_type": 41,
              "filter_type_name": "Process",
              "operator": 2,
              "operator_name": "Regex",
              "filter_mode": 1,
              "field_operator": "And",
              "values": [
                "/update-ca-certificates$",
                "/update-ca-trust$"
              ]
            }
          ]
        }
      ],
      "group_by_fields": [
        17
      ]
    }
  ]
}