{
  "name": "Apache Spark Shell Command Injection - ProcessCreation",
  "short_desc": "Detects attempts to exploit an apache spark server via CVE-2014-6287 from a commandline perspective",
  "long_desc": "Detects attempts to exploit an apache spark server via CVE-2014-6287 from a commandline perspective\n\nMITRE ATT&CK:\n  Tactics: Initial Access\n  Techniques: T1190\n\nReferences:\n  - https://github.com/W01fh4cker/cve-2022-33891/blob/fd973b56e78bca8822caa3a2e3cf1b5aff5d0950/cve_2022_33891_poc.py\n  - https://sumsec.me/2022/CVE-2022-33891%20Apache%20Spark%20shell%20command%20injection.html\n  - https://github.com/apache/spark/pull/36315/files\n\nFalse Positives:\n  - Unlikely\n\nAuthor: Nasreddine Bencherchali (Nextron Systems)\nCreated: 2022-07-20",
  "risk_rating": 7,
  "alarm_enabled": true,
  "rule_enabled": false,
  "blocks": [
    {
      "block_type": "LogObservedRuleBlock",
      "msg_filters": [
        {
          "msg_filter_type": 1,
          "field_filters": [
            {
              "filter_type": 146,
              "filter_type_name": "ParentProcessName",
              "operator": 2,
              "operator_name": "Regex",
              "filter_mode": 1,
              "field_operator": "And",
              "values": [
                "bash$"
              ]
            },
            {
              "filter_type": 112,
              "filter_type_name": "Command",
              "operator": 2,
              "operator_name": "Regex",
              "filter_mode": 1,
              "field_operator": "Or",
              "values": [
                "id -Gn `",
                "id -Gn '"
              ]
            }
          ]
        }
      ],
      "group_by_fields": [
        17
      ]
    }
  ]
}