{
  "name": "Remove Scheduled Cron Task/Job",
  "short_desc": "Detects usage of the 'crontab' utility to remove the current crontab.\nThis is a common occurrence where cryptocurrency miners compete against each other by removing traces of other miners to hijack the maximum amount of resources possible\n",
  "long_desc": "Detects usage of the 'crontab' utility to remove the current crontab.\nThis is a common occurrence where cryptocurrency miners compete against each other by removing traces of other miners to hijack the maximum amount of resources possible\n\n\nMITRE ATT&CK:\n  Tactics: Defense Evasion\n\nReferences:\n  - https://www.trendmicro.com/en_us/research/22/i/how-malicious-actors-abuse-native-linux-tools-in-their-attacks.html\n\nFalse Positives:\n  - Unknown\n\nAuthor: Nasreddine Bencherchali (Nextron Systems)\nCreated: 2022-09-15",
  "risk_rating": 5,
  "alarm_enabled": true,
  "rule_enabled": false,
  "blocks": [
    {
      "block_type": "LogObservedRuleBlock",
      "msg_filters": [
        {
          "msg_filter_type": 1,
          "field_filters": [
            {
              "filter_type": 41,
              "filter_type_name": "Process",
              "operator": 2,
              "operator_name": "Regex",
              "filter_mode": 1,
              "field_operator": "And",
              "values": [
                "crontab$"
              ]
            },
            {
              "filter_type": 112,
              "filter_type_name": "Command",
              "operator": 2,
              "operator_name": "Regex",
              "filter_mode": 1,
              "field_operator": "Or",
              "values": [
                " -r"
              ]
            }
          ]
        }
      ],
      "group_by_fields": [
        17
      ]
    }
  ]
}