{
  "name": "ESXi VSAN Information Discovery Via ESXCLI",
  "short_desc": "Detects execution of the \"esxcli\" command with the \"vsan\" flag in order to retrieve information about virtual storage. Seen used by malware such as DarkSide.",
  "long_desc": "Detects execution of the \"esxcli\" command with the \"vsan\" flag in order to retrieve information about virtual storage. Seen used by malware such as DarkSide.\n\nMITRE ATT&CK:\n  Tactics: Discovery, Execution\n  Techniques: T1033, T1007, T1059.012\n\nReferences:\n  - https://www.trendmicro.com/en_us/research/21/e/darkside-linux-vms-targeted.html\n  - https://www.trendmicro.com/en_us/research/22/a/analysis-and-Impact-of-lockbit-ransomwares-first-linux-and-vmware-esxi-variant.html\n  - https://developer.broadcom.com/xapis/esxcli-command-reference/7.0.0/namespace/esxcli_vsan.html\n\nFalse Positives:\n  - Legitimate administration activities\n\nAuthor: Nasreddine Bencherchali (Nextron Systems), Cedric Maurugeon\nCreated: 2023-09-04",
  "risk_rating": 5,
  "alarm_enabled": true,
  "rule_enabled": false,
  "blocks": [
    {
      "block_type": "LogObservedRuleBlock",
      "msg_filters": [
        {
          "msg_filter_type": 1,
          "field_filters": [
            {
              "filter_type": 41,
              "filter_type_name": "Process",
              "operator": 2,
              "operator_name": "Regex",
              "filter_mode": 1,
              "field_operator": "And",
              "values": [
                "/esxcli$"
              ]
            },
            {
              "filter_type": 112,
              "filter_type_name": "Command",
              "operator": 2,
              "operator_name": "Regex",
              "filter_mode": 1,
              "field_operator": "And",
              "values": [
                "vsan"
              ]
            }
          ]
        },
        {
          "msg_filter_type": 1,
          "field_filters": [
            {
              "filter_type": 112,
              "filter_type_name": "Command",
              "operator": 2,
              "operator_name": "Regex",
              "filter_mode": 1,
              "field_operator": "And",
              "values": [
                " get",
                " list"
              ]
            }
          ]
        }
      ],
      "group_by_fields": [
        17
      ]
    }
  ]
}