{
  "name": "Shell Execution via Git - Linux",
  "short_desc": "Detects the use of the \"git\" utility to execute a shell. Such behavior may be associated with privilege escalation, unauthorized command execution, or to break out from restricted environments.\n",
  "long_desc": "Detects the use of the \"git\" utility to execute a shell. Such behavior may be associated with privilege escalation, unauthorized command execution, or to break out from restricted environments.\n\n\nMITRE ATT&CK:\n  Tactics: Execution\n  Techniques: T1059\n\nReferences:\n  - https://gtfobins.github.io/gtfobins/git/#shell\n\nFalse Positives:\n  - Unknown\n\nAuthor: Li Ling, Andy Parkidomo, Robert Rakowski, Blake Hartstein (Bloomberg L.P.)\nCreated: 2024-09-02",
  "risk_rating": 7,
  "alarm_enabled": true,
  "rule_enabled": false,
  "blocks": [
    {
      "block_type": "LogObservedRuleBlock",
      "msg_filters": [
        {
          "msg_filter_type": 1,
          "field_filters": [
            {
              "filter_type": 146,
              "filter_type_name": "ParentProcessName",
              "operator": 2,
              "operator_name": "Regex",
              "filter_mode": 1,
              "field_operator": "And",
              "values": [
                "/git$"
              ]
            },
            {
              "filter_type": 147,
              "filter_type_name": "ParentProcessPath",
              "operator": 2,
              "operator_name": "Regex",
              "filter_mode": 1,
              "field_operator": "Or",
              "values": [
                " -p ",
                "help"
              ]
            },
            {
              "filter_type": 112,
              "filter_type_name": "Command",
              "operator": 2,
              "operator_name": "Regex",
              "filter_mode": 1,
              "field_operator": "Or",
              "values": [
                "bash 0<&1",
                "dash 0<&1",
                "sh 0<&1"
              ]
            }
          ]
        }
      ],
      "group_by_fields": [
        17
      ]
    }
  ]
}