{
  "name": "Suspicious Package Installed - Linux",
  "short_desc": "Detects installation of suspicious packages using system installation utilities",
  "long_desc": "Detects installation of suspicious packages using system installation utilities\n\nMITRE ATT&CK:\n  Tactics: Defense Evasion\n  Techniques: T1553.004\n\nReferences:\n  - https://gist.githubusercontent.com/MichaelKoczwara/12faba9c061c12b5814b711166de8c2f/raw/e2068486692897b620c25fde1ea258c8218fe3d3/history.txt\n\nFalse Positives:\n  - Legitimate administration activities\n\nAuthor: Nasreddine Bencherchali (Nextron Systems)\nCreated: 2023-01-03",
  "risk_rating": 5,
  "alarm_enabled": true,
  "rule_enabled": false,
  "blocks": [
    {
      "block_type": "LogObservedRuleBlock",
      "msg_filters": [
        {
          "msg_filter_type": 1,
          "field_filters": [
            {
              "filter_type": 41,
              "filter_type_name": "Process",
              "operator": 2,
              "operator_name": "Regex",
              "filter_mode": 1,
              "field_operator": "And",
              "values": [
                "/apt$",
                "/apt-get$"
              ]
            },
            {
              "filter_type": 112,
              "filter_type_name": "Command",
              "operator": 2,
              "operator_name": "Regex",
              "filter_mode": 1,
              "field_operator": "Or",
              "values": [
                "install"
              ]
            },
            {
              "filter_type": 41,
              "filter_type_name": "Process",
              "operator": 2,
              "operator_name": "Regex",
              "filter_mode": 1,
              "field_operator": "Or",
              "values": [
                "/yum$"
              ]
            },
            {
              "filter_type": 112,
              "filter_type_name": "Command",
              "operator": 2,
              "operator_name": "Regex",
              "filter_mode": 1,
              "field_operator": "Or",
              "values": [
                "localinstall",
                "install"
              ]
            },
            {
              "filter_type": 41,
              "filter_type_name": "Process",
              "operator": 2,
              "operator_name": "Regex",
              "filter_mode": 1,
              "field_operator": "Or",
              "values": [
                "/rpm$"
              ]
            },
            {
              "filter_type": 112,
              "filter_type_name": "Command",
              "operator": 2,
              "operator_name": "Regex",
              "filter_mode": 1,
              "field_operator": "Or",
              "values": [
                "-i"
              ]
            },
            {
              "filter_type": 41,
              "filter_type_name": "Process",
              "operator": 2,
              "operator_name": "Regex",
              "filter_mode": 1,
              "field_operator": "Or",
              "values": [
                "/dpkg$"
              ]
            },
            {
              "filter_type": 112,
              "filter_type_name": "Command",
              "operator": 2,
              "operator_name": "Regex",
              "filter_mode": 1,
              "field_operator": "Or",
              "values": [
                "--install",
                "-i"
              ]
            },
            {
              "filter_type": 112,
              "filter_type_name": "Command",
              "operator": 2,
              "operator_name": "Regex",
              "filter_mode": 1,
              "field_operator": "Or",
              "values": [
                "nmap",
                " nc",
                "netcat",
                "wireshark",
                "tshark",
                "openconnect",
                "proxychains"
              ]
            }
          ]
        }
      ],
      "group_by_fields": [
        17
      ]
    }
  ]
}