{
  "name": "BPFtrace Unsafe Option Usage",
  "short_desc": "Detects the usage of the unsafe bpftrace option",
  "long_desc": "Detects the usage of the unsafe bpftrace option\n\nMITRE ATT&CK:\n  Tactics: Execution\n  Techniques: T1059.004\n\nReferences:\n  - https://embracethered.com/blog/posts/2021/offensive-bpf-bpftrace/\n  - https://bpftrace.org/\n\nFalse Positives:\n  - Legitimate usage of the unsafe option\n\nAuthor: Andreas Hunkeler (@Karneades)\nCreated: 2022-02-11",
  "risk_rating": 5,
  "alarm_enabled": true,
  "rule_enabled": false,
  "blocks": [
    {
      "block_type": "LogObservedRuleBlock",
      "msg_filters": [
        {
          "msg_filter_type": 1,
          "field_filters": [
            {
              "filter_type": 41,
              "filter_type_name": "Process",
              "operator": 2,
              "operator_name": "Regex",
              "filter_mode": 1,
              "field_operator": "And",
              "values": [
                "bpftrace$"
              ]
            },
            {
              "filter_type": 112,
              "filter_type_name": "Command",
              "operator": 2,
              "operator_name": "Regex",
              "filter_mode": 1,
              "field_operator": "Or",
              "values": [
                "--unsafe"
              ]
            }
          ]
        }
      ],
      "group_by_fields": [
        17
      ]
    }
  ]
}