{
  "name": "ESXi Network Configuration Discovery Via ESXCLI",
  "short_desc": "Detects execution of the \"esxcli\" command with the \"network\" flag in order to retrieve information about the network configuration.",
  "long_desc": "Detects execution of the \"esxcli\" command with the \"network\" flag in order to retrieve information about the network configuration.\n\nMITRE ATT&CK:\n  Tactics: Discovery, Execution\n  Techniques: T1033, T1007, T1059.012\n\nReferences:\n  - https://www.crowdstrike.com/blog/hypervisor-jackpotting-ecrime-actors-increase-targeting-of-esxi-servers/\n  - https://developer.broadcom.com/xapis/esxcli-command-reference/7.0.0/namespace/esxcli_network.html\n\nFalse Positives:\n  - Legitimate administration activities\n\nAuthor: Cedric Maurugeon\nCreated: 2023-09-04",
  "risk_rating": 5,
  "alarm_enabled": true,
  "rule_enabled": false,
  "blocks": [
    {
      "block_type": "LogObservedRuleBlock",
      "msg_filters": [
        {
          "msg_filter_type": 1,
          "field_filters": [
            {
              "filter_type": 41,
              "filter_type_name": "Process",
              "operator": 2,
              "operator_name": "Regex",
              "filter_mode": 1,
              "field_operator": "And",
              "values": [
                "/esxcli$"
              ]
            },
            {
              "filter_type": 112,
              "filter_type_name": "Command",
              "operator": 2,
              "operator_name": "Regex",
              "filter_mode": 1,
              "field_operator": "And",
              "values": [
                "network"
              ]
            }
          ]
        },
        {
          "msg_filter_type": 1,
          "field_filters": [
            {
              "filter_type": 112,
              "filter_type_name": "Command",
              "operator": 2,
              "operator_name": "Regex",
              "filter_mode": 1,
              "field_operator": "And",
              "values": [
                " get",
                " list"
              ]
            }
          ]
        }
      ],
      "group_by_fields": [
        17
      ]
    }
  ]
}