{
  "name": "Python Reverse Shell Execution Via PTY And Socket Modules",
  "short_desc": "Detects the execution of python with calls to the socket and pty module in order to connect and spawn a potential reverse shell.\n",
  "long_desc": "Detects the execution of python with calls to the socket and pty module in order to connect and spawn a potential reverse shell.\n\n\nMITRE ATT&CK:\n  Tactics: Execution\n\nReferences:\n  - https://www.revshells.com/\n\nFalse Positives:\n  - Unknown\n\nAuthor: @d4ns4n_, Nasreddine Bencherchali (Nextron Systems)\nCreated: 2023-04-24\nModified: 2024-11-04",
  "risk_rating": 7,
  "alarm_enabled": true,
  "rule_enabled": false,
  "blocks": [
    {
      "block_type": "LogObservedRuleBlock",
      "msg_filters": [
        {
          "msg_filter_type": 1,
          "field_filters": [
            {
              "filter_type": 41,
              "filter_type_name": "Process",
              "operator": 2,
              "operator_name": "Regex",
              "filter_mode": 1,
              "field_operator": "And",
              "values": [
                "python"
              ]
            },
            {
              "filter_type": 112,
              "filter_type_name": "Command",
              "operator": 2,
              "operator_name": "Regex",
              "filter_mode": 1,
              "field_operator": "Or",
              "values": [
                " -c ",
                "import",
                "pty",
                "socket",
                "spawn",
                ".connect"
              ]
            }
          ]
        }
      ],
      "group_by_fields": [
        17
      ]
    }
  ]
}