{
  "name": "File Deletion",
  "short_desc": "Detects file deletion using \"rm\", \"shred\" or \"unlink\" commands which are used often by adversaries to delete files left behind by the actions of their intrusion activity",
  "long_desc": "Detects file deletion using \"rm\", \"shred\" or \"unlink\" commands which are used often by adversaries to delete files left behind by the actions of their intrusion activity\n\nMITRE ATT&CK:\n  Tactics: Defense Evasion\n  Techniques: T1070.004\n\nReferences:\n  - https://github.com/redcanaryco/atomic-red-team/blob/f339e7da7d05f6057fdfcdd3742bfcf365fee2a9/atomics/T1070.004/T1070.004.md\n\nFalse Positives:\n  - Legitimate administration activities\n\nAuthor: \u00d6mer G\u00fcnal, oscd.community\nCreated: 2020-10-07\nModified: 2022-09-15",
  "risk_rating": 1,
  "alarm_enabled": true,
  "rule_enabled": false,
  "blocks": [
    {
      "block_type": "LogObservedRuleBlock",
      "msg_filters": [
        {
          "msg_filter_type": 1,
          "field_filters": [
            {
              "filter_type": 41,
              "filter_type_name": "Process",
              "operator": 2,
              "operator_name": "Regex",
              "filter_mode": 1,
              "field_operator": "And",
              "values": [
                "/rm$",
                "/shred$",
                "/unlink$"
              ]
            }
          ]
        }
      ],
      "group_by_fields": [
        17
      ]
    }
  ]
}