{
  "name": "Shell Invocation via Apt - Linux",
  "short_desc": "Detects the use of the \"apt\" and \"apt-get\" commands to execute a shell or proxy commands.\nSuch behavior may be associated with privilege escalation, unauthorized command execution, or to break out from restricted environments.\n",
  "long_desc": "Detects the use of the \"apt\" and \"apt-get\" commands to execute a shell or proxy commands.\nSuch behavior may be associated with privilege escalation, unauthorized command execution, or to break out from restricted environments.\n\n\nMITRE ATT&CK:\n  Tactics: Discovery\n  Techniques: T1083\n\nReferences:\n  - https://gtfobins.github.io/gtfobins/apt/\n  - https://gtfobins.github.io/gtfobins/apt-get/\n\nFalse Positives:\n  - Unknown\n\nAuthor: Nasreddine Bencherchali (Nextron Systems)\nCreated: 2022-12-28\nModified: 2024-09-02",
  "risk_rating": 5,
  "alarm_enabled": true,
  "rule_enabled": false,
  "blocks": [
    {
      "block_type": "LogObservedRuleBlock",
      "msg_filters": [
        {
          "msg_filter_type": 1,
          "field_filters": [
            {
              "filter_type": 41,
              "filter_type_name": "Process",
              "operator": 2,
              "operator_name": "Regex",
              "filter_mode": 1,
              "field_operator": "And",
              "values": [
                "/apt$",
                "/apt-get$"
              ]
            },
            {
              "filter_type": 112,
              "filter_type_name": "Command",
              "operator": 2,
              "operator_name": "Regex",
              "filter_mode": 1,
              "field_operator": "Or",
              "values": [
                "APT::Update::Pre-Invoke::="
              ]
            }
          ]
        }
      ],
      "group_by_fields": [
        17
      ]
    }
  ]
}