{
  "name": "Clear Linux Logs",
  "short_desc": "Detects attempts to clear logs on the system. Adversaries may clear system logs to hide evidence of an intrusion",
  "long_desc": "Detects attempts to clear logs on the system. Adversaries may clear system logs to hide evidence of an intrusion\n\nMITRE ATT&CK:\n  Tactics: Defense Evasion\n  Techniques: T1070.002\n\nReferences:\n  - https://github.com/redcanaryco/atomic-red-team/blob/f339e7da7d05f6057fdfcdd3742bfcf365fee2a9/atomics/T1070.002/T1070.002.md\n\nFalse Positives:\n  - Legitimate administration activities\n\nAuthor: \u00d6mer G\u00fcnal, oscd.community\nCreated: 2020-10-07\nModified: 2022-09-15",
  "risk_rating": 5,
  "alarm_enabled": true,
  "rule_enabled": false,
  "blocks": [
    {
      "block_type": "LogObservedRuleBlock",
      "msg_filters": [
        {
          "msg_filter_type": 1,
          "field_filters": [
            {
              "filter_type": 41,
              "filter_type_name": "Process",
              "operator": 2,
              "operator_name": "Regex",
              "filter_mode": 1,
              "field_operator": "And",
              "values": [
                "/rm$",
                "/shred$",
                "/unlink$"
              ]
            },
            {
              "filter_type": 112,
              "filter_type_name": "Command",
              "operator": 2,
              "operator_name": "Regex",
              "filter_mode": 1,
              "field_operator": "Or",
              "values": [
                "/var/log",
                "/var/spool/mail"
              ]
            }
          ]
        }
      ],
      "group_by_fields": [
        17
      ]
    }
  ]
}