{
  "name": "Atlassian Confluence CVE-2022-26134",
  "short_desc": "Detects spawning of suspicious child processes by Atlassian Confluence server which may indicate successful exploitation of CVE-2022-26134",
  "long_desc": "Detects spawning of suspicious child processes by Atlassian Confluence server which may indicate successful exploitation of CVE-2022-26134\n\nMITRE ATT&CK:\n  Tactics: Initial Access, Execution\n  Techniques: T1190, T1059\n\nReferences:\n  - https://www.volexity.com/blog/2022/06/02/zero-day-exploitation-of-atlassian-confluence/\n\nFalse Positives:\n  - Unknown\n\nAuthor: Nasreddine Bencherchali (Nextron Systems)\nCreated: 2022-06-03",
  "risk_rating": 7,
  "alarm_enabled": true,
  "rule_enabled": false,
  "blocks": [
    {
      "block_type": "LogObservedRuleBlock",
      "msg_filters": [
        {
          "msg_filter_type": 1,
          "field_filters": [
            {
              "filter_type": 146,
              "filter_type_name": "ParentProcessName",
              "operator": 2,
              "operator_name": "Regex",
              "filter_mode": 1,
              "field_operator": "And",
              "values": [
                "^/opt/atlassian/confluence/"
              ]
            },
            {
              "filter_type": 146,
              "filter_type_name": "ParentProcessName",
              "operator": 2,
              "operator_name": "Regex",
              "filter_mode": 1,
              "field_operator": "Or",
              "values": [
                "/java$"
              ]
            },
            {
              "filter_type": 112,
              "filter_type_name": "Command",
              "operator": 2,
              "operator_name": "Regex",
              "filter_mode": 1,
              "field_operator": "Or",
              "values": [
                "/bin/sh",
                "bash",
                "dash",
                "ksh",
                "zsh",
                "csh",
                "fish",
                "curl",
                "wget",
                "python"
              ]
            }
          ]
        }
      ],
      "group_by_fields": [
        17
      ]
    }
  ]
}