{
  "name": "Mount Execution With Hidepid Parameter",
  "short_desc": "Detects execution of the \"mount\" command with \"hidepid\" parameter to make invisible processes to other users from the system",
  "long_desc": "Detects execution of the \"mount\" command with \"hidepid\" parameter to make invisible processes to other users from the system\n\nMITRE ATT&CK:\n  Tactics: Credential Access, Defense Evasion\n  Techniques: T1564\n\nReferences:\n  - https://blogs.blackberry.com/\n  - https://www.cyberciti.biz/faq/linux-hide-processes-from-other-users/\n  - https://twitter.com/Joseliyo_Jstnk/status/1620131033474822144\n\nFalse Positives:\n  - Unknown\n\nAuthor: Joseliyo Sanchez, @Joseliyo_Jstnk\nCreated: 2023-01-12",
  "risk_rating": 5,
  "alarm_enabled": true,
  "rule_enabled": false,
  "blocks": [
    {
      "block_type": "LogObservedRuleBlock",
      "msg_filters": [
        {
          "msg_filter_type": 1,
          "field_filters": [
            {
              "filter_type": 41,
              "filter_type_name": "Process",
              "operator": 2,
              "operator_name": "Regex",
              "filter_mode": 1,
              "field_operator": "And",
              "values": [
                "/mount$"
              ]
            },
            {
              "filter_type": 112,
              "filter_type_name": "Command",
              "operator": 2,
              "operator_name": "Regex",
              "filter_mode": 1,
              "field_operator": "Or",
              "values": [
                "hidepid=2",
                " -o "
              ]
            }
          ]
        }
      ],
      "group_by_fields": [
        17
      ]
    }
  ]
}