{
  "name": "Crontab Enumeration",
  "short_desc": "Detects usage of crontab to list the tasks of the user",
  "long_desc": "Detects usage of crontab to list the tasks of the user\n\nMITRE ATT&CK:\n  Tactics: Discovery\n  Techniques: T1007\n\nReferences:\n  - https://blogs.jpcert.or.jp/en/2023/05/gobrat.html\n  - https://jstnk9.github.io/jstnk9/research/GobRAT-Malware/\n  - https://www.virustotal.com/gui/file/60bcd645450e4c846238cf0e7226dc40c84c96eba99f6b2cffcd0ab4a391c8b3/detection\n  - https://www.virustotal.com/gui/file/3e44c807a25a56f4068b5b8186eee5002eed6f26d665a8b791c472ad154585d1/detection\n\nFalse Positives:\n  - Legitimate use of crontab\n\nAuthor: Joseliyo Sanchez, @Joseliyo_Jstnk\nCreated: 2023-06-02",
  "risk_rating": 3,
  "alarm_enabled": true,
  "rule_enabled": false,
  "blocks": [
    {
      "block_type": "LogObservedRuleBlock",
      "msg_filters": [
        {
          "msg_filter_type": 1,
          "field_filters": [
            {
              "filter_type": 41,
              "filter_type_name": "Process",
              "operator": 2,
              "operator_name": "Regex",
              "filter_mode": 1,
              "field_operator": "And",
              "values": [
                "/crontab$"
              ]
            },
            {
              "filter_type": 112,
              "filter_type_name": "Command",
              "operator": 2,
              "operator_name": "Regex",
              "filter_mode": 1,
              "field_operator": "Or",
              "values": [
                " -l"
              ]
            }
          ]
        }
      ],
      "group_by_fields": [
        17
      ]
    }
  ]
}