{
  "name": "Linux Base64 Encoded Shebang In CLI",
  "short_desc": "Detects the presence of a base64 version of the shebang in the commandline, which could indicate a malicious payload about to be decoded",
  "long_desc": "Detects the presence of a base64 version of the shebang in the commandline, which could indicate a malicious payload about to be decoded\n\nMITRE ATT&CK:\n  Tactics: Defense Evasion\n  Techniques: T1140\n\nReferences:\n  - https://www.trendmicro.com/pl_pl/research/20/i/the-evolution-of-malicious-shell-scripts.html\n  - https://github.com/carlospolop/PEASS-ng/tree/master/linPEAS\n\nFalse Positives:\n  - Legitimate administration activities\n\nAuthor: Nasreddine Bencherchali (Nextron Systems)\nCreated: 2022-09-15",
  "risk_rating": 5,
  "alarm_enabled": true,
  "rule_enabled": false,
  "blocks": [
    {
      "block_type": "LogObservedRuleBlock",
      "msg_filters": [
        {
          "msg_filter_type": 1,
          "field_filters": [
            {
              "filter_type": 112,
              "filter_type_name": "Command",
              "operator": 2,
              "operator_name": "Regex",
              "filter_mode": 1,
              "field_operator": "And",
              "values": [
                "IyEvYmluL2Jhc2",
                "IyEvYmluL2Rhc2",
                "IyEvYmluL3pza",
                "IyEvYmluL2Zpc2",
                "IyEvYmluL3No"
              ]
            }
          ]
        }
      ],
      "group_by_fields": [
        17
      ]
    }
  ]
}