{
  "name": "OpenCanary - MSSQL Login Attempt Via SQLAuth",
  "short_desc": "Detects instances where an MSSQL service on an OpenCanary node has had a login attempt using SQLAuth.\n",
  "long_desc": "Detects instances where an MSSQL service on an OpenCanary node has had a login attempt using SQLAuth.\n\n\nMITRE ATT&CK:\n  Tactics: Credential Access, Collection\n  Techniques: T1003, T1213\n\nReferences:\n  - https://opencanary.readthedocs.io/en/latest/starting/configuration.html#services-configuration\n  - https://github.com/thinkst/opencanary/blob/a0896adfcaf0328cfd5829fe10d2878c7445138e/opencanary/logger.py#L52\n\nFalse Positives:\n  - Unlikely\n\nAuthor: Security Onion Solutions\nCreated: 2024-03-08",
  "risk_rating": 7,
  "alarm_enabled": true,
  "rule_enabled": false,
  "blocks": [
    {
      "block_type": "LogObservedRuleBlock",
      "msg_filters": [
        {
          "msg_filter_type": 1,
          "field_filters": [
            {
              "filter_type": 112,
              "filter_type_name": "Command",
              "operator": 0,
              "operator_name": "Value",
              "filter_mode": 1,
              "field_operator": "And",
              "values": [
                9001
              ]
            }
          ]
        }
      ],
      "group_by_fields": [
        17
      ]
    }
  ]
}