{
  "name": "Django Framework Exceptions",
  "short_desc": "Detects suspicious Django web application framework exceptions that could indicate exploitation attempts",
  "long_desc": "Detects suspicious Django web application framework exceptions that could indicate exploitation attempts\n\nMITRE ATT&CK:\n  Tactics: Initial Access\n  Techniques: T1190\n\nReferences:\n  - https://docs.djangoproject.com/en/1.11/ref/exceptions/\n  - https://docs.djangoproject.com/en/1.11/topics/logging/#django-security\n\nFalse Positives:\n  - Application bugs\n\nAuthor: Thomas Patzke\nCreated: 2017-08-05\nModified: 2020-09-01",
  "risk_rating": 5,
  "alarm_enabled": true,
  "rule_enabled": false,
  "blocks": [
    {
      "block_type": "LogObservedRuleBlock",
      "msg_filters": [],
      "group_by_fields": [
        17
      ]
    }
  ]
}