{
  "name": "Account Created And Deleted Within A Close Time Frame",
  "short_desc": "Detects when an account was created and deleted in a short period of time.",
  "long_desc": "Detects when an account was created and deleted in a short period of time.\n\nMITRE ATT&CK:\n  Tactics: Defense Evasion\n  Techniques: T1078\n\nReferences:\n  - https://learn.microsoft.com/en-us/entra/architecture/security-operations-user-accounts#short-lived-accounts\n\nFalse Positives:\n  - Legit administrative action\n\nAuthor: Mark Morowczynski '@markmorow', MikeDuddington, '@dudders1', Tim Shelton\nCreated: 2022-08-11\nModified: 2022-08-18",
  "risk_rating": 7,
  "alarm_enabled": true,
  "rule_enabled": false,
  "blocks": [
    {
      "block_type": "LogObservedRuleBlock",
      "msg_filters": [
        {
          "msg_filter_type": 1,
          "field_filters": [
            {
              "filter_type": 112,
              "filter_type_name": "Command",
              "operator": 0,
              "operator_name": "Value",
              "filter_mode": 1,
              "field_operator": "And",
              "values": [
                "Add user",
                "Delete user"
              ]
            },
            {
              "filter_type": 112,
              "filter_type_name": "Command",
              "operator": 0,
              "operator_name": "Value",
              "filter_mode": 1,
              "field_operator": "Or",
              "values": [
                "Success"
              ]
            }
          ]
        }
      ],
      "group_by_fields": [
        16
      ]
    }
  ]
}