{
  "name": "Guest Users Invited To Tenant By Non Approved Inviters",
  "short_desc": "Detects guest users being invited to tenant by non-approved inviters",
  "long_desc": "Detects guest users being invited to tenant by non-approved inviters\n\nMITRE ATT&CK:\n  Tactics: Initial Access\n  Techniques: T1078\n\nReferences:\n  - https://learn.microsoft.com/en-gb/entra/architecture/security-operations-user-accounts#monitoring-external-user-sign-ins\n\nFalse Positives:\n  - If this was approved by System Administrator.\n\nAuthor: MikeDuddington, '@dudders1'\nCreated: 2022-07-28",
  "risk_rating": 5,
  "alarm_enabled": true,
  "rule_enabled": false,
  "blocks": [
    {
      "block_type": "LogObservedRuleBlock",
      "msg_filters": [
        {
          "msg_filter_type": 1,
          "field_filters": [
            {
              "filter_type": 112,
              "filter_type_name": "Command",
              "operator": 0,
              "operator_name": "Value",
              "filter_mode": 1,
              "field_operator": "And",
              "values": [
                "UserManagement"
              ]
            },
            {
              "filter_type": 112,
              "filter_type_name": "Command",
              "operator": 0,
              "operator_name": "Value",
              "filter_mode": 1,
              "field_operator": "Or",
              "values": [
                "Invite external user"
              ]
            },
            {
              "filter_type": 112,
              "filter_type_name": "Command",
              "operator": 2,
              "operator_name": "Regex",
              "filter_mode": 0,
              "field_operator": "Or",
              "values": [
                "<approved guest inviter use OR for multiple>"
              ]
            }
          ]
        }
      ],
      "group_by_fields": [
        16
      ]
    }
  ]
}