{
  "name": "New CA Policy by Non-approved Actor",
  "short_desc": "Monitor and alert on conditional access changes.",
  "long_desc": "Monitor and alert on conditional access changes.\n\nMITRE ATT&CK:\n  Tactics: Defense Evasion\n  Techniques: T1548\n\nReferences:\n  - https://learn.microsoft.com/en-us/entra/architecture/security-operations-infrastructure\n\nFalse Positives:\n  - Misconfigured role permissions\n  - Verify whether the user identity, user agent, and/or hostname should be making changes in your environment.\n\nAuthor: Corissa Koopmans, '@corissalea'\nCreated: 2022-07-18",
  "risk_rating": 5,
  "alarm_enabled": true,
  "rule_enabled": false,
  "blocks": [
    {
      "block_type": "LogObservedRuleBlock",
      "msg_filters": [
        {
          "msg_filter_type": 1,
          "field_filters": [
            {
              "filter_type": 112,
              "filter_type_name": "Command",
              "operator": 0,
              "operator_name": "Value",
              "filter_mode": 1,
              "field_operator": "And",
              "values": [
                "Add conditional access policy"
              ]
            }
          ]
        }
      ],
      "group_by_fields": [
        16
      ]
    }
  ]
}