{
  "name": "User Risk and MFA Registration Policy Updated",
  "short_desc": "Detects changes and updates to the user risk and MFA registration policy.\nAttackers can modified the policies to Bypass MFA, weaken security thresholds, facilitate further attacks, maintain persistence.\n",
  "long_desc": "Detects changes and updates to the user risk and MFA registration policy.\nAttackers can modified the policies to Bypass MFA, weaken security thresholds, facilitate further attacks, maintain persistence.\n\n\nMITRE ATT&CK:\n  Tactics: Persistence\n\nReferences:\n  - https://learn.microsoft.com/en-us/entra/id-protection/howto-identity-protection-configure-mfa-policy\n  - https://learn.microsoft.com/en-us/entra/identity/monitoring-health/reference-audit-activities\n\nFalse Positives:\n  - Known updates by administrators.\n\nAuthor: Harjot Singh (@cyb3rjy0t)\nCreated: 2024-08-13",
  "risk_rating": 7,
  "alarm_enabled": true,
  "rule_enabled": false,
  "blocks": [
    {
      "block_type": "LogObservedRuleBlock",
      "msg_filters": [
        {
          "msg_filter_type": 1,
          "field_filters": [
            {
              "filter_type": 112,
              "filter_type_name": "Command",
              "operator": 0,
              "operator_name": "Value",
              "filter_mode": 1,
              "field_operator": "And",
              "values": [
                "AAD Management UX"
              ]
            },
            {
              "filter_type": 112,
              "filter_type_name": "Command",
              "operator": 0,
              "operator_name": "Value",
              "filter_mode": 1,
              "field_operator": "Or",
              "values": [
                "Policy"
              ]
            },
            {
              "filter_type": 112,
              "filter_type_name": "Command",
              "operator": 0,
              "operator_name": "Value",
              "filter_mode": 1,
              "field_operator": "Or",
              "values": [
                "Update User Risk and MFA Registration Policy"
              ]
            }
          ]
        }
      ],
      "group_by_fields": [
        16
      ]
    }
  ]
}