{
  "name": "App Granted Privileged Delegated Or App Permissions",
  "short_desc": "Detects when administrator grants either application permissions (app roles) or highly privileged delegated permissions",
  "long_desc": "Detects when administrator grants either application permissions (app roles) or highly privileged delegated permissions\n\nMITRE ATT&CK:\n  Tactics: Persistence, Privilege Escalation\n  Techniques: T1098.003\n\nReferences:\n  - https://learn.microsoft.com/en-us/entra/architecture/security-operations-applications#application-granted-highly-privileged-permissions\n\nFalse Positives:\n  - When the permission is legitimately needed for the app\n\nAuthor: Bailey Bercik '@baileybercik', Mark Morowczynski '@markmorow'\nCreated: 2022-07-28\nModified: 2023-03-29",
  "risk_rating": 7,
  "alarm_enabled": true,
  "rule_enabled": false,
  "blocks": [
    {
      "block_type": "LogObservedRuleBlock",
      "msg_filters": [
        {
          "msg_filter_type": 1,
          "field_filters": [
            {
              "filter_type": 112,
              "filter_type_name": "Command",
              "operator": 0,
              "operator_name": "Value",
              "filter_mode": 1,
              "field_operator": "And",
              "values": [
                "Add app role assignment to service principal"
              ]
            }
          ]
        }
      ],
      "group_by_fields": [
        16
      ]
    }
  ]
}