{
  "name": "Windows LAPS Credential Dump From Entra ID",
  "short_desc": "Detects when an account dumps the LAPS password from Entra ID.",
  "long_desc": "Detects when an account dumps the LAPS password from Entra ID.\n\nMITRE ATT&CK:\n  Tactics: Privilege Escalation, Persistence\n  Techniques: T1098.005\n\nReferences:\n  - https://twitter.com/NathanMcNulty/status/1785051227568632263\n  - https://www.cloudcoffee.ch/microsoft-365/configure-windows-laps-in-microsoft-intune/\n  - https://techcommunity.microsoft.com/t5/microsoft-entra-blog/introducing-windows-local-administrator-password-solution-with/ba-p/1942487\n\nFalse Positives:\n  - Approved activity performed by an Administrator.\n\nAuthor: andrewdanis\nCreated: 2024-06-26",
  "risk_rating": 7,
  "alarm_enabled": true,
  "rule_enabled": false,
  "blocks": [
    {
      "block_type": "LogObservedRuleBlock",
      "msg_filters": [
        {
          "msg_filter_type": 1,
          "field_filters": [
            {
              "filter_type": 112,
              "filter_type_name": "Command",
              "operator": 0,
              "operator_name": "Value",
              "filter_mode": 1,
              "field_operator": "And",
              "values": [
                "Device"
              ]
            },
            {
              "filter_type": 112,
              "filter_type_name": "Command",
              "operator": 2,
              "operator_name": "Regex",
              "filter_mode": 1,
              "field_operator": "Or",
              "values": [
                "Recover device local administrator password"
              ]
            },
            {
              "filter_type": 112,
              "filter_type_name": "Command",
              "operator": 2,
              "operator_name": "Regex",
              "filter_mode": 1,
              "field_operator": "Or",
              "values": [
                "Successfully recovered local credential by device id"
              ]
            }
          ]
        }
      ],
      "group_by_fields": [
        16
      ]
    }
  ]
}