{
  "name": "Azure Domain Federation Settings Modified",
  "short_desc": "Identifies when an user or application modified the federation settings on the domain.",
  "long_desc": "Identifies when an user or application modified the federation settings on the domain.\n\nMITRE ATT&CK:\n  Tactics: Initial Access\n  Techniques: T1078\n\nReferences:\n  - https://learn.microsoft.com/en-us/azure/active-directory/hybrid/how-to-connect-monitor-federation-changes\n\nFalse Positives:\n  - Federation Settings being modified or deleted may be performed by a system administrator.\n  - Verify whether the user identity, user agent, and/or hostname should be making changes in your environment.\n  - Federation Settings modified from unfamiliar users should be investigated. If known behavior is causing false positives, it can be exempted from the rule.\n\nAuthor: Austin Songer\nCreated: 2021-09-06\nModified: 2022-06-08",
  "risk_rating": 5,
  "alarm_enabled": true,
  "rule_enabled": false,
  "blocks": [
    {
      "block_type": "LogObservedRuleBlock",
      "msg_filters": [
        {
          "msg_filter_type": 1,
          "field_filters": [
            {
              "filter_type": 112,
              "filter_type_name": "Command",
              "operator": 0,
              "operator_name": "Value",
              "filter_mode": 1,
              "field_operator": "And",
              "values": [
                "Set federation settings on domain"
              ]
            }
          ]
        }
      ],
      "group_by_fields": [
        16
      ]
    }
  ]
}