{
  "name": "Change to Authentication Method",
  "short_desc": "Change to authentication method could be an indicator of an attacker adding an auth method to the account so they can have continued access.",
  "long_desc": "Change to authentication method could be an indicator of an attacker adding an auth method to the account so they can have continued access.\n\nMITRE ATT&CK:\n  Tactics: Credential Access, Persistence, Defense Evasion\n  Techniques: T1556, T1098\n\nReferences:\n  - https://learn.microsoft.com/en-us/entra/architecture/security-operations-privileged-accounts\n\nFalse Positives:\n  - Unknown\n\nAuthor: AlertIQ\nCreated: 2021-10-10\nModified: 2022-12-25",
  "risk_rating": 5,
  "alarm_enabled": true,
  "rule_enabled": false,
  "blocks": [
    {
      "block_type": "LogObservedRuleBlock",
      "msg_filters": [
        {
          "msg_filter_type": 1,
          "field_filters": [
            {
              "filter_type": 112,
              "filter_type_name": "Command",
              "operator": 0,
              "operator_name": "Value",
              "filter_mode": 1,
              "field_operator": "And",
              "values": [
                "Authentication Methods"
              ]
            },
            {
              "filter_type": 112,
              "filter_type_name": "Command",
              "operator": 0,
              "operator_name": "Value",
              "filter_mode": 1,
              "field_operator": "Or",
              "values": [
                "UserManagement"
              ]
            },
            {
              "filter_type": 112,
              "filter_type_name": "Command",
              "operator": 0,
              "operator_name": "Value",
              "filter_mode": 1,
              "field_operator": "Or",
              "values": [
                "User registered security info"
              ]
            }
          ]
        }
      ],
      "group_by_fields": [
        16
      ]
    }
  ]
}