{
  "name": "CA Policy Updated by Non Approved Actor",
  "short_desc": "Monitor and alert on conditional access changes. Is Initiated by (actor) approved to make changes? Review Modified Properties and compare \"old\" vs \"new\" value.",
  "long_desc": "Monitor and alert on conditional access changes. Is Initiated by (actor) approved to make changes? Review Modified Properties and compare \"old\" vs \"new\" value.\n\nMITRE ATT&CK:\n  Tactics: Defense Evasion, Persistence\n  Techniques: T1548, T1556\n\nReferences:\n  - https://learn.microsoft.com/en-us/entra/architecture/security-operations-infrastructure#conditional-access\n\nFalse Positives:\n  - Misconfigured role permissions\n  - Verify whether the user identity, user agent, and/or hostname should be making changes in your environment.\n\nAuthor: Corissa Koopmans, '@corissalea'\nCreated: 2022-07-19\nModified: 2024-05-28",
  "risk_rating": 5,
  "alarm_enabled": true,
  "rule_enabled": false,
  "blocks": [
    {
      "block_type": "LogObservedRuleBlock",
      "msg_filters": [
        {
          "msg_filter_type": 1,
          "field_filters": [
            {
              "filter_type": 112,
              "filter_type_name": "Command",
              "operator": 0,
              "operator_name": "Value",
              "filter_mode": 1,
              "field_operator": "And",
              "values": [
                "Update conditional access policy"
              ]
            }
          ]
        }
      ],
      "group_by_fields": [
        16
      ]
    }
  ]
}