{
  "name": "Changes To PIM Settings",
  "short_desc": "Detects when changes are made to PIM roles",
  "long_desc": "Detects when changes are made to PIM roles\n\nMITRE ATT&CK:\n  Tactics: Privilege Escalation, Persistence\n  Techniques: T1078.004\n\nReferences:\n  - https://learn.microsoft.com/en-us/entra/architecture/security-operations-privileged-identity-management#azure-ad-roles-assignment\n\nFalse Positives:\n  - Legit administrative PIM setting configuration changes\n\nAuthor: Mark Morowczynski '@markmorow', Yochana Henderson, '@Yochana-H'\nCreated: 2022-08-09",
  "risk_rating": 7,
  "alarm_enabled": true,
  "rule_enabled": false,
  "blocks": [
    {
      "block_type": "LogObservedRuleBlock",
      "msg_filters": [
        {
          "msg_filter_type": 1,
          "field_filters": [
            {
              "filter_type": 112,
              "filter_type_name": "Command",
              "operator": 0,
              "operator_name": "Value",
              "filter_mode": 1,
              "field_operator": "And",
              "values": [
                "Update role setting in PIM"
              ]
            }
          ]
        }
      ],
      "group_by_fields": [
        16
      ]
    }
  ]
}