{
  "name": "Multi Factor Authentication Disabled For User Account",
  "short_desc": "Detects changes to the \"StrongAuthenticationRequirement\" value, where the state is set to \"0\" or \"Disabled\".\nThreat actors were seen disabling multi factor authentication for users in order to maintain or achieve access to the account. Also see in SIM Swa",
  "long_desc": "Detects changes to the \"StrongAuthenticationRequirement\" value, where the state is set to \"0\" or \"Disabled\".\nThreat actors were seen disabling multi factor authentication for users in order to maintain or achieve access to the account. Also see in SIM Swap attacks.\n\n\nMITRE ATT&CK:\n  Tactics: Credential Access, Persistence\n\nReferences:\n  - https://www.sans.org/blog/defending-against-scattered-spider-and-the-com-with-cybercrime-intelligence/\n\nFalse Positives:\n  - Legitimate authorized activity.\n\nAuthor: Harjot Singh (@cyb3rjy0t)\nCreated: 2024-08-21",
  "risk_rating": 5,
  "alarm_enabled": true,
  "rule_enabled": false,
  "blocks": [
    {
      "block_type": "LogObservedRuleBlock",
      "msg_filters": [
        {
          "msg_filter_type": 1,
          "field_filters": [
            {
              "filter_type": 112,
              "filter_type_name": "Command",
              "operator": 0,
              "operator_name": "Value",
              "filter_mode": 1,
              "field_operator": "And",
              "values": [
                "Core Directory"
              ]
            },
            {
              "filter_type": 112,
              "filter_type_name": "Command",
              "operator": 0,
              "operator_name": "Value",
              "filter_mode": 1,
              "field_operator": "Or",
              "values": [
                "UserManagement"
              ]
            },
            {
              "filter_type": 112,
              "filter_type_name": "Command",
              "operator": 0,
              "operator_name": "Value",
              "filter_mode": 1,
              "field_operator": "Or",
              "values": [
                "Update user"
              ]
            },
            {
              "filter_type": 112,
              "filter_type_name": "Command",
              "operator": 0,
              "operator_name": "Value",
              "filter_mode": 1,
              "field_operator": "Or",
              "values": [
                "StrongAuthenticationRequirement"
              ]
            },
            {
              "filter_type": 112,
              "filter_type_name": "Command",
              "operator": 2,
              "operator_name": "Regex",
              "filter_mode": 1,
              "field_operator": "Or",
              "values": [
                "State\":0"
              ]
            }
          ]
        }
      ],
      "group_by_fields": [
        16
      ]
    }
  ]
}