{
  "name": "User Removed From Group With CA Policy Modification Access",
  "short_desc": "Monitor and alert on group membership removal of groups that have CA policy modification access",
  "long_desc": "Monitor and alert on group membership removal of groups that have CA policy modification access\n\nMITRE ATT&CK:\n  Tactics: Defense Evasion, Persistence\n  Techniques: T1548, T1556\n\nReferences:\n  - https://learn.microsoft.com/en-us/entra/architecture/security-operations-infrastructure#conditional-access\n\nFalse Positives:\n  - User removed from the group is approved\n\nAuthor: Mark Morowczynski '@markmorow', Thomas Detzner '@tdetzner'\nCreated: 2022-08-04",
  "risk_rating": 5,
  "alarm_enabled": true,
  "rule_enabled": false,
  "blocks": [
    {
      "block_type": "LogObservedRuleBlock",
      "msg_filters": [
        {
          "msg_filter_type": 1,
          "field_filters": [
            {
              "filter_type": 112,
              "filter_type_name": "Command",
              "operator": 0,
              "operator_name": "Value",
              "filter_mode": 1,
              "field_operator": "And",
              "values": [
                "Remove member from group"
              ]
            }
          ]
        }
      ],
      "group_by_fields": [
        16
      ]
    }
  ]
}