{
  "name": "Application AppID Uri Configuration Changes",
  "short_desc": "Detects when a configuration change is made to an applications AppID URI.",
  "long_desc": "Detects when a configuration change is made to an applications AppID URI.\n\nMITRE ATT&CK:\n  Tactics: Persistence, Credential Access, Privilege Escalation\n  Techniques: T1552, T1078.004\n\nReferences:\n  - https://learn.microsoft.com/en-us/entra/architecture/security-operations-applications#appid-uri-added-modified-or-removed\n\nFalse Positives:\n  - When and administrator is making legitimate AppID URI configuration changes to an application. This should be a planned event.\n\nAuthor: Mark Morowczynski '@markmorow', Bailey Bercik '@baileybercik'\nCreated: 2022-06-02",
  "risk_rating": 7,
  "alarm_enabled": true,
  "rule_enabled": false,
  "blocks": [
    {
      "block_type": "LogObservedRuleBlock",
      "msg_filters": [
        {
          "msg_filter_type": 1,
          "field_filters": [
            {
              "filter_type": 112,
              "filter_type_name": "Command",
              "operator": 0,
              "operator_name": "Value",
              "filter_mode": 1,
              "field_operator": "And",
              "values": [
                "Update Application",
                "Update Service principal"
              ]
            }
          ]
        }
      ],
      "group_by_fields": [
        16
      ]
    }
  ]
}