{
  "name": "Delegated Permissions Granted For All Users",
  "short_desc": "Detects when highly privileged delegated permissions are granted on behalf of all users",
  "long_desc": "Detects when highly privileged delegated permissions are granted on behalf of all users\n\nMITRE ATT&CK:\n  Tactics: Credential Access\n  Techniques: T1528\n\nReferences:\n  - https://learn.microsoft.com/en-us/entra/architecture/security-operations-applications#application-granted-highly-privileged-permissions\n\nFalse Positives:\n  - When the permission is legitimately needed for the app\n\nAuthor: Bailey Bercik '@baileybercik', Mark Morowczynski '@markmorow'\nCreated: 2022-07-28",
  "risk_rating": 7,
  "alarm_enabled": true,
  "rule_enabled": false,
  "blocks": [
    {
      "block_type": "LogObservedRuleBlock",
      "msg_filters": [
        {
          "msg_filter_type": 1,
          "field_filters": [
            {
              "filter_type": 112,
              "filter_type_name": "Command",
              "operator": 0,
              "operator_name": "Value",
              "filter_mode": 1,
              "field_operator": "And",
              "values": [
                "Add delegated permission grant"
              ]
            }
          ]
        }
      ],
      "group_by_fields": [
        16
      ]
    }
  ]
}