{
  "name": "Added Credentials to Existing Application",
  "short_desc": "Detects when a new credential is added to an existing application. Any additional credentials added outside of expected processes could be a malicious actor using those credentials.",
  "long_desc": "Detects when a new credential is added to an existing application. Any additional credentials added outside of expected processes could be a malicious actor using those credentials.\n\nMITRE ATT&CK:\n  Tactics: Persistence\n  Techniques: T1098.001\n\nReferences:\n  - https://learn.microsoft.com/en-us/entra/architecture/security-operations-applications#application-credentials\n\nFalse Positives:\n  - When credentials are added/removed as part of the normal working hours/workflows\n\nAuthor: Mark Morowczynski '@markmorow', Bailey Bercik '@baileybercik'\nCreated: 2022-05-26\nModified: 2025-07-18",
  "risk_rating": 7,
  "alarm_enabled": true,
  "rule_enabled": false,
  "blocks": [
    {
      "block_type": "LogObservedRuleBlock",
      "msg_filters": [
        {
          "msg_filter_type": 1,
          "field_filters": [
            {
              "filter_type": 112,
              "filter_type_name": "Command",
              "operator": 0,
              "operator_name": "Value",
              "filter_mode": 1,
              "field_operator": "And",
              "values": [
                "Update application \u2013 Certificates and secrets management",
                "Update Service principal/Update Application"
              ]
            }
          ]
        }
      ],
      "group_by_fields": [
        16
      ]
    }
  ]
}