{
  "name": "Bulk Deletion Changes To Privileged Account Permissions",
  "short_desc": "Detects when a user is removed from a privileged role. Bulk changes should be investigated.",
  "long_desc": "Detects when a user is removed from a privileged role. Bulk changes should be investigated.\n\nMITRE ATT&CK:\n  Tactics: Persistence\n  Techniques: T1098\n\nReferences:\n  - https://learn.microsoft.com/en-us/entra/architecture/security-operations-privileged-identity-management#azure-ad-roles-assignment\n\nFalse Positives:\n  - Legtimate administrator actions of removing members from a role\n\nAuthor: Mark Morowczynski '@markmorow', Yochana Henderson, '@Yochana-H'\nCreated: 2022-08-05",
  "risk_rating": 7,
  "alarm_enabled": true,
  "rule_enabled": false,
  "blocks": [
    {
      "block_type": "LogObservedRuleBlock",
      "msg_filters": [
        {
          "msg_filter_type": 1,
          "field_filters": [
            {
              "filter_type": 112,
              "filter_type_name": "Command",
              "operator": 0,
              "operator_name": "Value",
              "filter_mode": 1,
              "field_operator": "And",
              "values": [
                "Remove eligible member (permanent)",
                "Remove eligible member (eligible)"
              ]
            }
          ]
        }
      ],
      "group_by_fields": [
        16
      ]
    }
  ]
}