{
  "name": "Temporary Access Pass Added To An Account",
  "short_desc": "Detects when a temporary access pass (TAP) is added to an account. TAPs added to priv accounts should be investigated",
  "long_desc": "Detects when a temporary access pass (TAP) is added to an account. TAPs added to priv accounts should be investigated\n\nMITRE ATT&CK:\n  Tactics: Persistence\n  Techniques: T1078.004\n\nReferences:\n  - https://learn.microsoft.com/en-us/entra/architecture/security-operations-privileged-accounts#changes-to-privileged-accounts\n\nFalse Positives:\n  - Administrator adding a legitimate temporary access pass\n\nAuthor: Mark Morowczynski '@markmorow', Yochana Henderson, '@Yochana-H'\nCreated: 2022-08-10",
  "risk_rating": 7,
  "alarm_enabled": true,
  "rule_enabled": false,
  "blocks": [
    {
      "block_type": "LogObservedRuleBlock",
      "msg_filters": [
        {
          "msg_filter_type": 1,
          "field_filters": [
            {
              "filter_type": 112,
              "filter_type_name": "Command",
              "operator": 0,
              "operator_name": "Value",
              "filter_mode": 1,
              "field_operator": "And",
              "values": [
                "Admin registered security info"
              ]
            },
            {
              "filter_type": 112,
              "filter_type_name": "Command",
              "operator": 0,
              "operator_name": "Value",
              "filter_mode": 1,
              "field_operator": "Or",
              "values": [
                "Admin registered temporary access pass method for user"
              ]
            }
          ]
        }
      ],
      "group_by_fields": [
        16
      ]
    }
  ]
}