{
  "name": "User State Changed From Guest To Member",
  "short_desc": "Detects the change of user type from \"Guest\" to \"Member\" for potential elevation of privilege.",
  "long_desc": "Detects the change of user type from \"Guest\" to \"Member\" for potential elevation of privilege.\n\nMITRE ATT&CK:\n  Tactics: Privilege Escalation, Initial Access\n  Techniques: T1078.004\n\nReferences:\n  - https://learn.microsoft.com/en-gb/entra/architecture/security-operations-user-accounts#monitoring-external-user-sign-ins\n\nFalse Positives:\n  - If this was approved by System Administrator.\n\nAuthor: MikeDuddington, '@dudders1'\nCreated: 2022-06-30",
  "risk_rating": 5,
  "alarm_enabled": true,
  "rule_enabled": false,
  "blocks": [
    {
      "block_type": "LogObservedRuleBlock",
      "msg_filters": [
        {
          "msg_filter_type": 1,
          "field_filters": [
            {
              "filter_type": 112,
              "filter_type_name": "Command",
              "operator": 0,
              "operator_name": "Value",
              "filter_mode": 1,
              "field_operator": "And",
              "values": [
                "UserManagement"
              ]
            },
            {
              "filter_type": 112,
              "filter_type_name": "Command",
              "operator": 0,
              "operator_name": "Value",
              "filter_mode": 1,
              "field_operator": "Or",
              "values": [
                "Update user"
              ]
            },
            {
              "filter_type": 112,
              "filter_type_name": "Command",
              "operator": 0,
              "operator_name": "Value",
              "filter_mode": 1,
              "field_operator": "Or",
              "values": [
                "\"displayName\":\"UserType\",\"oldValue\":\"[\\\"Guest\\\"]\",\"newValue\":\"[\\\"Member\\\"]\""
              ]
            }
          ]
        }
      ],
      "group_by_fields": [
        16
      ]
    }
  ]
}