{
  "name": "Guest User Invited By Non Approved Inviters",
  "short_desc": "Detects when a user that doesn't have permissions to invite a guest user attempts to invite one.",
  "long_desc": "Detects when a user that doesn't have permissions to invite a guest user attempts to invite one.\n\nMITRE ATT&CK:\n  Tactics: Persistence, Defense Evasion\n  Techniques: T1078.004\n\nReferences:\n  - https://learn.microsoft.com/en-us/entra/architecture/security-operations-privileged-accounts#things-to-monitor\n\nFalse Positives:\n  - A non malicious user is unaware of the proper process\n\nAuthor: Mark Morowczynski '@markmorow', Yochana Henderson, '@Yochana-H'\nCreated: 2022-08-10",
  "risk_rating": 5,
  "alarm_enabled": true,
  "rule_enabled": false,
  "blocks": [
    {
      "block_type": "LogObservedRuleBlock",
      "msg_filters": [
        {
          "msg_filter_type": 1,
          "field_filters": [
            {
              "filter_type": 112,
              "filter_type_name": "Command",
              "operator": 0,
              "operator_name": "Value",
              "filter_mode": 1,
              "field_operator": "And",
              "values": [
                "Invite external user"
              ]
            },
            {
              "filter_type": 112,
              "filter_type_name": "Command",
              "operator": 0,
              "operator_name": "Value",
              "filter_mode": 1,
              "field_operator": "Or",
              "values": [
                "failure"
              ]
            }
          ]
        }
      ],
      "group_by_fields": [
        16
      ]
    }
  ]
}