{
  "name": "Certificate-Based Authentication Enabled",
  "short_desc": "Detects when certificate based authentication has been enabled in an Azure Active Directory tenant.",
  "long_desc": "Detects when certificate based authentication has been enabled in an Azure Active Directory tenant.\n\nMITRE ATT&CK:\n  Tactics: Persistence, Privilege Escalation\n  Techniques: T1556\n\nReferences:\n  - https://posts.specterops.io/passwordless-persistence-and-privilege-escalation-in-azure-98a01310be3f\n  - https://goodworkaround.com/2022/02/15/digging-into-azure-ad-certificate-based-authentication/\n\nFalse Positives:\n  - Unknown\n\nAuthor: Harjot Shah Singh, '@cyb3rjy0t'\nCreated: 2024-03-26",
  "risk_rating": 5,
  "alarm_enabled": true,
  "rule_enabled": false,
  "blocks": [
    {
      "block_type": "LogObservedRuleBlock",
      "msg_filters": [
        {
          "msg_filter_type": 1,
          "field_filters": [
            {
              "filter_type": 112,
              "filter_type_name": "Command",
              "operator": 0,
              "operator_name": "Value",
              "filter_mode": 1,
              "field_operator": "And",
              "values": [
                "Authentication Methods Policy Update"
              ]
            },
            {
              "filter_type": 112,
              "filter_type_name": "Command",
              "operator": 2,
              "operator_name": "Regex",
              "filter_mode": 1,
              "field_operator": "Or",
              "values": [
                "AuthenticationMethodsPolicy"
              ]
            }
          ]
        }
      ],
      "group_by_fields": [
        16
      ]
    }
  ]
}