{
  "name": "Application URI Configuration Changes",
  "short_desc": "Detects when a configuration change is made to an applications URI.\nURIs for domain names that no longer exist (dangling URIs), not using HTTPS, wildcards at the end of the domain, URIs that are no unique to that app, or URIs that point to domains you do ",
  "long_desc": "Detects when a configuration change is made to an applications URI.\nURIs for domain names that no longer exist (dangling URIs), not using HTTPS, wildcards at the end of the domain, URIs that are no unique to that app, or URIs that point to domains you do not control should be investigated.\n\n\nMITRE ATT&CK:\n  Tactics: Persistence, Credential Access, Privilege Escalation\n  Techniques: T1528, T1078.004\n\nReferences:\n  - https://learn.microsoft.com/en-us/entra/architecture/security-operations-applications#application-configuration-changes\n\nFalse Positives:\n  - When and administrator is making legitimate URI configuration changes to an application. This should be a planned event.\n\nAuthor: Mark Morowczynski '@markmorow', Bailey Bercik '@baileybercik'\nCreated: 2022-06-02",
  "risk_rating": 7,
  "alarm_enabled": true,
  "rule_enabled": false,
  "blocks": [
    {
      "block_type": "LogObservedRuleBlock",
      "msg_filters": [
        {
          "msg_filter_type": 1,
          "field_filters": [
            {
              "filter_type": 112,
              "filter_type_name": "Command",
              "operator": 0,
              "operator_name": "Value",
              "filter_mode": 1,
              "field_operator": "And",
              "values": [
                "Update Application Sucess- Property Name AppAddress"
              ]
            }
          ]
        }
      ],
      "group_by_fields": [
        16
      ]
    }
  ]
}