{
  "name": "Added Owner To Application",
  "short_desc": "Detects when a new owner is added to an application. This gives that account privileges to make modifications and configuration changes to the application.",
  "long_desc": "Detects when a new owner is added to an application. This gives that account privileges to make modifications and configuration changes to the application.\n\nMITRE ATT&CK:\n  Tactics: Credential Access\n  Techniques: T1552\n\nReferences:\n  - https://learn.microsoft.com/en-us/entra/architecture/security-operations-applications#new-owner\n\nFalse Positives:\n  - When a new application owner is added by an administrator\n\nAuthor: Mark Morowczynski '@markmorow', Bailey Bercik '@baileybercik'\nCreated: 2022-06-02",
  "risk_rating": 5,
  "alarm_enabled": true,
  "rule_enabled": false,
  "blocks": [
    {
      "block_type": "LogObservedRuleBlock",
      "msg_filters": [
        {
          "msg_filter_type": 1,
          "field_filters": [
            {
              "filter_type": 112,
              "filter_type_name": "Command",
              "operator": 0,
              "operator_name": "Value",
              "filter_mode": 1,
              "field_operator": "And",
              "values": [
                "Add owner to application"
              ]
            }
          ]
        }
      ],
      "group_by_fields": [
        16
      ]
    }
  ]
}