{
  "name": "Users Added to Global or Device Admin Roles",
  "short_desc": "Monitor and alert for users added to device admin roles.",
  "long_desc": "Monitor and alert for users added to device admin roles.\n\nMITRE ATT&CK:\n  Tactics: Defense Evasion, Privilege Escalation\n  Techniques: T1078.004\n\nReferences:\n  - https://learn.microsoft.com/en-us/entra/architecture/security-operations-devices#device-administrator-roles\n\nFalse Positives:\n  - Unknown\n\nAuthor: Michael Epping, '@mepples21'\nCreated: 2022-06-28",
  "risk_rating": 7,
  "alarm_enabled": true,
  "rule_enabled": false,
  "blocks": [
    {
      "block_type": "LogObservedRuleBlock",
      "msg_filters": [
        {
          "msg_filter_type": 1,
          "field_filters": [
            {
              "filter_type": 112,
              "filter_type_name": "Command",
              "operator": 0,
              "operator_name": "Value",
              "filter_mode": 1,
              "field_operator": "And",
              "values": [
                "RoleManagement"
              ]
            },
            {
              "filter_type": 112,
              "filter_type_name": "Command",
              "operator": 2,
              "operator_name": "Regex",
              "filter_mode": 1,
              "field_operator": "Or",
              "values": [
                "Add",
                "member to role"
              ]
            },
            {
              "filter_type": 112,
              "filter_type_name": "Command",
              "operator": 2,
              "operator_name": "Regex",
              "filter_mode": 1,
              "field_operator": "Or",
              "values": [
                "7698a772-787b-4ac8-901f-60d6b08affd2",
                "62e90394-69f5-4237-9190-012177145e10"
              ]
            }
          ]
        }
      ],
      "group_by_fields": [
        16
      ]
    }
  ]
}