{
  "name": "Changes to Device Registration Policy",
  "short_desc": "Monitor and alert for changes to the device registration policy.",
  "long_desc": "Monitor and alert for changes to the device registration policy.\n\nMITRE ATT&CK:\n  Tactics: Defense Evasion, Privilege Escalation\n  Techniques: T1484\n\nReferences:\n  - https://learn.microsoft.com/en-us/entra/architecture/security-operations-devices#device-registrations-and-joins-outside-policy\n\nFalse Positives:\n  - Unknown\n\nAuthor: Michael Epping, '@mepples21'\nCreated: 2022-06-28",
  "risk_rating": 7,
  "alarm_enabled": true,
  "rule_enabled": false,
  "blocks": [
    {
      "block_type": "LogObservedRuleBlock",
      "msg_filters": [
        {
          "msg_filter_type": 1,
          "field_filters": [
            {
              "filter_type": 112,
              "filter_type_name": "Command",
              "operator": 0,
              "operator_name": "Value",
              "filter_mode": 1,
              "field_operator": "And",
              "values": [
                "Policy"
              ]
            },
            {
              "filter_type": 112,
              "filter_type_name": "Command",
              "operator": 0,
              "operator_name": "Value",
              "filter_mode": 1,
              "field_operator": "Or",
              "values": [
                "Set device registration policies"
              ]
            }
          ]
        }
      ],
      "group_by_fields": [
        16
      ]
    }
  ]
}