{
  "name": "End User Consent",
  "short_desc": "Detects when an end user consents to an application",
  "long_desc": "Detects when an end user consents to an application\n\nMITRE ATT&CK:\n  Tactics: Credential Access\n  Techniques: T1528\n\nReferences:\n  - https://learn.microsoft.com/en-us/entra/architecture/security-operations-applications#end-user-consent\n\nFalse Positives:\n  - Unknown\n\nAuthor: Bailey Bercik '@baileybercik', Mark Morowczynski '@markmorow'\nCreated: 2022-07-28",
  "risk_rating": 3,
  "alarm_enabled": true,
  "rule_enabled": false,
  "blocks": [
    {
      "block_type": "LogObservedRuleBlock",
      "msg_filters": [
        {
          "msg_filter_type": 1,
          "field_filters": [
            {
              "filter_type": 112,
              "filter_type_name": "Command",
              "operator": 0,
              "operator_name": "Value",
              "filter_mode": 1,
              "field_operator": "And",
              "values": [
                "false"
              ]
            }
          ]
        }
      ],
      "group_by_fields": [
        16
      ]
    }
  ]
}