{
  "name": "Privileged Account Creation",
  "short_desc": "Detects when a new admin is created.",
  "long_desc": "Detects when a new admin is created.\n\nMITRE ATT&CK:\n  Tactics: Persistence, Privilege Escalation\n  Techniques: T1078.004\n\nReferences:\n  - https://learn.microsoft.com/en-us/entra/architecture/security-operations-privileged-accounts#changes-to-privileged-accounts\n\nFalse Positives:\n  - A legitimate new admin account being created\n\nAuthor: Mark Morowczynski '@markmorow', Yochana Henderson, '@Yochana-H', Tim Shelton\nCreated: 2022-08-11\nModified: 2022-08-16",
  "risk_rating": 5,
  "alarm_enabled": true,
  "rule_enabled": false,
  "blocks": [
    {
      "block_type": "LogObservedRuleBlock",
      "msg_filters": [
        {
          "msg_filter_type": 1,
          "field_filters": [
            {
              "filter_type": 112,
              "filter_type_name": "Command",
              "operator": 2,
              "operator_name": "Regex",
              "filter_mode": 1,
              "field_operator": "And",
              "values": [
                "Add user",
                "Add member to role"
              ]
            },
            {
              "filter_type": 112,
              "filter_type_name": "Command",
              "operator": 0,
              "operator_name": "Value",
              "filter_mode": 1,
              "field_operator": "Or",
              "values": [
                "Success"
              ]
            }
          ]
        }
      ],
      "group_by_fields": [
        16
      ]
    }
  ]
}