{
  "name": "App Assigned To Azure RBAC/Microsoft Entra Role",
  "short_desc": "Detects when an app is assigned Azure AD roles, such as global administrator, or Azure RBAC roles, such as subscription owner.",
  "long_desc": "Detects when an app is assigned Azure AD roles, such as global administrator, or Azure RBAC roles, such as subscription owner.\n\nMITRE ATT&CK:\n  Tactics: Persistence, Privilege Escalation\n  Techniques: T1098.003\n\nReferences:\n  - https://learn.microsoft.com/en-us/entra/architecture/security-operations-applications#service-principal-assigned-to-a-role\n\nFalse Positives:\n  - When the permission is legitimately needed for the app\n\nAuthor: Bailey Bercik '@baileybercik', Mark Morowczynski '@markmorow'\nCreated: 2022-07-19\nModified: 2024-11-04",
  "risk_rating": 5,
  "alarm_enabled": true,
  "rule_enabled": false,
  "blocks": [
    {
      "block_type": "LogObservedRuleBlock",
      "msg_filters": [
        {
          "msg_filter_type": 1,
          "field_filters": [
            {
              "filter_type": 112,
              "filter_type_name": "Command",
              "operator": 0,
              "operator_name": "Value",
              "filter_mode": 1,
              "field_operator": "And",
              "values": [
                "Service Principal"
              ]
            },
            {
              "filter_type": 112,
              "filter_type_name": "Command",
              "operator": 0,
              "operator_name": "Value",
              "filter_mode": 1,
              "field_operator": "Or",
              "values": [
                "Add member to role",
                "Add eligible member to role",
                "Add scoped member to role"
              ]
            }
          ]
        }
      ],
      "group_by_fields": [
        16
      ]
    }
  ]
}