{
  "name": "Modifying Crontab",
  "short_desc": "Detects suspicious modification of crontab file.",
  "long_desc": "Detects suspicious modification of crontab file.\n\nMITRE ATT&CK:\n  Tactics: Persistence\n  Techniques: T1053.003\n\nReferences:\n  - https://github.com/redcanaryco/atomic-red-team/blob/f339e7da7d05f6057fdfcdd3742bfcf365fee2a9/atomics/T1053.003/T1053.003.md\n\nFalse Positives:\n  - Legitimate modification of crontab\n\nAuthor: Pawel Mazur\nCreated: 2022-04-16",
  "risk_rating": 5,
  "alarm_enabled": true,
  "rule_enabled": false,
  "blocks": [
    {
      "block_type": "LogObservedRuleBlock",
      "msg_filters": [],
      "group_by_fields": [
        16
      ]
    }
  ]
}