{
  "name": "Activity Performed by Terminated User",
  "short_desc": "Detects when a Microsoft Cloud App Security reported for users whose account were terminated in Azure AD, but still perform activities in other platforms such as AWS or Salesforce.\nThis is especially relevant for users who use another account to manage re",
  "long_desc": "Detects when a Microsoft Cloud App Security reported for users whose account were terminated in Azure AD, but still perform activities in other platforms such as AWS or Salesforce.\nThis is especially relevant for users who use another account to manage resources, since these accounts are often not terminated when a user leaves the company.\n\n\nMITRE ATT&CK:\n  Tactics: Impact\n\nReferences:\n  - https://learn.microsoft.com/en-us/defender-cloud-apps/anomaly-detection-policy\n  - https://learn.microsoft.com/en-us/defender-cloud-apps/policy-template-reference\n\nFalse Positives:\n  - Unknown\n\nAuthor: Austin Songer @austinsonger\nCreated: 2021-08-23\nModified: 2022-10-09",
  "risk_rating": 5,
  "alarm_enabled": true,
  "rule_enabled": false,
  "blocks": [
    {
      "block_type": "LogObservedRuleBlock",
      "msg_filters": [
        {
          "msg_filter_type": 1,
          "field_filters": [
            {
              "filter_type": 112,
              "filter_type_name": "Command",
              "operator": 0,
              "operator_name": "Value",
              "filter_mode": 1,
              "field_operator": "And",
              "values": [
                "SecurityComplianceCenter"
              ]
            },
            {
              "filter_type": 112,
              "filter_type_name": "Command",
              "operator": 0,
              "operator_name": "Value",
              "filter_mode": 1,
              "field_operator": "Or",
              "values": [
                "Activity performed by terminated user"
              ]
            },
            {
              "filter_type": 112,
              "filter_type_name": "Command",
              "operator": 0,
              "operator_name": "Value",
              "filter_mode": 1,
              "field_operator": "Or",
              "values": [
                "success"
              ]
            }
          ]
        }
      ],
      "group_by_fields": [
        17
      ]
    }
  ]
}