{
  "name": "Microsoft 365 - Impossible Travel Activity",
  "short_desc": "Detects when a Microsoft Cloud App Security reported a risky sign-in attempt due to a login associated with an impossible travel.",
  "long_desc": "Detects when a Microsoft Cloud App Security reported a risky sign-in attempt due to a login associated with an impossible travel.\n\nMITRE ATT&CK:\n  Tactics: Initial Access\n  Techniques: T1078\n\nReferences:\n  - https://learn.microsoft.com/en-us/defender-cloud-apps/anomaly-detection-policy\n  - https://learn.microsoft.com/en-us/defender-cloud-apps/policy-template-reference\n\nFalse Positives:\n  - Unknown\n\nAuthor: Austin Songer @austinsonger\nCreated: 2020-07-06\nModified: 2021-11-27",
  "risk_rating": 5,
  "alarm_enabled": true,
  "rule_enabled": false,
  "blocks": [
    {
      "block_type": "LogObservedRuleBlock",
      "msg_filters": [
        {
          "msg_filter_type": 1,
          "field_filters": [
            {
              "filter_type": 112,
              "filter_type_name": "Command",
              "operator": 0,
              "operator_name": "Value",
              "filter_mode": 1,
              "field_operator": "And",
              "values": [
                "SecurityComplianceCenter"
              ]
            },
            {
              "filter_type": 112,
              "filter_type_name": "Command",
              "operator": 0,
              "operator_name": "Value",
              "filter_mode": 1,
              "field_operator": "Or",
              "values": [
                "Impossible travel activity"
              ]
            },
            {
              "filter_type": 112,
              "filter_type_name": "Command",
              "operator": 0,
              "operator_name": "Value",
              "filter_mode": 1,
              "field_operator": "Or",
              "values": [
                "success"
              ]
            }
          ]
        }
      ],
      "group_by_fields": [
        17
      ]
    }
  ]
}