{
  "name": "Suspicious Inbox Forwarding",
  "short_desc": "Detects when a Microsoft Cloud App Security reported suspicious email forwarding rules, for example, if a user created an inbox rule that forwards a copy of all emails to an external address.",
  "long_desc": "Detects when a Microsoft Cloud App Security reported suspicious email forwarding rules, for example, if a user created an inbox rule that forwards a copy of all emails to an external address.\n\nMITRE ATT&CK:\n  Tactics: Exfiltration\n  Techniques: T1020\n\nReferences:\n  - https://learn.microsoft.com/en-us/defender-cloud-apps/anomaly-detection-policy\n  - https://learn.microsoft.com/en-us/defender-cloud-apps/policy-template-reference\n\nFalse Positives:\n  - Unknown\n\nAuthor: Austin Songer @austinsonger\nCreated: 2021-08-22\nModified: 2022-10-09",
  "risk_rating": 3,
  "alarm_enabled": true,
  "rule_enabled": false,
  "blocks": [
    {
      "block_type": "LogObservedRuleBlock",
      "msg_filters": [
        {
          "msg_filter_type": 1,
          "field_filters": [
            {
              "filter_type": 112,
              "filter_type_name": "Command",
              "operator": 0,
              "operator_name": "Value",
              "filter_mode": 1,
              "field_operator": "And",
              "values": [
                "SecurityComplianceCenter"
              ]
            },
            {
              "filter_type": 112,
              "filter_type_name": "Command",
              "operator": 0,
              "operator_name": "Value",
              "filter_mode": 1,
              "field_operator": "Or",
              "values": [
                "Suspicious inbox forwarding"
              ]
            },
            {
              "filter_type": 112,
              "filter_type_name": "Command",
              "operator": 0,
              "operator_name": "Value",
              "filter_mode": 1,
              "field_operator": "Or",
              "values": [
                "success"
              ]
            }
          ]
        }
      ],
      "group_by_fields": [
        17
      ]
    }
  ]
}