{
  "name": "Activity from Infrequent Country",
  "short_desc": "Detects when a Microsoft Cloud App Security reported when an activity occurs from a location that wasn't recently or never visited by any user in the organization.",
  "long_desc": "Detects when a Microsoft Cloud App Security reported when an activity occurs from a location that wasn't recently or never visited by any user in the organization.\n\nMITRE ATT&CK:\n  Tactics: Command And Control\n  Techniques: T1573\n\nReferences:\n  - https://learn.microsoft.com/en-us/defender-cloud-apps/anomaly-detection-policy\n  - https://learn.microsoft.com/en-us/defender-cloud-apps/policy-template-reference\n\nFalse Positives:\n  - Unknown\n\nAuthor: Austin Songer @austinsonger\nCreated: 2021-08-23\nModified: 2022-10-09",
  "risk_rating": 5,
  "alarm_enabled": true,
  "rule_enabled": false,
  "blocks": [
    {
      "block_type": "LogObservedRuleBlock",
      "msg_filters": [
        {
          "msg_filter_type": 1,
          "field_filters": [
            {
              "filter_type": 112,
              "filter_type_name": "Command",
              "operator": 0,
              "operator_name": "Value",
              "filter_mode": 1,
              "field_operator": "And",
              "values": [
                "SecurityComplianceCenter"
              ]
            },
            {
              "filter_type": 112,
              "filter_type_name": "Command",
              "operator": 0,
              "operator_name": "Value",
              "filter_mode": 1,
              "field_operator": "Or",
              "values": [
                "Activity from infrequent country"
              ]
            },
            {
              "filter_type": 112,
              "filter_type_name": "Command",
              "operator": 0,
              "operator_name": "Value",
              "filter_mode": 1,
              "field_operator": "Or",
              "values": [
                "success"
              ]
            }
          ]
        }
      ],
      "group_by_fields": [
        17
      ]
    }
  ]
}