{
  "name": "Microsoft 365 - Potential Ransomware Activity",
  "short_desc": "Detects when a Microsoft Cloud App Security reported when a user uploads files to the cloud that might be infected with ransomware.",
  "long_desc": "Detects when a Microsoft Cloud App Security reported when a user uploads files to the cloud that might be infected with ransomware.\n\nMITRE ATT&CK:\n  Tactics: Impact\n  Techniques: T1486\n\nReferences:\n  - https://learn.microsoft.com/en-us/defender-cloud-apps/anomaly-detection-policy\n  - https://learn.microsoft.com/en-us/defender-cloud-apps/policy-template-reference\n\nFalse Positives:\n  - Unknown\n\nAuthor: austinsonger\nCreated: 2021-08-19\nModified: 2022-10-09",
  "risk_rating": 5,
  "alarm_enabled": true,
  "rule_enabled": false,
  "blocks": [
    {
      "block_type": "LogObservedRuleBlock",
      "msg_filters": [
        {
          "msg_filter_type": 1,
          "field_filters": [
            {
              "filter_type": 112,
              "filter_type_name": "Command",
              "operator": 0,
              "operator_name": "Value",
              "filter_mode": 1,
              "field_operator": "And",
              "values": [
                "SecurityComplianceCenter"
              ]
            },
            {
              "filter_type": 112,
              "filter_type_name": "Command",
              "operator": 0,
              "operator_name": "Value",
              "filter_mode": 1,
              "field_operator": "Or",
              "values": [
                "Potential ransomware activity"
              ]
            },
            {
              "filter_type": 112,
              "filter_type_name": "Command",
              "operator": 0,
              "operator_name": "Value",
              "filter_mode": 1,
              "field_operator": "Or",
              "values": [
                "success"
              ]
            }
          ]
        }
      ],
      "group_by_fields": [
        17
      ]
    }
  ]
}