{
  "name": "PST Export Alert Using eDiscovery Alert",
  "short_desc": "Alert on when a user has performed an eDiscovery search or exported a PST file from the search. This PST file usually has sensitive information including email body content",
  "long_desc": "Alert on when a user has performed an eDiscovery search or exported a PST file from the search. This PST file usually has sensitive information including email body content\n\nMITRE ATT&CK:\n  Tactics: Collection\n  Techniques: T1114\n\nReferences:\n  - https://learn.microsoft.com/en-us/microsoft-365/compliance/alert-policies?view=o365-worldwide\n\nFalse Positives:\n  - PST export can be done for legitimate purposes but due to the sensitive nature of its content it must be monitored.\n\nAuthor: Sorina Ionescu\nCreated: 2022-02-08\nModified: 2022-11-17",
  "risk_rating": 5,
  "alarm_enabled": true,
  "rule_enabled": false,
  "blocks": [
    {
      "block_type": "LogObservedRuleBlock",
      "msg_filters": [
        {
          "msg_filter_type": 1,
          "field_filters": [
            {
              "filter_type": 112,
              "filter_type_name": "Command",
              "operator": 0,
              "operator_name": "Value",
              "filter_mode": 1,
              "field_operator": "And",
              "values": [
                "SecurityComplianceCenter"
              ]
            },
            {
              "filter_type": 112,
              "filter_type_name": "Command",
              "operator": 0,
              "operator_name": "Value",
              "filter_mode": 1,
              "field_operator": "Or",
              "values": [
                "eDiscovery search started or exported"
              ]
            },
            {
              "filter_type": 112,
              "filter_type_name": "Command",
              "operator": 0,
              "operator_name": "Value",
              "filter_mode": 1,
              "field_operator": "Or",
              "values": [
                "success"
              ]
            }
          ]
        }
      ],
      "group_by_fields": [
        17
      ]
    }
  ]
}