{
  "name": "PST Export Alert Using New-ComplianceSearchAction",
  "short_desc": "Alert when a user has performed an export to a search using 'New-ComplianceSearchAction' with the '-Export' flag. This detection will detect PST export even if the 'eDiscovery search or exported' alert is disabled in the O365.This rule will apply to Excha",
  "long_desc": "Alert when a user has performed an export to a search using 'New-ComplianceSearchAction' with the '-Export' flag. This detection will detect PST export even if the 'eDiscovery search or exported' alert is disabled in the O365.This rule will apply to ExchangePowerShell usage and from the cloud.\n\nMITRE ATT&CK:\n  Tactics: Collection\n  Techniques: T1114\n\nReferences:\n  - https://learn.microsoft.com/en-us/powershell/module/exchange/new-compliancesearchaction?view=exchange-ps\n\nFalse Positives:\n  - Exporting a PST can be done for legitimate purposes by legitimate sources, but due to the sensitive nature of PST content, it must be monitored.\n\nAuthor: Nikita Khalimonenkov\nCreated: 2022-11-17",
  "risk_rating": 5,
  "alarm_enabled": true,
  "rule_enabled": false,
  "blocks": [
    {
      "block_type": "LogObservedRuleBlock",
      "msg_filters": [
        {
          "msg_filter_type": 1,
          "field_filters": [
            {
              "filter_type": 112,
              "filter_type_name": "Command",
              "operator": 0,
              "operator_name": "Value",
              "filter_mode": 1,
              "field_operator": "And",
              "values": [
                "SecurityComplianceCenter"
              ]
            },
            {
              "filter_type": 112,
              "filter_type_name": "Command",
              "operator": 2,
              "operator_name": "Regex",
              "filter_mode": 1,
              "field_operator": "Or",
              "values": [
                "New-ComplianceSearchAction",
                "Export",
                "pst"
              ]
            }
          ]
        }
      ],
      "group_by_fields": [
        17
      ]
    }
  ]
}