{
  "name": "Users Authenticating To Other Azure AD Tenants",
  "short_desc": "Detect when users in your Azure AD tenant are authenticating to other Azure AD Tenants.",
  "long_desc": "Detect when users in your Azure AD tenant are authenticating to other Azure AD Tenants.\n\nMITRE ATT&CK:\n  Tactics: Initial Access\n  Techniques: T1078.004\n\nReferences:\n  - https://learn.microsoft.com/en-gb/entra/architecture/security-operations-user-accounts#monitoring-external-user-sign-ins\n\nFalse Positives:\n  - If this was approved by System Administrator.\n\nAuthor: MikeDuddington, '@dudders1'\nCreated: 2022-06-30",
  "risk_rating": 5,
  "alarm_enabled": true,
  "rule_enabled": false,
  "blocks": [
    {
      "block_type": "LogObservedRuleBlock",
      "msg_filters": [
        {
          "msg_filter_type": 1,
          "field_filters": [
            {
              "filter_type": 112,
              "filter_type_name": "Command",
              "operator": 0,
              "operator_name": "Value",
              "filter_mode": 1,
              "field_operator": "And",
              "values": [
                "Success"
              ]
            },
            {
              "filter_type": 112,
              "filter_type_name": "Command",
              "operator": 0,
              "operator_name": "Value",
              "filter_mode": 1,
              "field_operator": "Or",
              "values": [
                "HomeTenantID"
              ]
            },
            {
              "filter_type": 112,
              "filter_type_name": "Command",
              "operator": 2,
              "operator_name": "Regex",
              "filter_mode": 0,
              "field_operator": "Or",
              "values": [
                "HomeTenantID"
              ]
            }
          ]
        }
      ],
      "group_by_fields": [
        16
      ]
    }
  ]
}