{
  "name": "Account Lockout",
  "short_desc": "Identifies user account which has been locked because the user tried to sign in too many times with an incorrect user ID or password.",
  "long_desc": "Identifies user account which has been locked because the user tried to sign in too many times with an incorrect user ID or password.\n\nMITRE ATT&CK:\n  Tactics: Credential Access\n  Techniques: T1110\n\nReferences:\n  - https://learn.microsoft.com/en-us/entra/architecture/security-operations-privileged-accounts\n\nFalse Positives:\n  - Unknown\n\nAuthor: AlertIQ\nCreated: 2021-10-10\nModified: 2022-12-25",
  "risk_rating": 5,
  "alarm_enabled": true,
  "rule_enabled": false,
  "blocks": [
    {
      "block_type": "LogObservedRuleBlock",
      "msg_filters": [
        {
          "msg_filter_type": 1,
          "field_filters": [
            {
              "filter_type": 112,
              "filter_type_name": "Command",
              "operator": 0,
              "operator_name": "Value",
              "filter_mode": 1,
              "field_operator": "And",
              "values": [
                50053
              ]
            }
          ]
        }
      ],
      "group_by_fields": [
        16
      ]
    }
  ]
}