{
  "name": "User Access Blocked by Azure Conditional Access",
  "short_desc": "Detect access has been blocked by Conditional Access policies.\nThe access policy does not allow token issuance which might be sights\u2248 of unauthorizeed login to valid accounts.\n",
  "long_desc": "Detect access has been blocked by Conditional Access policies.\nThe access policy does not allow token issuance which might be sights\u2248 of unauthorizeed login to valid accounts.\n\n\nMITRE ATT&CK:\n  Tactics: Credential Access, Initial Access\n  Techniques: T1110, T1078.004\n\nReferences:\n  - https://learn.microsoft.com/en-us/entra/architecture/security-operations-privileged-accounts\n\nFalse Positives:\n  - Unknown\n\nAuthor: AlertIQ\nCreated: 2021-10-10\nModified: 2022-12-25",
  "risk_rating": 5,
  "alarm_enabled": true,
  "rule_enabled": false,
  "blocks": [
    {
      "block_type": "LogObservedRuleBlock",
      "msg_filters": [
        {
          "msg_filter_type": 1,
          "field_filters": [
            {
              "filter_type": 112,
              "filter_type_name": "Command",
              "operator": 0,
              "operator_name": "Value",
              "filter_mode": 1,
              "field_operator": "And",
              "values": [
                53003
              ]
            }
          ]
        }
      ],
      "group_by_fields": [
        16
      ]
    }
  ]
}