{
  "name": "Measurable Increase Of Successful Authentications",
  "short_desc": "Detects when successful sign-ins increased by 10% or greater.",
  "long_desc": "Detects when successful sign-ins increased by 10% or greater.\n\nMITRE ATT&CK:\n  Tactics: Defense Evasion\n  Techniques: T1078\n\nReferences:\n  - https://learn.microsoft.com/en-us/entra/architecture/security-operations-user-accounts#monitoring-for-successful-unusual-sign-ins\n\nFalse Positives:\n  - Increase of users in the environment\n\nAuthor: Mark Morowczynski '@markmorow', MikeDuddington, '@dudders1', Tim Shelton\nCreated: 2022-08-11\nModified: 2022-08-18",
  "risk_rating": 3,
  "alarm_enabled": true,
  "rule_enabled": false,
  "blocks": [
    {
      "block_type": "LogObservedRuleBlock",
      "msg_filters": [
        {
          "msg_filter_type": 1,
          "field_filters": [
            {
              "filter_type": 112,
              "filter_type_name": "Command",
              "operator": 0,
              "operator_name": "Value",
              "filter_mode": 1,
              "field_operator": "And",
              "values": [
                "Success"
              ]
            },
            {
              "filter_type": 112,
              "filter_type_name": "Command",
              "operator": 0,
              "operator_name": "Value",
              "filter_mode": 1,
              "field_operator": "Or",
              "values": [
                "<10%"
              ]
            }
          ]
        }
      ],
      "group_by_fields": [
        16
      ]
    }
  ]
}