{
  "name": "Device Registration or Join Without MFA",
  "short_desc": "Monitor and alert for device registration or join events where MFA was not performed.",
  "long_desc": "Monitor and alert for device registration or join events where MFA was not performed.\n\nMITRE ATT&CK:\n  Tactics: Defense Evasion\n  Techniques: T1078.004\n\nReferences:\n  - https://learn.microsoft.com/en-us/entra/architecture/security-operations-devices#device-registrations-and-joins-outside-policy\n\nFalse Positives:\n  - Unknown\n\nAuthor: Michael Epping, '@mepples21'\nCreated: 2022-06-28",
  "risk_rating": 5,
  "alarm_enabled": true,
  "rule_enabled": false,
  "blocks": [
    {
      "block_type": "LogObservedRuleBlock",
      "msg_filters": [
        {
          "msg_filter_type": 1,
          "field_filters": [
            {
              "filter_type": 112,
              "filter_type_name": "Command",
              "operator": 0,
              "operator_name": "Value",
              "filter_mode": 1,
              "field_operator": "And",
              "values": [
                "Device Registration Service"
              ]
            },
            {
              "filter_type": 112,
              "filter_type_name": "Command",
              "operator": 0,
              "operator_name": "Value",
              "filter_mode": 1,
              "field_operator": "Or",
              "values": [
                "success"
              ]
            },
            {
              "filter_type": 112,
              "filter_type_name": "Command",
              "operator": 0,
              "operator_name": "Value",
              "filter_mode": 0,
              "field_operator": "Or",
              "values": [
                "multiFactorAuthentication"
              ]
            }
          ]
        }
      ],
      "group_by_fields": [
        16
      ]
    }
  ]
}