{
  "name": "Account Disabled or Blocked for Sign in Attempts",
  "short_desc": "Detects when an account is disabled or blocked for sign in but tried to log in",
  "long_desc": "Detects when an account is disabled or blocked for sign in but tried to log in\n\nMITRE ATT&CK:\n  Tactics: Initial Access\n  Techniques: T1078.004\n\nReferences:\n  - https://learn.microsoft.com/en-gb/entra/architecture/security-operations-privileged-accounts\n\nFalse Positives:\n  - Account disabled or blocked in error\n  - Automation account has been blocked or disabled\n\nAuthor: Yochana Henderson, '@Yochana-H'\nCreated: 2022-06-17",
  "risk_rating": 5,
  "alarm_enabled": true,
  "rule_enabled": false,
  "blocks": [
    {
      "block_type": "LogObservedRuleBlock",
      "msg_filters": [
        {
          "msg_filter_type": 1,
          "field_filters": [
            {
              "filter_type": 112,
              "filter_type_name": "Command",
              "operator": 0,
              "operator_name": "Value",
              "filter_mode": 1,
              "field_operator": "And",
              "values": [
                50057
              ]
            },
            {
              "filter_type": 112,
              "filter_type_name": "Command",
              "operator": 0,
              "operator_name": "Value",
              "filter_mode": 1,
              "field_operator": "Or",
              "values": [
                "Failure"
              ]
            }
          ]
        }
      ],
      "group_by_fields": [
        16
      ]
    }
  ]
}