{
  "name": "Successful Authentications From Countries You Do Not Operate Out Of",
  "short_desc": "Detect successful authentications from countries you do not operate out of.",
  "long_desc": "Detect successful authentications from countries you do not operate out of.\n\nMITRE ATT&CK:\n  Tactics: Initial Access, Credential Access\n  Techniques: T1078.004, T1110\n\nReferences:\n  - https://learn.microsoft.com/en-gb/entra/architecture/security-operations-user-accounts\n\nFalse Positives:\n  - If this was approved by System Administrator.\n\nAuthor: MikeDuddington, '@dudders1'\nCreated: 2022-07-28",
  "risk_rating": 5,
  "alarm_enabled": true,
  "rule_enabled": false,
  "blocks": [
    {
      "block_type": "LogObservedRuleBlock",
      "msg_filters": [
        {
          "msg_filter_type": 1,
          "field_filters": [
            {
              "filter_type": 112,
              "filter_type_name": "Command",
              "operator": 0,
              "operator_name": "Value",
              "filter_mode": 1,
              "field_operator": "And",
              "values": [
                "Success"
              ]
            },
            {
              "filter_type": 112,
              "filter_type_name": "Command",
              "operator": 2,
              "operator_name": "Regex",
              "filter_mode": 0,
              "field_operator": "Or",
              "values": [
                "<Countries you DO operate out of e,g GB, use OR for multiple>"
              ]
            }
          ]
        }
      ],
      "group_by_fields": [
        16
      ]
    }
  ]
}