{
  "name": "Multifactor Authentication Interrupted",
  "short_desc": "Identifies user login with multifactor authentication failures, which might be an indication an attacker has the password for the account but can't pass the MFA challenge.",
  "long_desc": "Identifies user login with multifactor authentication failures, which might be an indication an attacker has the password for the account but can't pass the MFA challenge.\n\nMITRE ATT&CK:\n  Tactics: Initial Access, Credential Access\n  Techniques: T1078.004, T1110, T1621\n\nReferences:\n  - https://learn.microsoft.com/en-us/entra/architecture/security-operations-privileged-accounts\n\nFalse Positives:\n  - Unknown\n\nAuthor: AlertIQ\nCreated: 2021-10-10\nModified: 2022-12-18",
  "risk_rating": 5,
  "alarm_enabled": true,
  "rule_enabled": false,
  "blocks": [
    {
      "block_type": "LogObservedRuleBlock",
      "msg_filters": [
        {
          "msg_filter_type": 1,
          "field_filters": [
            {
              "filter_type": 112,
              "filter_type_name": "Command",
              "operator": 0,
              "operator_name": "Value",
              "filter_mode": 1,
              "field_operator": "And",
              "values": [
                50074
              ]
            },
            {
              "filter_type": 112,
              "filter_type_name": "Command",
              "operator": 2,
              "operator_name": "Regex",
              "filter_mode": 1,
              "field_operator": "Or",
              "values": [
                "Strong Auth required"
              ]
            },
            {
              "filter_type": 112,
              "filter_type_name": "Command",
              "operator": 0,
              "operator_name": "Value",
              "filter_mode": 1,
              "field_operator": "Or",
              "values": [
                500121
              ]
            },
            {
              "filter_type": 112,
              "filter_type_name": "Command",
              "operator": 2,
              "operator_name": "Regex",
              "filter_mode": 1,
              "field_operator": "Or",
              "values": [
                "Authentication failed during strong authentication request"
              ]
            }
          ]
        }
      ],
      "group_by_fields": [
        16
      ]
    }
  ]
}