{
  "name": "Multifactor Authentication Denied",
  "short_desc": "User has indicated they haven't instigated the MFA prompt and could indicate an attacker has the password for the account.",
  "long_desc": "User has indicated they haven't instigated the MFA prompt and could indicate an attacker has the password for the account.\n\nMITRE ATT&CK:\n  Tactics: Initial Access, Credential Access\n  Techniques: T1078.004, T1110, T1621\n\nReferences:\n  - https://www.microsoft.com/security/blog/2022/03/22/dev-0537-criminal-actor-targeting-organizations-for-data-exfiltration-and-destruction/\n\nFalse Positives:\n  - Users actually login but miss-click into the Deny button when MFA prompt.\n\nAuthor: AlertIQ\nCreated: 2022-03-24",
  "risk_rating": 5,
  "alarm_enabled": true,
  "rule_enabled": false,
  "blocks": [
    {
      "block_type": "LogObservedRuleBlock",
      "msg_filters": [
        {
          "msg_filter_type": 1,
          "field_filters": [
            {
              "filter_type": 112,
              "filter_type_name": "Command",
              "operator": 0,
              "operator_name": "Value",
              "filter_mode": 1,
              "field_operator": "And",
              "values": [
                "multiFactorAuthentication"
              ]
            },
            {
              "filter_type": 112,
              "filter_type_name": "Command",
              "operator": 2,
              "operator_name": "Regex",
              "filter_mode": 1,
              "field_operator": "Or",
              "values": [
                "MFA Denied"
              ]
            }
          ]
        }
      ],
      "group_by_fields": [
        16
      ]
    }
  ]
}