{
  "name": "Authentications To Important Apps Using Single Factor Authentication",
  "short_desc": "Detect when authentications to important application(s) only required single-factor authentication",
  "long_desc": "Detect when authentications to important application(s) only required single-factor authentication\n\nMITRE ATT&CK:\n  Tactics: Initial Access\n  Techniques: T1078\n\nReferences:\n  - https://learn.microsoft.com/en-gb/entra/architecture/security-operations-user-accounts\n\nFalse Positives:\n  - If this was approved by System Administrator.\n\nAuthor: MikeDuddington, '@dudders1'\nCreated: 2022-07-28",
  "risk_rating": 5,
  "alarm_enabled": true,
  "rule_enabled": false,
  "blocks": [
    {
      "block_type": "LogObservedRuleBlock",
      "msg_filters": [
        {
          "msg_filter_type": 1,
          "field_filters": [
            {
              "filter_type": 112,
              "filter_type_name": "Command",
              "operator": 0,
              "operator_name": "Value",
              "filter_mode": 1,
              "field_operator": "And",
              "values": [
                "Success"
              ]
            },
            {
              "filter_type": 112,
              "filter_type_name": "Command",
              "operator": 0,
              "operator_name": "Value",
              "filter_mode": 1,
              "field_operator": "Or",
              "values": [
                "Insert Application ID use OR for multiple"
              ]
            },
            {
              "filter_type": 112,
              "filter_type_name": "Command",
              "operator": 0,
              "operator_name": "Value",
              "filter_mode": 1,
              "field_operator": "Or",
              "values": [
                "singleFactorAuthentication"
              ]
            }
          ]
        }
      ],
      "group_by_fields": [
        16
      ]
    }
  ]
}