{
  "name": "Application Using Device Code Authentication Flow",
  "short_desc": "Device code flow is an OAuth 2.0 protocol flow specifically for input constrained devices and is not used in all environments.\nIf this type of flow is seen in the environment and not being used in an input constrained device scenario, further investigatio",
  "long_desc": "Device code flow is an OAuth 2.0 protocol flow specifically for input constrained devices and is not used in all environments.\nIf this type of flow is seen in the environment and not being used in an input constrained device scenario, further investigation is warranted.\nThis can be a misconfigured application or potentially something malicious.\n\n\nMITRE ATT&CK:\n  Tactics: Defense Evasion, Persistence, Privilege Escalation, Initial Access\n  Techniques: T1078\n\nReferences:\n  - https://learn.microsoft.com/en-us/entra/architecture/security-operations-applications#application-authentication-flows\n\nFalse Positives:\n  - Applications that are input constrained will need to use device code flow and are valid authentications.\n\nAuthor: Mark Morowczynski '@markmorow', Bailey Bercik '@baileybercik'\nCreated: 2022-06-01",
  "risk_rating": 5,
  "alarm_enabled": true,
  "rule_enabled": false,
  "blocks": [
    {
      "block_type": "LogObservedRuleBlock",
      "msg_filters": [
        {
          "msg_filter_type": 1,
          "field_filters": [
            {
              "filter_type": 112,
              "filter_type_name": "Command",
              "operator": 0,
              "operator_name": "Value",
              "filter_mode": 1,
              "field_operator": "And",
              "values": [
                "Device Code"
              ]
            }
          ]
        }
      ],
      "group_by_fields": [
        16
      ]
    }
  ]
}