{
  "name": "Sign-ins from Non-Compliant Devices",
  "short_desc": "Monitor and alert for sign-ins where the device was non-compliant.",
  "long_desc": "Monitor and alert for sign-ins where the device was non-compliant.\n\nMITRE ATT&CK:\n  Tactics: Defense Evasion\n  Techniques: T1078.004\n\nReferences:\n  - https://learn.microsoft.com/en-us/entra/architecture/security-operations-devices#non-compliant-device-sign-in\n\nFalse Positives:\n  - Unknown\n\nAuthor: Michael Epping, '@mepples21'\nCreated: 2022-06-28",
  "risk_rating": 7,
  "alarm_enabled": true,
  "rule_enabled": false,
  "blocks": [
    {
      "block_type": "LogObservedRuleBlock",
      "msg_filters": [
        {
          "msg_filter_type": 1,
          "field_filters": [
            {
              "filter_type": 112,
              "filter_type_name": "Command",
              "operator": 0,
              "operator_name": "Value",
              "filter_mode": 1,
              "field_operator": "And",
              "values": [
                "false"
              ]
            }
          ]
        }
      ],
      "group_by_fields": [
        16
      ]
    }
  ]
}