{
  "name": "Sign-in Failure Due to Conditional Access Requirements Not Met",
  "short_desc": "Define a baseline threshold for failed sign-ins due to Conditional Access failures",
  "long_desc": "Define a baseline threshold for failed sign-ins due to Conditional Access failures\n\nMITRE ATT&CK:\n  Tactics: Initial Access, Credential Access\n  Techniques: T1110, T1078.004\n\nReferences:\n  - https://learn.microsoft.com/en-gb/entra/architecture/security-operations-privileged-accounts\n\nFalse Positives:\n  - Service Account misconfigured\n  - Misconfigured Systems\n  - Vulnerability Scanners\n\nAuthor: Yochana Henderson, '@Yochana-H'\nCreated: 2022-06-01",
  "risk_rating": 7,
  "alarm_enabled": true,
  "rule_enabled": false,
  "blocks": [
    {
      "block_type": "LogObservedRuleBlock",
      "msg_filters": [
        {
          "msg_filter_type": 1,
          "field_filters": [
            {
              "filter_type": 112,
              "filter_type_name": "Command",
              "operator": 0,
              "operator_name": "Value",
              "filter_mode": 1,
              "field_operator": "And",
              "values": [
                53003
              ]
            },
            {
              "filter_type": 112,
              "filter_type_name": "Command",
              "operator": 0,
              "operator_name": "Value",
              "filter_mode": 1,
              "field_operator": "Or",
              "values": [
                "Blocked by Conditional Access"
              ]
            }
          ]
        }
      ],
      "group_by_fields": [
        16
      ]
    }
  ]
}