{
  "name": "Potential MFA Bypass Using Legacy Client Authentication",
  "short_desc": "Detects successful authentication from potential clients using legacy authentication via user agent strings. This could be a sign of MFA bypass using a password spray attack.",
  "long_desc": "Detects successful authentication from potential clients using legacy authentication via user agent strings. This could be a sign of MFA bypass using a password spray attack.\n\nMITRE ATT&CK:\n  Tactics: Initial Access, Credential Access\n  Techniques: T1078.004, T1110\n\nReferences:\n  - https://web.archive.org/web/20230217071802/https://blooteem.com/march-2022\n  - https://www.microsoft.com/en-us/security/blog/2021/10/26/protect-your-business-from-password-sprays-with-microsoft-dart-recommendations/\n\nFalse Positives:\n  - Known Legacy Accounts\n\nAuthor: Harjot Singh, '@cyb3rjy0t'\nCreated: 2023-03-20",
  "risk_rating": 7,
  "alarm_enabled": true,
  "rule_enabled": false,
  "blocks": [
    {
      "block_type": "LogObservedRuleBlock",
      "msg_filters": [
        {
          "msg_filter_type": 1,
          "field_filters": [
            {
              "filter_type": 112,
              "filter_type_name": "Command",
              "operator": 0,
              "operator_name": "Value",
              "filter_mode": 1,
              "field_operator": "And",
              "values": [
                "Success"
              ]
            },
            {
              "filter_type": 112,
              "filter_type_name": "Command",
              "operator": 2,
              "operator_name": "Regex",
              "filter_mode": 1,
              "field_operator": "Or",
              "values": [
                "BAV2ROPC",
                "CBAinPROD",
                "CBAinTAR"
              ]
            }
          ]
        }
      ],
      "group_by_fields": [
        16
      ]
    }
  ]
}