{
  "name": "Applications That Are Using ROPC Authentication Flow",
  "short_desc": "Resource owner password credentials (ROPC) should be avoided if at all possible as this requires the user to expose their current password credentials to the application directly.\nThe application then uses those credentials to authenticate the user agains",
  "long_desc": "Resource owner password credentials (ROPC) should be avoided if at all possible as this requires the user to expose their current password credentials to the application directly.\nThe application then uses those credentials to authenticate the user against the identity provider.\n\n\nMITRE ATT&CK:\n  Tactics: Defense Evasion, Persistence, Privilege Escalation, Initial Access\n  Techniques: T1078\n\nReferences:\n  - https://learn.microsoft.com/en-us/entra/architecture/security-operations-applications#application-authentication-flows\n\nFalse Positives:\n  - Applications that are being used as part of automated testing or a legacy application that cannot use any other modern authentication flow\n\nAuthor: Mark Morowczynski '@markmorow', Bailey Bercik '@baileybercik'\nCreated: 2022-06-01",
  "risk_rating": 5,
  "alarm_enabled": true,
  "rule_enabled": false,
  "blocks": [
    {
      "block_type": "LogObservedRuleBlock",
      "msg_filters": [
        {
          "msg_filter_type": 1,
          "field_filters": [
            {
              "filter_type": 112,
              "filter_type_name": "Command",
              "operator": 0,
              "operator_name": "Value",
              "filter_mode": 1,
              "field_operator": "And",
              "values": [
                "ROPC"
              ]
            }
          ]
        }
      ],
      "group_by_fields": [
        16
      ]
    }
  ]
}