{
  "name": "Discovery Using AzureHound",
  "short_desc": "Detects AzureHound (A BloodHound data collector for Microsoft Azure) activity via the default User-Agent that is used during its operation after successful authentication.",
  "long_desc": "Detects AzureHound (A BloodHound data collector for Microsoft Azure) activity via the default User-Agent that is used during its operation after successful authentication.\n\nMITRE ATT&CK:\n  Tactics: Discovery\n  Techniques: T1087.004, T1526\n\nReferences:\n  - https://github.com/BloodHoundAD/AzureHound\n\nFalse Positives:\n  - Unknown\n\nAuthor: Janantha Marasinghe\nCreated: 2022-11-27",
  "risk_rating": 7,
  "alarm_enabled": true,
  "rule_enabled": false,
  "blocks": [
    {
      "block_type": "LogObservedRuleBlock",
      "msg_filters": [
        {
          "msg_filter_type": 1,
          "field_filters": [
            {
              "filter_type": 112,
              "filter_type_name": "Command",
              "operator": 2,
              "operator_name": "Regex",
              "filter_mode": 1,
              "field_operator": "And",
              "values": [
                "azurehound"
              ]
            },
            {
              "filter_type": 112,
              "filter_type_name": "Command",
              "operator": 0,
              "operator_name": "Value",
              "filter_mode": 1,
              "field_operator": "Or",
              "values": [
                0
              ]
            }
          ]
        }
      ],
      "group_by_fields": [
        16
      ]
    }
  ]
}