{
  "name": "Use of Legacy Authentication Protocols",
  "short_desc": "Alert on when legacy authentication has been used on an account",
  "long_desc": "Alert on when legacy authentication has been used on an account\n\nMITRE ATT&CK:\n  Tactics: Initial Access, Credential Access\n  Techniques: T1078.004, T1110\n\nReferences:\n  - https://learn.microsoft.com/en-gb/entra/architecture/security-operations-privileged-accounts\n\nFalse Positives:\n  - User has been put in acception group so they can use legacy authentication\n\nAuthor: Yochana Henderson, '@Yochana-H'\nCreated: 2022-06-17",
  "risk_rating": 7,
  "alarm_enabled": true,
  "rule_enabled": false,
  "blocks": [
    {
      "block_type": "LogObservedRuleBlock",
      "msg_filters": [
        {
          "msg_filter_type": 1,
          "field_filters": [
            {
              "filter_type": 112,
              "filter_type_name": "Command",
              "operator": 0,
              "operator_name": "Value",
              "filter_mode": 1,
              "field_operator": "And",
              "values": [
                "Sign-ins"
              ]
            },
            {
              "filter_type": 112,
              "filter_type_name": "Command",
              "operator": 0,
              "operator_name": "Value",
              "filter_mode": 1,
              "field_operator": "Or",
              "values": [
                "Other client",
                "IMAP",
                "POP3",
                "MAPI",
                "SMTP",
                "Exchange ActiveSync",
                "Exchange Web Services"
              ]
            },
            {
              "filter_type": 112,
              "filter_type_name": "Command",
              "operator": 0,
              "operator_name": "Value",
              "filter_mode": 1,
              "field_operator": "Or",
              "values": [
                "UPN"
              ]
            }
          ]
        }
      ],
      "group_by_fields": [
        16
      ]
    }
  ]
}