{
  "name": "Suspicious SignIns From A Non Registered Device",
  "short_desc": "Detects risky authentication from a non AD registered device without MFA being required.",
  "long_desc": "Detects risky authentication from a non AD registered device without MFA being required.\n\nMITRE ATT&CK:\n  Tactics: Defense Evasion\n  Techniques: T1078\n\nReferences:\n  - https://learn.microsoft.com/en-us/entra/architecture/security-operations-devices#non-compliant-device-sign-in\n\nFalse Positives:\n  - Unknown\n\nAuthor: Harjot Singh, '@cyb3rjy0t'\nCreated: 2023-01-10\nModified: 2025-07-02",
  "risk_rating": 7,
  "alarm_enabled": true,
  "rule_enabled": false,
  "blocks": [
    {
      "block_type": "LogObservedRuleBlock",
      "msg_filters": [
        {
          "msg_filter_type": 1,
          "field_filters": [
            {
              "filter_type": 112,
              "filter_type_name": "Command",
              "operator": 0,
              "operator_name": "Value",
              "filter_mode": 1,
              "field_operator": "And",
              "values": [
                "Success"
              ]
            },
            {
              "filter_type": 112,
              "filter_type_name": "Command",
              "operator": 0,
              "operator_name": "Value",
              "filter_mode": 1,
              "field_operator": "Or",
              "values": [
                "singleFactorAuthentication"
              ]
            },
            {
              "filter_type": 112,
              "filter_type_name": "Command",
              "operator": 0,
              "operator_name": "Value",
              "filter_mode": 1,
              "field_operator": "Or",
              "values": [
                "atRisk"
              ]
            },
            {
              "filter_type": 112,
              "filter_type_name": "Command",
              "operator": 0,
              "operator_name": "Value",
              "filter_mode": 1,
              "field_operator": "Or",
              "values": [
                ""
              ]
            },
            {
              "filter_type": 112,
              "filter_type_name": "Command",
              "operator": 0,
              "operator_name": "Value",
              "filter_mode": 1,
              "field_operator": "Or",
              "values": [
                "None"
              ]
            }
          ]
        }
      ],
      "group_by_fields": [
        16
      ]
    }
  ]
}