{
  "name": "Spring Framework Exceptions",
  "short_desc": "Detects suspicious Spring framework exceptions that could indicate exploitation attempts",
  "long_desc": "Detects suspicious Spring framework exceptions that could indicate exploitation attempts\n\nMITRE ATT&CK:\n  Tactics: Initial Access\n  Techniques: T1190\n\nReferences:\n  - https://docs.spring.io/spring-security/site/docs/current/api/overview-tree.html\n\nFalse Positives:\n  - Application bugs\n\nAuthor: Thomas Patzke\nCreated: 2017-08-06\nModified: 2020-09-01",
  "risk_rating": 5,
  "alarm_enabled": true,
  "rule_enabled": false,
  "blocks": [
    {
      "block_type": "LogObservedRuleBlock",
      "msg_filters": [],
      "group_by_fields": [
        17
      ]
    }
  ]
}