{
  "name": "Potential SpEL Injection In Spring Framework",
  "short_desc": "Detects potential SpEL Injection exploitation, which may lead to RCE.",
  "long_desc": "Detects potential SpEL Injection exploitation, which may lead to RCE.\n\nMITRE ATT&CK:\n  Tactics: Initial Access\n  Techniques: T1190\n\nReferences:\n  - https://owasp.org/www-community/vulnerabilities/Expression_Language_Injection\n  - https://www.wix.engineering/post/threat-and-vulnerability-hunting-with-application-server-error-logs\n\nFalse Positives:\n  - Application bugs\n\nAuthor: Moti Harmats\nCreated: 2023-02-11",
  "risk_rating": 7,
  "alarm_enabled": true,
  "rule_enabled": false,
  "blocks": [
    {
      "block_type": "LogObservedRuleBlock",
      "msg_filters": [],
      "group_by_fields": [
        17
      ]
    }
  ]
}