{
  "name": "PwnKit Local Privilege Escalation",
  "short_desc": "Detects potential PwnKit exploitation CVE-2021-4034 in auth logs",
  "long_desc": "Detects potential PwnKit exploitation CVE-2021-4034 in auth logs\n\nMITRE ATT&CK:\n  Tactics: Privilege Escalation\n  Techniques: T1548.001\n\nReferences:\n  - https://twitter.com/wdormann/status/1486161836961579020\n\nFalse Positives:\n  - Unknown\n\nAuthor: Sreeman\nCreated: 2022-01-26\nModified: 2024-09-11",
  "risk_rating": 7,
  "alarm_enabled": true,
  "rule_enabled": false,
  "blocks": [
    {
      "block_type": "LogObservedRuleBlock",
      "msg_filters": [
        {
          "msg_filter_type": 1,
          "field_filters": [
            {
              "filter_type": 112,
              "filter_type_name": "Command",
              "operator": 2,
              "operator_name": "Regex",
              "filter_mode": 1,
              "field_operator": "And",
              "values": [
                "pkexec",
                "The value for environment variable XAUTHORITY contains suspicious content",
                "[USER=root] [TTY=/dev/pts/0]"
              ]
            }
          ]
        }
      ],
      "group_by_fields": [
        16
      ]
    }
  ]
}