{
  "name": "Webshell Remote Command Execution",
  "short_desc": "Detects possible command execution by web application/web shell",
  "long_desc": "Detects possible command execution by web application/web shell\n\nMITRE ATT&CK:\n  Tactics: Persistence\n  Techniques: T1505.003\n\nReferences:\n  - Personal Experience of the Author\n  - https://www.vaadata.com/blog/what-is-command-injection-exploitations-and-security-best-practices/\n\nFalse Positives:\n  - Admin activity\n  - Crazy web applications\n\nAuthor: Ilyas Ochkov, Beyu Denis, oscd.community\nCreated: 2019-10-12\nModified: 2025-06-03",
  "risk_rating": 9,
  "alarm_enabled": true,
  "rule_enabled": false,
  "blocks": [
    {
      "block_type": "LogObservedRuleBlock",
      "msg_filters": [
        {
          "msg_filter_type": 1,
          "field_filters": [
            {
              "filter_type": 112,
              "filter_type_name": "Command",
              "operator": 0,
              "operator_name": "Value",
              "filter_mode": 1,
              "field_operator": "And",
              "values": [
                "SYSCALL"
              ]
            },
            {
              "filter_type": 112,
              "filter_type_name": "Command",
              "operator": 0,
              "operator_name": "Value",
              "filter_mode": 1,
              "field_operator": "Or",
              "values": [
                "execve",
                "execveat"
              ]
            },
            {
              "filter_type": 112,
              "filter_type_name": "Command",
              "operator": 0,
              "operator_name": "Value",
              "filter_mode": 1,
              "field_operator": "Or",
              "values": [
                33
              ]
            }
          ]
        }
      ],
      "group_by_fields": [
        16
      ]
    }
  ]
}