{
  "name": "Suspicious History File Operations - Linux",
  "short_desc": "Detects commandline operations on shell history files",
  "long_desc": "Detects commandline operations on shell history files\n\nMITRE ATT&CK:\n  Tactics: Credential Access\n  Techniques: T1552.003\n\nReferences:\n  - https://github.com/redcanaryco/atomic-red-team/blob/f339e7da7d05f6057fdfcdd3742bfcf365fee2a9/atomics/T1552.003/T1552.003.md\n\nFalse Positives:\n  - Legitimate administrative activity\n  - Legitimate software, cleaning hist file\n\nAuthor: Mikhail Larin, oscd.community\nCreated: 2020-10-17\nModified: 2022-11-28",
  "risk_rating": 5,
  "alarm_enabled": true,
  "rule_enabled": false,
  "blocks": [
    {
      "block_type": "LogObservedRuleBlock",
      "msg_filters": [
        {
          "msg_filter_type": 1,
          "field_filters": [
            {
              "filter_type": 112,
              "filter_type_name": "Command",
              "operator": 0,
              "operator_name": "Value",
              "filter_mode": 1,
              "field_operator": "And",
              "values": [
                "EXECVE"
              ]
            }
          ]
        }
      ],
      "group_by_fields": [
        16
      ]
    }
  ]
}