{
  "name": "Bpfdoor TCP Ports Redirect",
  "short_desc": "All TCP traffic on particular port from attacker is routed to different port. ex. '/sbin/iptables -t nat -D PREROUTING -p tcp -s 192.168.1.1 --dport 22 -j REDIRECT --to-ports 42392'\nThe traffic looks like encrypted SSH communications going to TCP port 22,",
  "long_desc": "All TCP traffic on particular port from attacker is routed to different port. ex. '/sbin/iptables -t nat -D PREROUTING -p tcp -s 192.168.1.1 --dport 22 -j REDIRECT --to-ports 42392'\nThe traffic looks like encrypted SSH communications going to TCP port 22, but in reality is being directed to the shell port once it hits the iptables rule for the attacker host only.\n\n\nMITRE ATT&CK:\n  Tactics: Defense Evasion\n  Techniques: T1562.004\n\nReferences:\n  - https://www.sandflysecurity.com/blog/bpfdoor-an-evasive-linux-backdoor-technical-analysis/\n  - https://www.elastic.co/security-labs/a-peek-behind-the-bpfdoor\n\nFalse Positives:\n  - Legitimate ports redirect\n\nAuthor: Rafal Piasecki\nCreated: 2022-08-10",
  "risk_rating": 5,
  "alarm_enabled": true,
  "rule_enabled": false,
  "blocks": [
    {
      "block_type": "LogObservedRuleBlock",
      "msg_filters": [
        {
          "msg_filter_type": 1,
          "field_filters": [
            {
              "filter_type": 112,
              "filter_type_name": "Command",
              "operator": 0,
              "operator_name": "Value",
              "filter_mode": 1,
              "field_operator": "And",
              "values": [
                "EXECVE"
              ]
            },
            {
              "filter_type": 112,
              "filter_type_name": "Command",
              "operator": 2,
              "operator_name": "Regex",
              "filter_mode": 1,
              "field_operator": "Or",
              "values": [
                "iptables$"
              ]
            },
            {
              "filter_type": 112,
              "filter_type_name": "Command",
              "operator": 0,
              "operator_name": "Value",
              "filter_mode": 1,
              "field_operator": "Or",
              "values": [
                "-t"
              ]
            },
            {
              "filter_type": 112,
              "filter_type_name": "Command",
              "operator": 0,
              "operator_name": "Value",
              "filter_mode": 1,
              "field_operator": "Or",
              "values": [
                "nat"
              ]
            }
          ]
        }
      ],
      "group_by_fields": [
        16
      ]
    }
  ]
}