{
  "name": "Use Of Hidden Paths Or Files",
  "short_desc": "Detects calls to hidden files or files located in hidden directories in NIX systems.",
  "long_desc": "Detects calls to hidden files or files located in hidden directories in NIX systems.\n\nMITRE ATT&CK:\n  Tactics: Defense Evasion\n  Techniques: T1574.001\n\nReferences:\n  - https://github.com/redcanaryco/atomic-red-team/blob/f339e7da7d05f6057fdfcdd3742bfcf365fee2a9/atomics/T1564.001/T1564.001.md\n\nFalse Positives:\n  - Unknown\n\nAuthor: David Burkett, @signalblur\nCreated: 2022-12-30",
  "risk_rating": 3,
  "alarm_enabled": true,
  "rule_enabled": false,
  "blocks": [
    {
      "block_type": "LogObservedRuleBlock",
      "msg_filters": [
        {
          "msg_filter_type": 1,
          "field_filters": [
            {
              "filter_type": 112,
              "filter_type_name": "Command",
              "operator": 0,
              "operator_name": "Value",
              "filter_mode": 1,
              "field_operator": "And",
              "values": [
                "PATH"
              ]
            },
            {
              "filter_type": 112,
              "filter_type_name": "Command",
              "operator": 2,
              "operator_name": "Regex",
              "filter_mode": 1,
              "field_operator": "Or",
              "values": [
                "/\\\\."
              ]
            },
            {
              "filter_type": 112,
              "filter_type_name": "Command",
              "operator": 2,
              "operator_name": "Regex",
              "filter_mode": 0,
              "field_operator": "Or",
              "values": [
                "/\\\\.cache/",
                "/\\\\.config/",
                "/\\\\.pyenv/",
                "/\\\\.rustup/toolchains"
              ]
            }
          ]
        }
      ],
      "group_by_fields": [
        16
      ]
    }
  ]
}