{
  "name": "Disable ASLR Via Personality Syscall - Linux",
  "short_desc": "Detects the use of the `personality` syscall with the ADDR_NO_RANDOMIZE flag (0x0040000),\nwhich disables Address Space Layout Randomization (ASLR) in Linux. This is often used by attackers\nexploit development, or to bypass memory protection mechanisms.\nA ",
  "long_desc": "Detects the use of the `personality` syscall with the ADDR_NO_RANDOMIZE flag (0x0040000),\nwhich disables Address Space Layout Randomization (ASLR) in Linux. This is often used by attackers\nexploit development, or to bypass memory protection mechanisms.\nA successful use of this flag can reduce the effectiveness of ASLR and make memory corruption\nattacks more reliable.\n\n\nMITRE ATT&CK:\n  Tactics: Defense Evasion\n  Techniques: T1562.001, T1055.009\n\nReferences:\n  - https://github.com/CheraghiMilad/bypass-Neo23x0-auditd-config/blob/f1c478a37911a5447d5ffcd580f22b167bf3df14/personality-syscall/README.md\n  - https://man7.org/linux/man-pages/man2/personality.2.html\n  - https://manual.cs50.io/2/personality\n\nFalse Positives:\n  - Debugging or legitimate software testing\n\nAuthor: Milad Cheraghi\nCreated: 2025-05-26\nModified: 2025-06-05",
  "risk_rating": 3,
  "alarm_enabled": true,
  "rule_enabled": false,
  "blocks": [
    {
      "block_type": "LogObservedRuleBlock",
      "msg_filters": [
        {
          "msg_filter_type": 1,
          "field_filters": [
            {
              "filter_type": 112,
              "filter_type_name": "Command",
              "operator": 0,
              "operator_name": "Value",
              "filter_mode": 1,
              "field_operator": "And",
              "values": [
                "SYSCALL"
              ]
            },
            {
              "filter_type": 112,
              "filter_type_name": "Command",
              "operator": 0,
              "operator_name": "Value",
              "filter_mode": 1,
              "field_operator": "Or",
              "values": [
                "personality"
              ]
            },
            {
              "filter_type": 112,
              "filter_type_name": "Command",
              "operator": 0,
              "operator_name": "Value",
              "filter_mode": 1,
              "field_operator": "Or",
              "values": [
                40000
              ]
            }
          ]
        }
      ],
      "group_by_fields": [
        16
      ]
    }
  ]
}