{
  "name": "Clear or Disable Kernel Ring Buffer Logs via Syslog Syscall",
  "short_desc": "Detects the use of the `syslog` syscall with action code 5 (SYSLOG_ACTION_CLEAR),\n(4 is SYSLOG_ACTION_READ_CLEAR and 6 is SYSLOG_ACTION_CONSOLE_OFF) which clears the kernel\nring buffer (dmesg logs). This can be used by attackers to hide traces after explo",
  "long_desc": "Detects the use of the `syslog` syscall with action code 5 (SYSLOG_ACTION_CLEAR),\n(4 is SYSLOG_ACTION_READ_CLEAR and 6 is SYSLOG_ACTION_CONSOLE_OFF) which clears the kernel\nring buffer (dmesg logs). This can be used by attackers to hide traces after exploitation\nor privilege escalation. A common technique is running `dmesg -c`, which triggers this syscall internally.\n\n\nMITRE ATT&CK:\n  Tactics: Defense Evasion\n  Techniques: T1070.002\n\nReferences:\n  - https://man7.org/linux/man-pages/man2/syslog.2.html\n  - https://man7.org/linux/man-pages/man1/dmesg.1.html\n\nFalse Positives:\n  - System administrators or scripts that intentionally clear logs\n  - Debugging scripts\n\nAuthor: Milad Cheraghi\nCreated: 2025-05-27\nModified: 2025-06-05",
  "risk_rating": 5,
  "alarm_enabled": true,
  "rule_enabled": false,
  "blocks": [
    {
      "block_type": "LogObservedRuleBlock",
      "msg_filters": [
        {
          "msg_filter_type": 1,
          "field_filters": [
            {
              "filter_type": 112,
              "filter_type_name": "Command",
              "operator": 0,
              "operator_name": "Value",
              "filter_mode": 1,
              "field_operator": "And",
              "values": [
                "SYSCALL"
              ]
            },
            {
              "filter_type": 112,
              "filter_type_name": "Command",
              "operator": 0,
              "operator_name": "Value",
              "filter_mode": 1,
              "field_operator": "Or",
              "values": [
                "syslog"
              ]
            },
            {
              "filter_type": 112,
              "filter_type_name": "Command",
              "operator": 0,
              "operator_name": "Value",
              "filter_mode": 1,
              "field_operator": "Or",
              "values": [
                4,
                5,
                6
              ]
            }
          ]
        }
      ],
      "group_by_fields": [
        16
      ]
    }
  ]
}