{
  "name": "Clipboard Collection of Image Data with Xclip Tool",
  "short_desc": "Detects attempts to collect image data stored in the clipboard from users with the usage of xclip tool.\nXclip has to be installed.\nHighly recommended using rule on servers, due to high usage of clipboard utilities on user workstations.\n",
  "long_desc": "Detects attempts to collect image data stored in the clipboard from users with the usage of xclip tool.\nXclip has to be installed.\nHighly recommended using rule on servers, due to high usage of clipboard utilities on user workstations.\n\n\nMITRE ATT&CK:\n  Tactics: Collection\n  Techniques: T1115\n\nReferences:\n  - https://linux.die.net/man/1/xclip\n\nFalse Positives:\n  - Legitimate usage of xclip tools\n\nAuthor: Pawel Mazur\nCreated: 2021-10-01\nModified: 2022-10-09",
  "risk_rating": 3,
  "alarm_enabled": true,
  "rule_enabled": false,
  "blocks": [
    {
      "block_type": "LogObservedRuleBlock",
      "msg_filters": [
        {
          "msg_filter_type": 1,
          "field_filters": [
            {
              "filter_type": 112,
              "filter_type_name": "Command",
              "operator": 0,
              "operator_name": "Value",
              "filter_mode": 1,
              "field_operator": "And",
              "values": [
                "EXECVE"
              ]
            },
            {
              "filter_type": 112,
              "filter_type_name": "Command",
              "operator": 0,
              "operator_name": "Value",
              "filter_mode": 1,
              "field_operator": "Or",
              "values": [
                "xclip"
              ]
            },
            {
              "filter_type": 112,
              "filter_type_name": "Command",
              "operator": 0,
              "operator_name": "Value",
              "filter_mode": 1,
              "field_operator": "Or",
              "values": [
                "-selection",
                "-sel"
              ]
            },
            {
              "filter_type": 112,
              "filter_type_name": "Command",
              "operator": 0,
              "operator_name": "Value",
              "filter_mode": 1,
              "field_operator": "Or",
              "values": [
                "clipboard",
                "clip"
              ]
            },
            {
              "filter_type": 112,
              "filter_type_name": "Command",
              "operator": 0,
              "operator_name": "Value",
              "filter_mode": 1,
              "field_operator": "Or",
              "values": [
                "-t"
              ]
            },
            {
              "filter_type": 112,
              "filter_type_name": "Command",
              "operator": 2,
              "operator_name": "Regex",
              "filter_mode": 1,
              "field_operator": "Or",
              "values": [
                "^image/"
              ]
            },
            {
              "filter_type": 112,
              "filter_type_name": "Command",
              "operator": 0,
              "operator_name": "Value",
              "filter_mode": 1,
              "field_operator": "Or",
              "values": [
                "-o"
              ]
            }
          ]
        }
      ],
      "group_by_fields": [
        16
      ]
    }
  ]
}