{
  "name": "Potential Abuse of Linux Magic System Request Key",
  "short_desc": "Detects the potential abuse of the Linux Magic SysRq (System Request) key by adversaries with root or sufficient privileges\nto silently manipulate or destabilize a system. By writing to /proc/sysrq-trigger, they can crash the system, kill processes,\nor di",
  "long_desc": "Detects the potential abuse of the Linux Magic SysRq (System Request) key by adversaries with root or sufficient privileges\nto silently manipulate or destabilize a system. By writing to /proc/sysrq-trigger, they can crash the system, kill processes,\nor disrupt forensic analysis\u2014all while bypassing standard logging. Though intended for recovery and debugging, SysRq can be\nmisused as a stealthy post-exploitation tool. It is controlled via /proc/sys/kernel/sysrq or permanently through /etc/sysctl.conf.\n\n\nMITRE ATT&CK:\n  Tactics: Execution, Impact\n  Techniques: T1059.004, T1529, T1489, T1499\n\nReferences:\n  - https://www.kernel.org/doc/html/v4.10/_sources/admin-guide/sysrq.txt\n  - https://docs.redhat.com/en/documentation/red_hat_enterprise_linux/4/html/reference_guide/s3-proc-sys-kernel\n  - https://www.splunk.com/en_us/blog/security/threat-update-awfulshred-script-wiper.html\n\nFalse Positives:\n  - Legitimate administrative activity\n\nAuthor: Milad Cheraghi\nCreated: 2025-05-23",
  "risk_rating": 5,
  "alarm_enabled": true,
  "rule_enabled": false,
  "blocks": [
    {
      "block_type": "LogObservedRuleBlock",
      "msg_filters": [
        {
          "msg_filter_type": 1,
          "field_filters": [
            {
              "filter_type": 112,
              "filter_type_name": "Command",
              "operator": 0,
              "operator_name": "Value",
              "filter_mode": 1,
              "field_operator": "And",
              "values": [
                "PATH"
              ]
            },
            {
              "filter_type": 112,
              "filter_type_name": "Command",
              "operator": 2,
              "operator_name": "Regex",
              "filter_mode": 1,
              "field_operator": "Or",
              "values": [
                "/sysrq$",
                "/sysctl\\\\.conf$",
                "/sysrq-trigger$"
              ]
            }
          ]
        }
      ],
      "group_by_fields": [
        16
      ]
    }
  ]
}