{
  "name": "File Time Attribute Change - Linux",
  "short_desc": "Detect file time attribute change to hide new or changes to existing files.",
  "long_desc": "Detect file time attribute change to hide new or changes to existing files.\n\nMITRE ATT&CK:\n  Tactics: Defense Evasion\n  Techniques: T1070.006\n\nReferences:\n  - https://github.com/redcanaryco/atomic-red-team/blob/f339e7da7d05f6057fdfcdd3742bfcf365fee2a9/atomics/T1070.006/T1070.006.md\n\nFalse Positives:\n  - Unknown\n\nAuthor: Igor Fits, oscd.community\nCreated: 2020-10-15\nModified: 2022-11-28",
  "risk_rating": 5,
  "alarm_enabled": true,
  "rule_enabled": false,
  "blocks": [
    {
      "block_type": "LogObservedRuleBlock",
      "msg_filters": [
        {
          "msg_filter_type": 1,
          "field_filters": [
            {
              "filter_type": 112,
              "filter_type_name": "Command",
              "operator": 0,
              "operator_name": "Value",
              "filter_mode": 1,
              "field_operator": "And",
              "values": [
                "EXECVE"
              ]
            }
          ]
        }
      ],
      "group_by_fields": [
        16
      ]
    }
  ]
}