{
  "name": "Systemd Service Creation",
  "short_desc": "Detects a creation of systemd services which could be used by adversaries to execute malicious code.",
  "long_desc": "Detects a creation of systemd services which could be used by adversaries to execute malicious code.\n\nMITRE ATT&CK:\n  Tactics: Persistence\n  Techniques: T1543.002\n\nReferences:\n  - https://github.com/redcanaryco/atomic-red-team/blob/f339e7da7d05f6057fdfcdd3742bfcf365fee2a9/atomics/T1543.002/T1543.002.md\n\nFalse Positives:\n  - Admin work like legit service installs.\n\nAuthor: Pawel Mazur\nCreated: 2022-02-03\nModified: 2022-02-06",
  "risk_rating": 5,
  "alarm_enabled": true,
  "rule_enabled": false,
  "blocks": [
    {
      "block_type": "LogObservedRuleBlock",
      "msg_filters": [
        {
          "msg_filter_type": 1,
          "field_filters": [
            {
              "filter_type": 112,
              "filter_type_name": "Command",
              "operator": 0,
              "operator_name": "Value",
              "filter_mode": 1,
              "field_operator": "And",
              "values": [
                "PATH"
              ]
            },
            {
              "filter_type": 112,
              "filter_type_name": "Command",
              "operator": 0,
              "operator_name": "Value",
              "filter_mode": 1,
              "field_operator": "Or",
              "values": [
                "CREATE"
              ]
            },
            {
              "filter_type": 112,
              "filter_type_name": "Command",
              "operator": 2,
              "operator_name": "Regex",
              "filter_mode": 1,
              "field_operator": "Or",
              "values": [
                "^/usr/lib/systemd/system/",
                "^/etc/systemd/system/"
              ]
            },
            {
              "filter_type": 112,
              "filter_type_name": "Command",
              "operator": 2,
              "operator_name": "Regex",
              "filter_mode": 1,
              "field_operator": "Or",
              "values": [
                "/\\\\.config/systemd/user/"
              ]
            }
          ]
        }
      ],
      "group_by_fields": [
        16
      ]
    }
  ]
}