{
  "name": "Program Executions in Suspicious Folders",
  "short_desc": "Detects program executions in suspicious non-program folders related to malware or hacking activity",
  "long_desc": "Detects program executions in suspicious non-program folders related to malware or hacking activity\n\nMITRE ATT&CK:\n  Tactics: Resource Development\n  Techniques: T1587, T1584\n\nReferences:\n  - Internal Research\n\nFalse Positives:\n  - Admin activity (especially in /tmp folders)\n  - Crazy web applications\n\nAuthor: Florian Roth (Nextron Systems)\nCreated: 2018-01-23\nModified: 2021-11-27",
  "risk_rating": 5,
  "alarm_enabled": true,
  "rule_enabled": false,
  "blocks": [
    {
      "block_type": "LogObservedRuleBlock",
      "msg_filters": [
        {
          "msg_filter_type": 1,
          "field_filters": [
            {
              "filter_type": 112,
              "filter_type_name": "Command",
              "operator": 0,
              "operator_name": "Value",
              "filter_mode": 1,
              "field_operator": "And",
              "values": [
                "SYSCALL"
              ]
            },
            {
              "filter_type": 112,
              "filter_type_name": "Command",
              "operator": 2,
              "operator_name": "Regex",
              "filter_mode": 1,
              "field_operator": "Or",
              "values": [
                "^/tmp/",
                "^/var/www/",
                "^/home/.*/public_html/",
                "^/usr/local/apache2/",
                "^/usr/local/httpd/",
                "^/var/apache/",
                "^/srv/www/",
                "^/home/httpd/html/",
                "^/srv/http/",
                "^/usr/share/nginx/html/",
                "^/var/lib/pgsql/data/",
                "^/usr/local/mysql/data/",
                "^/var/lib/mysql/",
                "^/var/vsftpd/",
                "^/etc/bind/",
                "^/var/named/"
              ]
            }
          ]
        }
      ],
      "group_by_fields": [
        16
      ]
    }
  ]
}