{
  "name": "Special File Creation via Mknod Syscall",
  "short_desc": "Detects usage of the `mknod` syscall to create special files (e.g., character or block devices).\nAttackers or malware might use `mknod` to create fake devices, interact with kernel interfaces,\nor establish covert channels in Linux systems.\nMonitoring the ",
  "long_desc": "Detects usage of the `mknod` syscall to create special files (e.g., character or block devices).\nAttackers or malware might use `mknod` to create fake devices, interact with kernel interfaces,\nor establish covert channels in Linux systems.\nMonitoring the use of `mknod` is important because this syscall is rarely used by legitimate applications,\nand it can be abused to bypass file system restrictions or create backdoors.\n\n\nMITRE ATT&CK:\n  Tactics: Persistence\n  Techniques: T1543.003\n\nReferences:\n  - https://man7.org/linux/man-pages/man2/mknod.2.html\n  - https://hopeness.medium.com/master-the-linux-mknod-command-a-comprehensive-guide-1c150a546aa8\n\nFalse Positives:\n  - Device creation by legitimate scripts or init systems (udevadm, MAKEDEV)\n  - Container runtimes or security tools during initialization\n\nAuthor: Milad Cheraghi\nCreated: 2025-05-31",
  "risk_rating": 3,
  "alarm_enabled": true,
  "rule_enabled": false,
  "blocks": [
    {
      "block_type": "LogObservedRuleBlock",
      "msg_filters": [
        {
          "msg_filter_type": 1,
          "field_filters": [
            {
              "filter_type": 112,
              "filter_type_name": "Command",
              "operator": 0,
              "operator_name": "Value",
              "filter_mode": 1,
              "field_operator": "And",
              "values": [
                "SYSCALL"
              ]
            },
            {
              "filter_type": 112,
              "filter_type_name": "Command",
              "operator": 0,
              "operator_name": "Value",
              "filter_mode": 1,
              "field_operator": "Or",
              "values": [
                "mknod"
              ]
            }
          ]
        }
      ],
      "group_by_fields": [
        16
      ]
    }
  ]
}