{
  "name": "Creation Of An User Account",
  "short_desc": "Detects the creation of a new user account. Such accounts may be used for persistence that do not require persistent remote access tools to be deployed on the system.",
  "long_desc": "Detects the creation of a new user account. Such accounts may be used for persistence that do not require persistent remote access tools to be deployed on the system.\n\nMITRE ATT&CK:\n  Tactics: Persistence\n  Techniques: T1136.001\n\nReferences:\n  - https://access.redhat.com/documentation/en-us/red_hat_enterprise_linux/7/html/security_guide/sec-understanding_audit_log_files\n  - https://access.redhat.com/articles/4409591#audit-record-types-2\n  - https://www.youtube.com/watch?v=VmvY5SQm5-Y&ab_channel=M45C07\n\nFalse Positives:\n  - Admin activity\n\nAuthor: Marie Euler, Pawel Mazur\nCreated: 2020-05-18\nModified: 2022-12-20",
  "risk_rating": 5,
  "alarm_enabled": true,
  "rule_enabled": false,
  "blocks": [
    {
      "block_type": "LogObservedRuleBlock",
      "msg_filters": [
        {
          "msg_filter_type": 1,
          "field_filters": [
            {
              "filter_type": 112,
              "filter_type_name": "Command",
              "operator": 0,
              "operator_name": "Value",
              "filter_mode": 1,
              "field_operator": "And",
              "values": [
                "SYSCALL"
              ]
            },
            {
              "filter_type": 112,
              "filter_type_name": "Command",
              "operator": 2,
              "operator_name": "Regex",
              "filter_mode": 1,
              "field_operator": "Or",
              "values": [
                "/useradd$"
              ]
            },
            {
              "filter_type": 112,
              "filter_type_name": "Command",
              "operator": 0,
              "operator_name": "Value",
              "filter_mode": 1,
              "field_operator": "Or",
              "values": [
                "ADD_USER"
              ]
            }
          ]
        }
      ],
      "group_by_fields": [
        16
      ]
    }
  ]
}