{
  "name": "Split A File Into Pieces - Linux",
  "short_desc": "Detection use of the command \"split\" to split files into parts and possible transfer.",
  "long_desc": "Detection use of the command \"split\" to split files into parts and possible transfer.\n\nMITRE ATT&CK:\n  Tactics: Exfiltration\n  Techniques: T1030\n\nReferences:\n  - https://github.com/redcanaryco/atomic-red-team/blob/f339e7da7d05f6057fdfcdd3742bfcf365fee2a9/atomics/T1030/T1030.md\n\nFalse Positives:\n  - Legitimate administrative activity\n\nAuthor: Igor Fits, oscd.community\nCreated: 2020-10-15\nModified: 2022-11-28",
  "risk_rating": 3,
  "alarm_enabled": true,
  "rule_enabled": false,
  "blocks": [
    {
      "block_type": "LogObservedRuleBlock",
      "msg_filters": [
        {
          "msg_filter_type": 1,
          "field_filters": [
            {
              "filter_type": 112,
              "filter_type_name": "Command",
              "operator": 0,
              "operator_name": "Value",
              "filter_mode": 1,
              "field_operator": "And",
              "values": [
                "SYSCALL"
              ]
            },
            {
              "filter_type": 112,
              "filter_type_name": "Command",
              "operator": 0,
              "operator_name": "Value",
              "filter_mode": 1,
              "field_operator": "Or",
              "values": [
                "split"
              ]
            }
          ]
        }
      ],
      "group_by_fields": [
        16
      ]
    }
  ]
}