{
  "name": "Modification of ld.so.preload",
  "short_desc": "Identifies modification of ld.so.preload for shared object injection. This technique is used by attackers to load arbitrary code into processes.",
  "long_desc": "Identifies modification of ld.so.preload for shared object injection. This technique is used by attackers to load arbitrary code into processes.\n\nMITRE ATT&CK:\n  Tactics: Defense Evasion\n  Techniques: T1574.006\n\nReferences:\n  - https://github.com/redcanaryco/atomic-red-team/blob/f339e7da7d05f6057fdfcdd3742bfcf365fee2a9/atomics/T1574.006/T1574.006.md\n  - https://eqllib.readthedocs.io/en/latest/analytics/fd9b987a-1101-4ed3-bda6-a70300eaf57e.html\n\nFalse Positives:\n  - Unknown\n\nAuthor: E.M. Anhaus (originally from Atomic Blue Detections, Tony Lambert), oscd.community\nCreated: 2019-10-24\nModified: 2021-11-27",
  "risk_rating": 7,
  "alarm_enabled": true,
  "rule_enabled": false,
  "blocks": [
    {
      "block_type": "LogObservedRuleBlock",
      "msg_filters": [
        {
          "msg_filter_type": 1,
          "field_filters": [
            {
              "filter_type": 112,
              "filter_type_name": "Command",
              "operator": 0,
              "operator_name": "Value",
              "filter_mode": 1,
              "field_operator": "And",
              "values": [
                "PATH"
              ]
            },
            {
              "filter_type": 112,
              "filter_type_name": "Command",
              "operator": 0,
              "operator_name": "Value",
              "filter_mode": 1,
              "field_operator": "Or",
              "values": [
                "/etc/ld.so.preload"
              ]
            }
          ]
        }
      ],
      "group_by_fields": [
        16
      ]
    }
  ]
}