{
  "name": "Steganography Hide Zip Information in Picture File",
  "short_desc": "Detects appending of zip file to image",
  "long_desc": "Detects appending of zip file to image\n\nMITRE ATT&CK:\n  Tactics: Defense Evasion\n  Techniques: T1027.003\n\nReferences:\n  - https://zerotoroot.me/steganography-hiding-a-zip-in-a-jpeg-file/\n\nFalse Positives:\n  - Unknown\n\nAuthor: Pawel Mazur\nCreated: 2021-09-09\nModified: 2022-10-09",
  "risk_rating": 3,
  "alarm_enabled": true,
  "rule_enabled": false,
  "blocks": [
    {
      "block_type": "LogObservedRuleBlock",
      "msg_filters": [
        {
          "msg_filter_type": 1,
          "field_filters": [
            {
              "filter_type": 112,
              "filter_type_name": "Command",
              "operator": 0,
              "operator_name": "Value",
              "filter_mode": 1,
              "field_operator": "And",
              "values": [
                "EXECVE"
              ]
            },
            {
              "filter_type": 112,
              "filter_type_name": "Command",
              "operator": 0,
              "operator_name": "Value",
              "filter_mode": 1,
              "field_operator": "Or",
              "values": [
                "cat"
              ]
            },
            {
              "filter_type": 112,
              "filter_type_name": "Command",
              "operator": 2,
              "operator_name": "Regex",
              "filter_mode": 1,
              "field_operator": "Or",
              "values": [
                "\\\\.jpg$",
                "\\\\.png$"
              ]
            },
            {
              "filter_type": 112,
              "filter_type_name": "Command",
              "operator": 2,
              "operator_name": "Regex",
              "filter_mode": 1,
              "field_operator": "Or",
              "values": [
                "\\\\.zip$"
              ]
            }
          ]
        }
      ],
      "group_by_fields": [
        16
      ]
    }
  ]
}