{
  "name": "Credentials In Files - Linux",
  "short_desc": "Detecting attempts to extract passwords with grep",
  "long_desc": "Detecting attempts to extract passwords with grep\n\nMITRE ATT&CK:\n  Tactics: Credential Access\n  Techniques: T1552.001\n\nReferences:\n  - https://github.com/redcanaryco/atomic-red-team/blob/f339e7da7d05f6057fdfcdd3742bfcf365fee2a9/atomics/T1552.001/T1552.001.md\n\nFalse Positives:\n  - Unknown\n\nAuthor: Igor Fits, oscd.community\nCreated: 2020-10-15\nModified: 2023-04-30",
  "risk_rating": 7,
  "alarm_enabled": true,
  "rule_enabled": false,
  "blocks": [
    {
      "block_type": "LogObservedRuleBlock",
      "msg_filters": [
        {
          "msg_filter_type": 1,
          "field_filters": [
            {
              "filter_type": 112,
              "filter_type_name": "Command",
              "operator": 0,
              "operator_name": "Value",
              "filter_mode": 1,
              "field_operator": "And",
              "values": [
                "EXECVE"
              ]
            },
            {
              "filter_type": 112,
              "filter_type_name": "Command",
              "operator": 2,
              "operator_name": "Regex",
              "filter_mode": 1,
              "field_operator": "Or",
              "values": [
                "grep",
                "password"
              ]
            }
          ]
        }
      ],
      "group_by_fields": [
        16
      ]
    }
  ]
}