{
  "name": "Audio Capture",
  "short_desc": "Detects attempts to record audio using the arecord and ecasound utilities.",
  "long_desc": "Detects attempts to record audio using the arecord and ecasound utilities.\n\nMITRE ATT&CK:\n  Tactics: Collection\n  Techniques: T1123\n\nReferences:\n  - https://linux.die.net/man/1/arecord\n  - https://linuxconfig.org/how-to-test-microphone-with-audio-linux-sound-architecture-alsa\n  - https://manpages.debian.org/unstable/ecasound/ecasound.1.en.html\n  - https://ecasound.seul.org/ecasound/Documentation/examples.html#fconversions\n\nFalse Positives:\n  - Unknown\n\nAuthor: Pawel Mazur, Milad Cheraghi\nCreated: 2021-09-04\nModified: 2025-06-05",
  "risk_rating": 3,
  "alarm_enabled": true,
  "rule_enabled": false,
  "blocks": [
    {
      "block_type": "LogObservedRuleBlock",
      "msg_filters": [
        {
          "msg_filter_type": 1,
          "field_filters": [
            {
              "filter_type": 112,
              "filter_type_name": "Command",
              "operator": 0,
              "operator_name": "Value",
              "filter_mode": 1,
              "field_operator": "And",
              "values": [
                "EXECVE"
              ]
            },
            {
              "filter_type": 112,
              "filter_type_name": "Command",
              "operator": 0,
              "operator_name": "Value",
              "filter_mode": 1,
              "field_operator": "Or",
              "values": [
                "arecord"
              ]
            },
            {
              "filter_type": 112,
              "filter_type_name": "Command",
              "operator": 0,
              "operator_name": "Value",
              "filter_mode": 1,
              "field_operator": "Or",
              "values": [
                "-vv"
              ]
            },
            {
              "filter_type": 112,
              "filter_type_name": "Command",
              "operator": 0,
              "operator_name": "Value",
              "filter_mode": 1,
              "field_operator": "Or",
              "values": [
                "-fdat"
              ]
            },
            {
              "filter_type": 112,
              "filter_type_name": "Command",
              "operator": 0,
              "operator_name": "Value",
              "filter_mode": 1,
              "field_operator": "Or",
              "values": [
                "SYSCALL"
              ]
            },
            {
              "filter_type": 112,
              "filter_type_name": "Command",
              "operator": 2,
              "operator_name": "Regex",
              "filter_mode": 1,
              "field_operator": "Or",
              "values": [
                "/ecasound$"
              ]
            },
            {
              "filter_type": 112,
              "filter_type_name": "Command",
              "operator": 0,
              "operator_name": "Value",
              "filter_mode": 1,
              "field_operator": "Or",
              "values": [
                "memfd_create"
              ]
            }
          ]
        }
      ],
      "group_by_fields": [
        16
      ]
    }
  ]
}