{
  "name": "Overwriting the File with Dev Zero or Null",
  "short_desc": "Detects overwriting (effectively wiping/deleting) of a file.",
  "long_desc": "Detects overwriting (effectively wiping/deleting) of a file.\n\nMITRE ATT&CK:\n  Tactics: Impact\n  Techniques: T1485\n\nReferences:\n  - https://github.com/redcanaryco/atomic-red-team/blob/f339e7da7d05f6057fdfcdd3742bfcf365fee2a9/atomics/T1485/T1485.md\n\nFalse Positives:\n  - Appending null bytes to files.\n  - Legitimate overwrite of files.\n\nAuthor: Jakob Weinzettl, oscd.community\nCreated: 2019-10-23",
  "risk_rating": 3,
  "alarm_enabled": true,
  "rule_enabled": false,
  "blocks": [
    {
      "block_type": "LogObservedRuleBlock",
      "msg_filters": [
        {
          "msg_filter_type": 1,
          "field_filters": [
            {
              "filter_type": 112,
              "filter_type_name": "Command",
              "operator": 0,
              "operator_name": "Value",
              "filter_mode": 1,
              "field_operator": "And",
              "values": [
                "EXECVE"
              ]
            },
            {
              "filter_type": 112,
              "filter_type_name": "Command",
              "operator": 2,
              "operator_name": "Regex",
              "filter_mode": 1,
              "field_operator": "Or",
              "values": [
                "dd"
              ]
            },
            {
              "filter_type": 112,
              "filter_type_name": "Command",
              "operator": 2,
              "operator_name": "Regex",
              "filter_mode": 1,
              "field_operator": "Or",
              "values": [
                "if=/dev/null",
                "if=/dev/zero"
              ]
            }
          ]
        }
      ],
      "group_by_fields": [
        16
      ]
    }
  ]
}