{
  "name": "Suspicious C2 Activities",
  "short_desc": "Detects suspicious activities as declared by Florian Roth in its 'Best Practice Auditd Configuration'.\nThis includes the detection of the following commands; wget, curl, base64, nc, netcat, ncat, ssh, socat, wireshark, rawshark, rdesktop, nmap.\nThese comm",
  "long_desc": "Detects suspicious activities as declared by Florian Roth in its 'Best Practice Auditd Configuration'.\nThis includes the detection of the following commands; wget, curl, base64, nc, netcat, ncat, ssh, socat, wireshark, rawshark, rdesktop, nmap.\nThese commands match a few techniques from the tactics \"Command and Control\", including not exhaustively the following; Application Layer Protocol (T1071), Non-Application Layer Protocol (T1095), Data Encoding (T1132)\n\n\nMITRE ATT&CK:\n  Tactics: Command And Control\n\nReferences:\n  - https://github.com/Neo23x0/auditd\n\nFalse Positives:\n  - Admin or User activity\n\nAuthor: Marie Euler\nCreated: 2020-05-18\nModified: 2021-11-27",
  "risk_rating": 5,
  "alarm_enabled": true,
  "rule_enabled": false,
  "blocks": [
    {
      "block_type": "LogObservedRuleBlock",
      "msg_filters": [
        {
          "msg_filter_type": 1,
          "field_filters": [
            {
              "filter_type": 112,
              "filter_type_name": "Command",
              "operator": 0,
              "operator_name": "Value",
              "filter_mode": 1,
              "field_operator": "And",
              "values": [
                "susp_activity"
              ]
            }
          ]
        }
      ],
      "group_by_fields": [
        16
      ]
    }
  ]
}