{
  "name": "BPFDoor Abnormal Process ID or Lock File Accessed",
  "short_desc": "detects BPFDoor .lock and .pid files access in temporary file storage facility",
  "long_desc": "detects BPFDoor .lock and .pid files access in temporary file storage facility\n\nMITRE ATT&CK:\n  Tactics: Execution\n  Techniques: T1106, T1059\n\nReferences:\n  - https://www.sandflysecurity.com/blog/bpfdoor-an-evasive-linux-backdoor-technical-analysis/\n  - https://www.elastic.co/security-labs/a-peek-behind-the-bpfdoor\n\nFalse Positives:\n  - Unlikely\n\nAuthor: Rafal Piasecki\nCreated: 2022-08-10",
  "risk_rating": 7,
  "alarm_enabled": true,
  "rule_enabled": false,
  "blocks": [
    {
      "block_type": "LogObservedRuleBlock",
      "msg_filters": [
        {
          "msg_filter_type": 1,
          "field_filters": [
            {
              "filter_type": 112,
              "filter_type_name": "Command",
              "operator": 0,
              "operator_name": "Value",
              "filter_mode": 1,
              "field_operator": "And",
              "values": [
                "PATH"
              ]
            },
            {
              "filter_type": 112,
              "filter_type_name": "Command",
              "operator": 0,
              "operator_name": "Value",
              "filter_mode": 1,
              "field_operator": "Or",
              "values": [
                "/var/run/haldrund.pid",
                "/var/run/xinetd.lock",
                "/var/run/kdevrund.pid"
              ]
            }
          ]
        }
      ],
      "group_by_fields": [
        16
      ]
    }
  ]
}