{
  "name": "Loading of Kernel Module via Insmod",
  "short_desc": "Detects loading of kernel modules with insmod command.\nLoadable Kernel Modules (LKMs) are pieces of code that can be loaded and unloaded into the kernel upon demand.\nAdversaries may use LKMs to obtain persistence within the system or elevate the privilege",
  "long_desc": "Detects loading of kernel modules with insmod command.\nLoadable Kernel Modules (LKMs) are pieces of code that can be loaded and unloaded into the kernel upon demand.\nAdversaries may use LKMs to obtain persistence within the system or elevate the privileges.\n\n\nMITRE ATT&CK:\n  Tactics: Persistence, Privilege Escalation\n  Techniques: T1547.006\n\nReferences:\n  - https://github.com/redcanaryco/atomic-red-team/blob/f339e7da7d05f6057fdfcdd3742bfcf365fee2a9/atomics/T1547.006/T1547.006.md\n  - https://linux.die.net/man/8/insmod\n  - https://man7.org/linux/man-pages/man8/kmod.8.html\n\nFalse Positives:\n  - Unknown\n\nAuthor: Pawel Mazur\nCreated: 2021-11-02\nModified: 2022-12-25",
  "risk_rating": 7,
  "alarm_enabled": true,
  "rule_enabled": false,
  "blocks": [
    {
      "block_type": "LogObservedRuleBlock",
      "msg_filters": [
        {
          "msg_filter_type": 1,
          "field_filters": [
            {
              "filter_type": 112,
              "filter_type_name": "Command",
              "operator": 0,
              "operator_name": "Value",
              "filter_mode": 1,
              "field_operator": "And",
              "values": [
                "SYSCALL"
              ]
            },
            {
              "filter_type": 112,
              "filter_type_name": "Command",
              "operator": 0,
              "operator_name": "Value",
              "filter_mode": 1,
              "field_operator": "Or",
              "values": [
                "insmod"
              ]
            },
            {
              "filter_type": 112,
              "filter_type_name": "Command",
              "operator": 0,
              "operator_name": "Value",
              "filter_mode": 1,
              "field_operator": "Or",
              "values": [
                "/usr/bin/kmod"
              ]
            }
          ]
        }
      ],
      "group_by_fields": [
        16
      ]
    }
  ]
}