{
  "name": "System Info Discovery via Sysinfo Syscall",
  "short_desc": "Detects use of the sysinfo system call in Linux, which provides a snapshot of key system statistics such as uptime, load averages, memory usage, and the number of running processes.\nMalware or reconnaissance tools might leverage sysinfo to fingerprint the",
  "long_desc": "Detects use of the sysinfo system call in Linux, which provides a snapshot of key system statistics such as uptime, load averages, memory usage, and the number of running processes.\nMalware or reconnaissance tools might leverage sysinfo to fingerprint the system - gathering data to determine if it's a viable target.\n\n\nMITRE ATT&CK:\n  Tactics: Discovery\n  Techniques: T1057, T1082\n\nReferences:\n  - https://github.com/CheraghiMilad/bypass-Neo23x0-auditd-config/blob/f1c478a37911a5447d5ffcd580f22b167bf3df14/sysinfo-syscall/README.md\n  - https://man7.org/linux/man-pages/man2/sysinfo.2.html\n\nFalse Positives:\n  - Legitimate administrative activity\n\nAuthor: Milad Cheraghi\nCreated: 2025-05-30",
  "risk_rating": 3,
  "alarm_enabled": true,
  "rule_enabled": false,
  "blocks": [
    {
      "block_type": "LogObservedRuleBlock",
      "msg_filters": [
        {
          "msg_filter_type": 1,
          "field_filters": [
            {
              "filter_type": 112,
              "filter_type_name": "Command",
              "operator": 0,
              "operator_name": "Value",
              "filter_mode": 1,
              "field_operator": "And",
              "values": [
                "SYSCALL"
              ]
            },
            {
              "filter_type": 112,
              "filter_type_name": "Command",
              "operator": 0,
              "operator_name": "Value",
              "filter_mode": 1,
              "field_operator": "Or",
              "values": [
                "sysinfo"
              ]
            },
            {
              "filter_type": 112,
              "filter_type_name": "Command",
              "operator": 2,
              "operator_name": "Regex",
              "filter_mode": 0,
              "field_operator": "Or",
              "values": [
                "/bin/splunkd$"
              ]
            }
          ]
        }
      ],
      "group_by_fields": [
        16
      ]
    }
  ]
}