{
  "name": "System and Hardware Information Discovery",
  "short_desc": "Detects system information discovery commands",
  "long_desc": "Detects system information discovery commands\n\nMITRE ATT&CK:\n  Tactics: Discovery\n  Techniques: T1082\n\nReferences:\n  - https://github.com/redcanaryco/atomic-red-team/blob/f339e7da7d05f6057fdfcdd3742bfcf365fee2a9/atomics/T1082/T1082.md#atomic-test-4---linux-vm-check-via-hardware\n\nFalse Positives:\n  - Legitimate administration activities\n\nAuthor: \u00d6mer G\u00fcnal, oscd.community\nCreated: 2020-10-08\nModified: 2022-11-26",
  "risk_rating": 1,
  "alarm_enabled": true,
  "rule_enabled": false,
  "blocks": [
    {
      "block_type": "LogObservedRuleBlock",
      "msg_filters": [
        {
          "msg_filter_type": 1,
          "field_filters": [
            {
              "filter_type": 112,
              "filter_type_name": "Command",
              "operator": 0,
              "operator_name": "Value",
              "filter_mode": 1,
              "field_operator": "And",
              "values": [
                "PATH"
              ]
            },
            {
              "filter_type": 112,
              "filter_type_name": "Command",
              "operator": 0,
              "operator_name": "Value",
              "filter_mode": 1,
              "field_operator": "Or",
              "values": [
                "/sys/class/dmi/id/bios_version",
                "/sys/class/dmi/id/product_name",
                "/sys/class/dmi/id/chassis_vendor",
                "/proc/scsi/scsi",
                "/proc/ide/hd0/model",
                "/proc/version",
                "/etc/.*version",
                "/etc/.*release",
                "/etc/issue"
              ]
            }
          ]
        }
      ],
      "group_by_fields": [
        16
      ]
    }
  ]
}