{
  "name": "Logging Configuration Changes on Linux Host",
  "short_desc": "Detect changes of syslog daemons configuration files",
  "long_desc": "Detect changes of syslog daemons configuration files\n\nMITRE ATT&CK:\n  Tactics: Defense Evasion\n  Techniques: T1562.006\n\nReferences:\n  - self experience\n\nFalse Positives:\n  - Legitimate administrative activity\n\nAuthor: Mikhail Larin, oscd.community\nCreated: 2019-10-25\nModified: 2021-11-27",
  "risk_rating": 7,
  "alarm_enabled": true,
  "rule_enabled": false,
  "blocks": [
    {
      "block_type": "LogObservedRuleBlock",
      "msg_filters": [
        {
          "msg_filter_type": 1,
          "field_filters": [
            {
              "filter_type": 112,
              "filter_type_name": "Command",
              "operator": 0,
              "operator_name": "Value",
              "filter_mode": 1,
              "field_operator": "And",
              "values": [
                "PATH"
              ]
            },
            {
              "filter_type": 112,
              "filter_type_name": "Command",
              "operator": 0,
              "operator_name": "Value",
              "filter_mode": 1,
              "field_operator": "Or",
              "values": [
                "/etc/syslog.conf",
                "/etc/rsyslog.conf",
                "/etc/syslog-ng/syslog-ng.conf"
              ]
            }
          ]
        }
      ],
      "group_by_fields": [
        16
      ]
    }
  ]
}