{
  "name": "Data Exfiltration with Wget",
  "short_desc": "Detects attempts to post the file with the usage of wget utility.\nThe adversary can bypass the permission restriction with the misconfigured sudo permission for wget utility which could allow them to read files like /etc/shadow.\n",
  "long_desc": "Detects attempts to post the file with the usage of wget utility.\nThe adversary can bypass the permission restriction with the misconfigured sudo permission for wget utility which could allow them to read files like /etc/shadow.\n\n\nMITRE ATT&CK:\n  Tactics: Exfiltration\n  Techniques: T1048.003\n\nReferences:\n  - https://linux.die.net/man/1/wget\n  - https://gtfobins.github.io/gtfobins/wget/\n\nFalse Positives:\n  - Legitimate usage of wget utility to post a file\n\nAuthor: Pawel Mazur\nCreated: 2021-11-18\nModified: 2022-12-25",
  "risk_rating": 5,
  "alarm_enabled": true,
  "rule_enabled": false,
  "blocks": [
    {
      "block_type": "LogObservedRuleBlock",
      "msg_filters": [
        {
          "msg_filter_type": 1,
          "field_filters": [
            {
              "filter_type": 112,
              "filter_type_name": "Command",
              "operator": 0,
              "operator_name": "Value",
              "filter_mode": 1,
              "field_operator": "And",
              "values": [
                "EXECVE"
              ]
            },
            {
              "filter_type": 112,
              "filter_type_name": "Command",
              "operator": 0,
              "operator_name": "Value",
              "filter_mode": 1,
              "field_operator": "Or",
              "values": [
                "wget"
              ]
            },
            {
              "filter_type": 112,
              "filter_type_name": "Command",
              "operator": 2,
              "operator_name": "Regex",
              "filter_mode": 1,
              "field_operator": "Or",
              "values": [
                "^--post-file="
              ]
            }
          ]
        }
      ],
      "group_by_fields": [
        16
      ]
    }
  ]
}