{
  "name": "Linux Capabilities Discovery",
  "short_desc": "Detects attempts to discover the files with setuid/setgid capability on them. That would allow adversary to escalate their privileges.",
  "long_desc": "Detects attempts to discover the files with setuid/setgid capability on them. That would allow adversary to escalate their privileges.\n\nMITRE ATT&CK:\n  Tactics: Collection, Privilege Escalation\n  Techniques: T1123, T1548\n\nReferences:\n  - https://man7.org/linux/man-pages/man8/getcap.8.html\n  - https://www.hackingarticles.in/linux-privilege-escalation-using-capabilities/\n  - https://mn3m.info/posts/suid-vs-capabilities/\n  - https://int0x33.medium.com/day-44-linux-capabilities-privilege-escalation-via-openssl-with-selinux-enabled-and-enforced-74d2bec02099\n\nFalse Positives:\n  - Unknown\n\nAuthor: Pawel Mazur\nCreated: 2021-11-28\nModified: 2022-12-25",
  "risk_rating": 3,
  "alarm_enabled": true,
  "rule_enabled": false,
  "blocks": [
    {
      "block_type": "LogObservedRuleBlock",
      "msg_filters": [
        {
          "msg_filter_type": 1,
          "field_filters": [
            {
              "filter_type": 112,
              "filter_type_name": "Command",
              "operator": 0,
              "operator_name": "Value",
              "filter_mode": 1,
              "field_operator": "And",
              "values": [
                "EXECVE"
              ]
            },
            {
              "filter_type": 112,
              "filter_type_name": "Command",
              "operator": 0,
              "operator_name": "Value",
              "filter_mode": 1,
              "field_operator": "Or",
              "values": [
                "getcap"
              ]
            },
            {
              "filter_type": 112,
              "filter_type_name": "Command",
              "operator": 0,
              "operator_name": "Value",
              "filter_mode": 1,
              "field_operator": "Or",
              "values": [
                "-r"
              ]
            },
            {
              "filter_type": 112,
              "filter_type_name": "Command",
              "operator": 0,
              "operator_name": "Value",
              "filter_mode": 1,
              "field_operator": "Or",
              "values": [
                "/"
              ]
            }
          ]
        }
      ],
      "group_by_fields": [
        16
      ]
    }
  ]
}