{
  "name": "System Owner or User Discovery - Linux",
  "short_desc": "Detects the execution of host or user discovery utilities such as \"whoami\", \"hostname\", \"id\", etc.\nAdversaries may use the information from System Owner/User Discovery during automated discovery to shape follow-on behaviors, including whether or not the a",
  "long_desc": "Detects the execution of host or user discovery utilities such as \"whoami\", \"hostname\", \"id\", etc.\nAdversaries may use the information from System Owner/User Discovery during automated discovery to shape follow-on behaviors, including whether or not the adversary fully infects the target and/or attempts specific actions.\n\n\nMITRE ATT&CK:\n  Tactics: Discovery\n  Techniques: T1033\n\nReferences:\n  - https://github.com/redcanaryco/atomic-red-team/blob/f339e7da7d05f6057fdfcdd3742bfcf365fee2a9/atomics/T1033/T1033.md\n\nFalse Positives:\n  - Admin activity\n\nAuthor: Timur Zinniatullin, oscd.community\nCreated: 2019-10-21\nModified: 2025-06-04",
  "risk_rating": 3,
  "alarm_enabled": true,
  "rule_enabled": false,
  "blocks": [
    {
      "block_type": "LogObservedRuleBlock",
      "msg_filters": [
        {
          "msg_filter_type": 1,
          "field_filters": [
            {
              "filter_type": 112,
              "filter_type_name": "Command",
              "operator": 0,
              "operator_name": "Value",
              "filter_mode": 1,
              "field_operator": "And",
              "values": [
                "EXECVE"
              ]
            },
            {
              "filter_type": 112,
              "filter_type_name": "Command",
              "operator": 0,
              "operator_name": "Value",
              "filter_mode": 1,
              "field_operator": "Or",
              "values": [
                "hostname",
                "id",
                "last",
                "uname",
                "users",
                "w",
                "who",
                "whoami"
              ]
            }
          ]
        }
      ],
      "group_by_fields": [
        16
      ]
    }
  ]
}