{
  "name": "Disable System Firewall",
  "short_desc": "Detects disabling of system firewalls which could be used by adversaries to bypass controls that limit usage of the network.",
  "long_desc": "Detects disabling of system firewalls which could be used by adversaries to bypass controls that limit usage of the network.\n\nMITRE ATT&CK:\n  Tactics: Defense Evasion\n  Techniques: T1562.004\n\nReferences:\n  - https://github.com/redcanaryco/atomic-red-team/blob/f339e7da7d05f6057fdfcdd3742bfcf365fee2a9/atomics/T1562.004/T1562.004.md\n  - https://firewalld.org/documentation/man-pages/firewall-cmd.html\n\nFalse Positives:\n  - Admin activity\n\nAuthor: Pawel Mazur\nCreated: 2022-01-22",
  "risk_rating": 7,
  "alarm_enabled": true,
  "rule_enabled": false,
  "blocks": [
    {
      "block_type": "LogObservedRuleBlock",
      "msg_filters": [
        {
          "msg_filter_type": 1,
          "field_filters": [
            {
              "filter_type": 112,
              "filter_type_name": "Command",
              "operator": 0,
              "operator_name": "Value",
              "filter_mode": 1,
              "field_operator": "And",
              "values": [
                "SERVICE_STOP"
              ]
            },
            {
              "filter_type": 112,
              "filter_type_name": "Command",
              "operator": 0,
              "operator_name": "Value",
              "filter_mode": 1,
              "field_operator": "Or",
              "values": [
                "firewalld",
                "iptables",
                "ufw"
              ]
            }
          ]
        }
      ],
      "group_by_fields": [
        16
      ]
    }
  ]
}