{
  "name": "Steganography Extract Files with Steghide",
  "short_desc": "Detects extraction of files with usage of steghide binary, the adversaries may use this technique to prevent the detection of hidden information.",
  "long_desc": "Detects extraction of files with usage of steghide binary, the adversaries may use this technique to prevent the detection of hidden information.\n\nMITRE ATT&CK:\n  Tactics: Defense Evasion\n  Techniques: T1027.003\n\nReferences:\n  - https://vitux.com/how-to-hide-confidential-files-in-images-on-debian-using-steganography/\n\nFalse Positives:\n  - Unknown\n\nAuthor: Pawel Mazur\nCreated: 2021-09-11\nModified: 2022-10-09",
  "risk_rating": 3,
  "alarm_enabled": true,
  "rule_enabled": false,
  "blocks": [
    {
      "block_type": "LogObservedRuleBlock",
      "msg_filters": [
        {
          "msg_filter_type": 1,
          "field_filters": [
            {
              "filter_type": 112,
              "filter_type_name": "Command",
              "operator": 0,
              "operator_name": "Value",
              "filter_mode": 1,
              "field_operator": "And",
              "values": [
                "EXECVE"
              ]
            },
            {
              "filter_type": 112,
              "filter_type_name": "Command",
              "operator": 0,
              "operator_name": "Value",
              "filter_mode": 1,
              "field_operator": "Or",
              "values": [
                "steghide"
              ]
            },
            {
              "filter_type": 112,
              "filter_type_name": "Command",
              "operator": 0,
              "operator_name": "Value",
              "filter_mode": 1,
              "field_operator": "Or",
              "values": [
                "extract"
              ]
            },
            {
              "filter_type": 112,
              "filter_type_name": "Command",
              "operator": 0,
              "operator_name": "Value",
              "filter_mode": 1,
              "field_operator": "Or",
              "values": [
                "-sf"
              ]
            },
            {
              "filter_type": 112,
              "filter_type_name": "Command",
              "operator": 2,
              "operator_name": "Regex",
              "filter_mode": 1,
              "field_operator": "Or",
              "values": [
                "\\\\.jpg$",
                "\\\\.png$"
              ]
            }
          ]
        }
      ],
      "group_by_fields": [
        16
      ]
    }
  ]
}