{
  "name": "Unix Shell Configuration Modification",
  "short_desc": "Detect unix shell configuration modification. Adversaries may establish persistence through executing malicious commands triggered when a new shell is opened.",
  "long_desc": "Detect unix shell configuration modification. Adversaries may establish persistence through executing malicious commands triggered when a new shell is opened.\n\nMITRE ATT&CK:\n  Tactics: Persistence\n  Techniques: T1546.004\n\nReferences:\n  - https://objective-see.org/blog/blog_0x68.html\n  - https://web.archive.org/web/20221204161143/https://www.glitch-cat.com/p/green-lambert-and-attack\n  - https://www.anomali.com/blog/pulling-linux-rabbit-rabbot-malware-out-of-a-hat\n\nFalse Positives:\n  - Admin or User activity are expected to generate some false positives\n\nAuthor: Peter Matkovski, IAI\nCreated: 2023-03-06\nModified: 2023-03-15",
  "risk_rating": 5,
  "alarm_enabled": true,
  "rule_enabled": false,
  "blocks": [
    {
      "block_type": "LogObservedRuleBlock",
      "msg_filters": [
        {
          "msg_filter_type": 1,
          "field_filters": [
            {
              "filter_type": 112,
              "filter_type_name": "Command",
              "operator": 0,
              "operator_name": "Value",
              "filter_mode": 1,
              "field_operator": "And",
              "values": [
                "PATH"
              ]
            },
            {
              "filter_type": 112,
              "filter_type_name": "Command",
              "operator": 0,
              "operator_name": "Value",
              "filter_mode": 1,
              "field_operator": "Or",
              "values": [
                "/etc/shells",
                "/etc/profile",
                "/etc/profile\\\\.d/.*",
                "/etc/bash.bashrc",
                "/etc/bashrc",
                "/etc/zsh/zprofile",
                "/etc/zsh/zshrc",
                "/etc/zsh/zlogin",
                "/etc/zsh/zlogout",
                "/etc/csh.cshrc",
                "/etc/csh.login",
                "/root/.bashrc",
                "/root/.bash_profile",
                "/root/.profile",
                "/root/.zshrc",
                "/root/.zprofile",
                "/home/.*/\\\\.bashrc",
                "/home/.*/\\\\.zshrc",
                "/home/.*/\\\\.bash_profile",
                "/home/.*/\\\\.zprofile",
                "/home/.*/\\\\.profile",
                "/home/.*/\\\\.bash_login",
                "/home/.*/\\\\.bash_logout",
                "/home/.*/\\\\.zlogin",
                "/home/.*/\\\\.zlogout"
              ]
            }
          ]
        }
      ],
      "group_by_fields": [
        16
      ]
    }
  ]
}