{
  "name": "Hidden Files and Directories",
  "short_desc": "Detects adversary creating hidden file or directory, by detecting directories or files with . as the first character",
  "long_desc": "Detects adversary creating hidden file or directory, by detecting directories or files with . as the first character\n\nMITRE ATT&CK:\n  Tactics: Defense Evasion\n  Techniques: T1564.001\n\nReferences:\n  - https://github.com/redcanaryco/atomic-red-team/blob/f339e7da7d05f6057fdfcdd3742bfcf365fee2a9/atomics/T1564.001/T1564.001.md\n\nFalse Positives:\n  - Unknown\n\nAuthor: Pawel Mazur\nCreated: 2021-09-06\nModified: 2025-06-16",
  "risk_rating": 3,
  "alarm_enabled": true,
  "rule_enabled": false,
  "blocks": [
    {
      "block_type": "LogObservedRuleBlock",
      "msg_filters": [
        {
          "msg_filter_type": 1,
          "field_filters": [
            {
              "filter_type": 112,
              "filter_type_name": "Command",
              "operator": 0,
              "operator_name": "Value",
              "filter_mode": 1,
              "field_operator": "And",
              "values": [
                "EXECVE"
              ]
            },
            {
              "filter_type": 112,
              "filter_type_name": "Command",
              "operator": 0,
              "operator_name": "Value",
              "filter_mode": 1,
              "field_operator": "And",
              "values": [
                "mkdir",
                "nano",
                "touch",
                "vi",
                "vim"
              ]
            }
          ]
        },
        {
          "msg_filter_type": 1,
          "field_filters": [
            {
              "filter_type": 112,
              "filter_type_name": "Command",
              "operator": 2,
              "operator_name": "Regex",
              "filter_mode": 1,
              "field_operator": "And",
              "values": [
                "(^|\\/)\\.[^.\\/]"
              ]
            },
            {
              "filter_type": 112,
              "filter_type_name": "Command",
              "operator": 2,
              "operator_name": "Regex",
              "filter_mode": 1,
              "field_operator": "And",
              "values": [
                "(^|\\/)\\.[^.\\/]"
              ]
            }
          ]
        }
      ],
      "group_by_fields": [
        16
      ]
    }
  ]
}