{
  "name": "Linux Network Service Scanning - Auditd",
  "short_desc": "Detects enumeration of local or remote network services.",
  "long_desc": "Detects enumeration of local or remote network services.\n\nMITRE ATT&CK:\n  Tactics: Discovery\n  Techniques: T1046\n\nReferences:\n  - https://github.com/redcanaryco/atomic-red-team/blob/f339e7da7d05f6057fdfcdd3742bfcf365fee2a9/atomics/T1046/T1046.md\n\nFalse Positives:\n  - Legitimate administration activities\n\nAuthor: Alejandro Ortuno, oscd.community\nCreated: 2020-10-21\nModified: 2023-09-26",
  "risk_rating": 3,
  "alarm_enabled": true,
  "rule_enabled": false,
  "blocks": [
    {
      "block_type": "LogObservedRuleBlock",
      "msg_filters": [
        {
          "msg_filter_type": 1,
          "field_filters": [
            {
              "filter_type": 112,
              "filter_type_name": "Command",
              "operator": 0,
              "operator_name": "Value",
              "filter_mode": 1,
              "field_operator": "And",
              "values": [
                "SYSCALL"
              ]
            },
            {
              "filter_type": 112,
              "filter_type_name": "Command",
              "operator": 2,
              "operator_name": "Regex",
              "filter_mode": 1,
              "field_operator": "Or",
              "values": [
                "/telnet$",
                "/nmap$",
                "/netcat$",
                "/nc$",
                "/ncat$",
                "/nc\\\\.openbsd$"
              ]
            },
            {
              "filter_type": 112,
              "filter_type_name": "Command",
              "operator": 0,
              "operator_name": "Value",
              "filter_mode": 1,
              "field_operator": "Or",
              "values": [
                "network_connect_4"
              ]
            }
          ]
        }
      ],
      "group_by_fields": [
        16
      ]
    }
  ]
}