{
  "name": "Service Reload or Start - Linux",
  "short_desc": "Detects the start, reload or restart of a service.",
  "long_desc": "Detects the start, reload or restart of a service.\n\nMITRE ATT&CK:\n  Tactics: Persistence\n  Techniques: T1543.002\n\nReferences:\n  - https://github.com/redcanaryco/atomic-red-team/blob/f339e7da7d05f6057fdfcdd3742bfcf365fee2a9/atomics/T1543.002/T1543.002.md\n\nFalse Positives:\n  - Installation of legitimate service.\n  - Legitimate reconfiguration of service.\n  - Command line contains daemon-reload.\n\nAuthor: Jakob Weinzettl, oscd.community, CheraghiMilad\nCreated: 2019-09-23\nModified: 2025-03-03",
  "risk_rating": 3,
  "alarm_enabled": true,
  "rule_enabled": false,
  "blocks": [
    {
      "block_type": "LogObservedRuleBlock",
      "msg_filters": [
        {
          "msg_filter_type": 1,
          "field_filters": [
            {
              "filter_type": 112,
              "filter_type_name": "Command",
              "operator": 0,
              "operator_name": "Value",
              "filter_mode": 1,
              "field_operator": "And",
              "values": [
                "EXECVE"
              ]
            },
            {
              "filter_type": 112,
              "filter_type_name": "Command",
              "operator": 2,
              "operator_name": "Regex",
              "filter_mode": 1,
              "field_operator": "Or",
              "values": [
                "systemctl",
                "service"
              ]
            },
            {
              "filter_type": 112,
              "filter_type_name": "Command",
              "operator": 2,
              "operator_name": "Regex",
              "filter_mode": 1,
              "field_operator": "Or",
              "values": [
                "reload",
                "start"
              ]
            }
          ]
        }
      ],
      "group_by_fields": [
        16
      ]
    }
  ]
}