{
  "name": "Linux Keylogging with Pam.d",
  "short_desc": "Detect attempt to enable auditing of TTY input",
  "long_desc": "Detect attempt to enable auditing of TTY input\n\nMITRE ATT&CK:\n  Tactics: Credential Access\n  Techniques: T1003, T1056.001\n\nReferences:\n  - https://github.com/redcanaryco/atomic-red-team/blob/f339e7da7d05f6057fdfcdd3742bfcf365fee2a9/atomics/T1056.001/T1056.001.md\n  - https://linux.die.net/man/8/pam_tty_audit\n  - https://access.redhat.com/documentation/en-us/red_hat_enterprise_linux/6/html/security_guide/sec-configuring_pam_for_auditing\n  - https://access.redhat.com/articles/4409591#audit-record-types-2\n\nFalse Positives:\n  - Administrative work\n\nAuthor: Pawel Mazur\nCreated: 2021-05-24\nModified: 2022-12-18",
  "risk_rating": 7,
  "alarm_enabled": true,
  "rule_enabled": false,
  "blocks": [
    {
      "block_type": "LogObservedRuleBlock",
      "msg_filters": [
        {
          "msg_filter_type": 1,
          "field_filters": [
            {
              "filter_type": 112,
              "filter_type_name": "Command",
              "operator": 0,
              "operator_name": "Value",
              "filter_mode": 1,
              "field_operator": "And",
              "values": [
                "PATH"
              ]
            },
            {
              "filter_type": 112,
              "filter_type_name": "Command",
              "operator": 0,
              "operator_name": "Value",
              "filter_mode": 1,
              "field_operator": "Or",
              "values": [
                "/etc/pam.d/system-auth",
                "/etc/pam.d/password-auth"
              ]
            },
            {
              "filter_type": 112,
              "filter_type_name": "Command",
              "operator": 0,
              "operator_name": "Value",
              "filter_mode": 1,
              "field_operator": "Or",
              "values": [
                "TTY",
                "USER_TTY"
              ]
            }
          ]
        }
      ],
      "group_by_fields": [
        16
      ]
    }
  ]
}