{
  "name": "System Shutdown/Reboot - Linux",
  "short_desc": "Adversaries may shutdown/reboot systems to interrupt access to, or aid in the destruction of, those systems.",
  "long_desc": "Adversaries may shutdown/reboot systems to interrupt access to, or aid in the destruction of, those systems.\n\nMITRE ATT&CK:\n  Tactics: Impact\n  Techniques: T1529\n\nReferences:\n  - https://github.com/redcanaryco/atomic-red-team/blob/f339e7da7d05f6057fdfcdd3742bfcf365fee2a9/atomics/T1529/T1529.md\n\nFalse Positives:\n  - Legitimate administrative activity\n\nAuthor: Igor Fits, oscd.community\nCreated: 2020-10-15\nModified: 2022-11-26",
  "risk_rating": 1,
  "alarm_enabled": true,
  "rule_enabled": false,
  "blocks": [
    {
      "block_type": "LogObservedRuleBlock",
      "msg_filters": [
        {
          "msg_filter_type": 1,
          "field_filters": [
            {
              "filter_type": 112,
              "filter_type_name": "Command",
              "operator": 0,
              "operator_name": "Value",
              "filter_mode": 1,
              "field_operator": "And",
              "values": [
                "EXECVE"
              ]
            }
          ]
        }
      ],
      "group_by_fields": [
        16
      ]
    }
  ]
}