{
  "name": "Binary Padding - Linux",
  "short_desc": "Adversaries may use binary padding to add junk data and change the on-disk representation of malware.\nThis rule detect using dd and truncate to add a junk data to file.\n",
  "long_desc": "Adversaries may use binary padding to add junk data and change the on-disk representation of malware.\nThis rule detect using dd and truncate to add a junk data to file.\n\n\nMITRE ATT&CK:\n  Tactics: Defense Evasion\n  Techniques: T1027.001\n\nReferences:\n  - https://github.com/redcanaryco/atomic-red-team/blob/f339e7da7d05f6057fdfcdd3742bfcf365fee2a9/atomics/T1027.001/T1027.001.md\n\nFalse Positives:\n  - Unknown\n\nAuthor: Igor Fits, oscd.community\nCreated: 2020-10-13\nModified: 2023-05-03",
  "risk_rating": 7,
  "alarm_enabled": true,
  "rule_enabled": false,
  "blocks": [
    {
      "block_type": "LogObservedRuleBlock",
      "msg_filters": [
        {
          "msg_filter_type": 1,
          "field_filters": [
            {
              "filter_type": 112,
              "filter_type_name": "Command",
              "operator": 0,
              "operator_name": "Value",
              "filter_mode": 1,
              "field_operator": "And",
              "values": [
                "EXECVE"
              ]
            },
            {
              "filter_type": 112,
              "filter_type_name": "Command",
              "operator": 2,
              "operator_name": "Regex",
              "filter_mode": 1,
              "field_operator": "Or",
              "values": [
                "truncate",
                "-s"
              ]
            },
            {
              "filter_type": 112,
              "filter_type_name": "Command",
              "operator": 2,
              "operator_name": "Regex",
              "filter_mode": 1,
              "field_operator": "Or",
              "values": [
                "dd",
                "if="
              ]
            }
          ]
        }
      ],
      "group_by_fields": [
        16
      ]
    }
  ]
}