{
  "name": "Masquerading as Linux Crond Process",
  "short_desc": "Masquerading occurs when the name or location of an executable, legitimate or malicious, is manipulated or abused for the sake of evading defenses and observation.\nSeveral different variations of this technique have been observed.\n",
  "long_desc": "Masquerading occurs when the name or location of an executable, legitimate or malicious, is manipulated or abused for the sake of evading defenses and observation.\nSeveral different variations of this technique have been observed.\n\n\nMITRE ATT&CK:\n  Tactics: Defense Evasion\n  Techniques: T1036.003\n\nReferences:\n  - https://github.com/redcanaryco/atomic-red-team/blob/8a82e9b66a5b4f4bc5b91089e9f24e0544f20ad7/atomics/T1036.003/T1036.003.md#atomic-test-2---masquerading-as-linux-crond-process\n\nAuthor: Timur Zinniatullin, oscd.community\nCreated: 2019-10-21\nModified: 2023-08-22",
  "risk_rating": 5,
  "alarm_enabled": true,
  "rule_enabled": false,
  "blocks": [
    {
      "block_type": "LogObservedRuleBlock",
      "msg_filters": [
        {
          "msg_filter_type": 1,
          "field_filters": [
            {
              "filter_type": 112,
              "filter_type_name": "Command",
              "operator": 0,
              "operator_name": "Value",
              "filter_mode": 1,
              "field_operator": "And",
              "values": [
                "execve"
              ]
            },
            {
              "filter_type": 112,
              "filter_type_name": "Command",
              "operator": 0,
              "operator_name": "Value",
              "filter_mode": 1,
              "field_operator": "Or",
              "values": [
                "cp"
              ]
            },
            {
              "filter_type": 112,
              "filter_type_name": "Command",
              "operator": 0,
              "operator_name": "Value",
              "filter_mode": 1,
              "field_operator": "Or",
              "values": [
                "/bin/sh"
              ]
            },
            {
              "filter_type": 112,
              "filter_type_name": "Command",
              "operator": 2,
              "operator_name": "Regex",
              "filter_mode": 1,
              "field_operator": "Or",
              "values": [
                "/crond$"
              ]
            }
          ]
        }
      ],
      "group_by_fields": [
        16
      ]
    }
  ]
}