{
  "name": "File or Folder Permissions Change",
  "short_desc": "Detects file and folder permission changes.",
  "long_desc": "Detects file and folder permission changes.\n\nMITRE ATT&CK:\n  Tactics: Defense Evasion\n  Techniques: T1222.002\n\nReferences:\n  - https://github.com/redcanaryco/atomic-red-team/blob/f339e7da7d05f6057fdfcdd3742bfcf365fee2a9/atomics/T1222.002/T1222.002.md\n\nFalse Positives:\n  - User interacting with files permissions (normal/daily behaviour).\n\nAuthor: Jakob Weinzettl, oscd.community\nCreated: 2019-09-23\nModified: 2021-11-27",
  "risk_rating": 3,
  "alarm_enabled": true,
  "rule_enabled": false,
  "blocks": [
    {
      "block_type": "LogObservedRuleBlock",
      "msg_filters": [
        {
          "msg_filter_type": 1,
          "field_filters": [
            {
              "filter_type": 112,
              "filter_type_name": "Command",
              "operator": 0,
              "operator_name": "Value",
              "filter_mode": 1,
              "field_operator": "And",
              "values": [
                "EXECVE"
              ]
            },
            {
              "filter_type": 112,
              "filter_type_name": "Command",
              "operator": 2,
              "operator_name": "Regex",
              "filter_mode": 1,
              "field_operator": "Or",
              "values": [
                "chmod",
                "chown"
              ]
            }
          ]
        }
      ],
      "group_by_fields": [
        16
      ]
    }
  ]
}