{
  "name": "Screen Capture with Import Tool",
  "short_desc": "Detects adversary creating screen capture of a desktop with Import Tool.\nHighly recommended using rule on servers, due to high usage of screenshot utilities on user workstations.\nImageMagick must be installed.\n",
  "long_desc": "Detects adversary creating screen capture of a desktop with Import Tool.\nHighly recommended using rule on servers, due to high usage of screenshot utilities on user workstations.\nImageMagick must be installed.\n\n\nMITRE ATT&CK:\n  Tactics: Collection\n  Techniques: T1113\n\nReferences:\n  - https://github.com/redcanaryco/atomic-red-team/blob/f339e7da7d05f6057fdfcdd3742bfcf365fee2a9/atomics/T1113/T1113.md\n  - https://linux.die.net/man/1/import\n  - https://imagemagick.org/\n\nFalse Positives:\n  - Legitimate use of screenshot utility\n\nAuthor: Pawel Mazur\nCreated: 2021-09-21\nModified: 2022-10-09",
  "risk_rating": 3,
  "alarm_enabled": true,
  "rule_enabled": false,
  "blocks": [
    {
      "block_type": "LogObservedRuleBlock",
      "msg_filters": [
        {
          "msg_filter_type": 1,
          "field_filters": [
            {
              "filter_type": 112,
              "filter_type_name": "Command",
              "operator": 0,
              "operator_name": "Value",
              "filter_mode": 1,
              "field_operator": "And",
              "values": [
                "EXECVE"
              ]
            },
            {
              "filter_type": 112,
              "filter_type_name": "Command",
              "operator": 0,
              "operator_name": "Value",
              "filter_mode": 1,
              "field_operator": "Or",
              "values": [
                "import"
              ]
            },
            {
              "filter_type": 112,
              "filter_type_name": "Command",
              "operator": 0,
              "operator_name": "Value",
              "filter_mode": 1,
              "field_operator": "Or",
              "values": [
                "-window"
              ]
            },
            {
              "filter_type": 112,
              "filter_type_name": "Command",
              "operator": 0,
              "operator_name": "Value",
              "filter_mode": 1,
              "field_operator": "Or",
              "values": [
                "root"
              ]
            },
            {
              "filter_type": 112,
              "filter_type_name": "Command",
              "operator": 2,
              "operator_name": "Regex",
              "filter_mode": 1,
              "field_operator": "Or",
              "values": [
                "\\\\.png$",
                "\\\\.jpg$",
                "\\\\.jpeg$"
              ]
            },
            {
              "filter_type": 112,
              "filter_type_name": "Command",
              "operator": 2,
              "operator_name": "Regex",
              "filter_mode": 1,
              "field_operator": "Or",
              "values": [
                "\\\\.png$",
                "\\\\.jpg$",
                "\\\\.jpeg$"
              ]
            }
          ]
        }
      ],
      "group_by_fields": [
        16
      ]
    }
  ]
}