{
  "name": "Suspicious Named Error",
  "short_desc": "Detects suspicious DNS error messages that indicate a fatal or suspicious error that could be caused by exploiting attempts",
  "long_desc": "Detects suspicious DNS error messages that indicate a fatal or suspicious error that could be caused by exploiting attempts\n\nMITRE ATT&CK:\n  Tactics: Initial Access\n  Techniques: T1190\n\nReferences:\n  - https://github.com/ossec/ossec-hids/blob/1ecffb1b884607cb12e619f9ab3c04f530801083/etc/rules/named_rules.xml\n\nFalse Positives:\n  - Unknown\n\nAuthor: Florian Roth (Nextron Systems)\nCreated: 2018-02-20\nModified: 2022-10-05",
  "risk_rating": 7,
  "alarm_enabled": true,
  "rule_enabled": false,
  "blocks": [
    {
      "block_type": "LogObservedRuleBlock",
      "msg_filters": [],
      "group_by_fields": [
        16
      ]
    }
  ]
}