{
  "name": "Disabling Security Tools - Builtin",
  "short_desc": "Detects disabling security tools",
  "long_desc": "Detects disabling security tools\n\nMITRE ATT&CK:\n  Tactics: Defense Evasion\n  Techniques: T1562.004\n\nReferences:\n  - https://github.com/redcanaryco/atomic-red-team/blob/f339e7da7d05f6057fdfcdd3742bfcf365fee2a9/atomics/T1562.004/T1562.004.md\n\nFalse Positives:\n  - Legitimate administration activities\n\nAuthor: \u00d6mer G\u00fcnal, Alejandro Ortuno, oscd.community\nCreated: 2020-06-17\nModified: 2022-11-26",
  "risk_rating": 5,
  "alarm_enabled": true,
  "rule_enabled": false,
  "blocks": [
    {
      "block_type": "LogObservedRuleBlock",
      "msg_filters": [],
      "group_by_fields": [
        16
      ]
    }
  ]
}