{
  "name": "Sudo Privilege Escalation CVE-2019-14287 - Builtin",
  "short_desc": "Detects users trying to exploit sudo vulnerability reported in CVE-2019-14287",
  "long_desc": "Detects users trying to exploit sudo vulnerability reported in CVE-2019-14287\n\nMITRE ATT&CK:\n  Tactics: Privilege Escalation\n  Techniques: T1068, T1548.003\n\nReferences:\n  - https://www.openwall.com/lists/oss-security/2019/10/14/1\n  - https://access.redhat.com/security/cve/cve-2019-14287\n  - https://twitter.com/matthieugarin/status/1183970598210412546\n\nFalse Positives:\n  - Unlikely\n\nAuthor: Florian Roth (Nextron Systems)\nCreated: 2019-10-15\nModified: 2022-11-26",
  "risk_rating": 9,
  "alarm_enabled": true,
  "rule_enabled": false,
  "blocks": [
    {
      "block_type": "LogObservedRuleBlock",
      "msg_filters": [
        {
          "msg_filter_type": 1,
          "field_filters": [
            {
              "filter_type": 112,
              "filter_type_name": "Command",
              "operator": 0,
              "operator_name": "Value",
              "filter_mode": 1,
              "field_operator": "And",
              "values": [
                "#-.*",
                "#.*4294967295"
              ]
            }
          ]
        }
      ],
      "group_by_fields": [
        16
      ]
    }
  ]
}